split,tier,reference,metric,systems,mean_difference,median_difference,lower_fraction,equal_fraction,ci95_low,ci95_high
truth90_validation,all,Linear,Dyn.contacts.all_residues.brier,90,-0.020421021342436854,-0.01033081236816381,0.8555555555555555,0.011111111111111112,-0.026138949492279052,-0.01508648205896446
truth90_validation,all,NeuralMD,Dyn.contacts.all_residues.brier,90,0.003661275328876221,0.0016127637495676242,0.2111111111111111,0.022222222222222223,0.0021229383301338586,0.005582987099767562
truth90_validation,all,Linear,Dyn.contacts.all_residues.distance_w1_angstrom,90,-1.6724928536230534,-0.8033059426650255,0.8777777777777778,0.0,-2.177483411604816,-1.254371308292166
truth90_validation,all,NeuralMD,Dyn.contacts.all_residues.distance_w1_angstrom,90,-0.012841336858353923,0.0005654935445386089,0.5,0.0,-0.0725077900981381,0.04324576955902547
truth90_validation,all,Linear,Dyn.contacts.all_residues.joint_occurrence_mae_lag_160.0ps,90,-0.020504118061270935,-0.010882585882585883,0.8666666666666667,0.0,-0.026124906537969363,-0.015619961521881533
truth90_validation,all,NeuralMD,Dyn.contacts.all_residues.joint_occurrence_mae_lag_160.0ps,90,0.001041108370834225,0.00013137263676222692,0.4444444444444444,0.03333333333333333,-0.0005656802837113157,0.00285704332596548
truth90_validation,all,Linear,Dyn.contacts.all_residues.joint_occurrence_mae_lag_320.0ps,90,-0.01941941181495959,-0.010382664931375534,0.8555555555555555,0.0,-0.024504565807482254,-0.01464007081786681
truth90_validation,all,NeuralMD,Dyn.contacts.all_residues.joint_occurrence_mae_lag_320.0ps,90,0.0008560945578341252,0.00018496952927990994,0.4222222222222222,0.011111111111111112,-0.0006575995057800649,0.002529476124838942
truth90_validation,all,Linear,Dyn.contacts.all_residues.joint_occurrence_mae_lag_640.0ps,90,-0.0175182716999926,-0.009477435181660533,0.8444444444444444,0.044444444444444446,-0.022355092764111004,-0.012890768892376656
truth90_validation,all,NeuralMD,Dyn.contacts.all_residues.joint_occurrence_mae_lag_640.0ps,90,0.0006279213722918634,0.0,0.45555555555555555,0.12222222222222222,-0.0009147409729179503,0.002373209120561674
truth90_validation,all,Linear,Dyn.contacts.all_residues.joint_occurrence_mae_lag_80.0ps,90,-0.021210178061191683,-0.01132578537641829,0.8444444444444444,0.011111111111111112,-0.026729128024605062,-0.016277417449148304
truth90_validation,all,NeuralMD,Dyn.contacts.all_residues.joint_occurrence_mae_lag_80.0ps,90,0.0007838125705635935,0.00011025625891354445,0.45555555555555555,0.03333333333333333,-0.0008207500490461287,0.002620312496093724
truth90_validation,all,Linear,Dyn.contacts.all_residues.predicted_contact_fraction,90,-0.012735975183259482,-0.0057818215262644655,0.7777777777777778,0.0,-0.01785552054986948,-0.008349448912256462
truth90_validation,all,NeuralMD,Dyn.contacts.all_residues.predicted_contact_fraction,90,-0.0019368732590111148,-0.0007379219879219872,0.6111111111111112,0.044444444444444446,-0.0034457694364896136,-0.0006210428599312627
truth90_validation,all,Linear,Dyn.contacts.all_residues.residues,90,0.0,0.0,0.0,1.0,0.0,0.0
truth90_validation,all,NeuralMD,Dyn.contacts.all_residues.residues,90,0.0,0.0,0.0,1.0,0.0,0.0
truth90_validation,all,Linear,Dyn.contacts.all_residues.true_contact_fraction,90,0.0,0.0,0.0,1.0,0.0,0.0
truth90_validation,all,NeuralMD,Dyn.contacts.all_residues.true_contact_fraction,90,0.0,0.0,0.0,1.0,0.0,0.0
truth90_validation,all,Linear,Dyn.contacts.initial_contact_residues,90,0.0,0.0,0.0,1.0,0.0,0.0
truth90_validation,all,NeuralMD,Dyn.contacts.initial_contact_residues,90,0.0,0.0,0.0,1.0,0.0,0.0
truth90_validation,all,Linear,Dyn.contacts.observed_pocket.brier,90,-0.09831433967099804,-0.0914285714285714,0.7555555555555555,0.022222222222222223,-0.12685291165616608,-0.07156216457670037
truth90_validation,all,NeuralMD,Dyn.contacts.observed_pocket.brier,90,0.035397225823437364,0.032647515527950303,0.2222222222222222,0.022222222222222223,0.02394115373741317,0.046885131078847606
truth90_validation,all,Linear,Dyn.contacts.observed_pocket.distance_w1_angstrom,90,-1.0111069691291712,-0.531742410046387,0.8777777777777778,0.0,-1.3608583461127741,-0.7189550762218964
truth90_validation,all,NeuralMD,Dyn.contacts.observed_pocket.distance_w1_angstrom,90,-0.015331028049002436,0.0033805534122445247,0.4888888888888889,0.0,-0.0576974830720276,0.028773453491039713
truth90_validation,all,Linear,Dyn.contacts.observed_pocket.joint_occurrence_mae_lag_160.0ps,90,-0.11755599232801078,-0.10774318274318274,0.8,0.0,-0.14590587278385989,-0.09084639713999453
truth90_validation,all,NeuralMD,Dyn.contacts.observed_pocket.joint_occurrence_mae_lag_160.0ps,90,0.0003808379435093749,0.004893543956043942,0.4444444444444444,0.03333333333333333,-0.015298751340676108,0.01648451690600586
truth90_validation,all,Linear,Dyn.contacts.observed_pocket.joint_occurrence_mae_lag_320.0ps,90,-0.11907441763679497,-0.11306818181818182,0.8,0.011111111111111112,-0.14831358132993563,-0.08946876923051682
truth90_validation,all,NeuralMD,Dyn.contacts.observed_pocket.joint_occurrence_mae_lag_320.0ps,90,0.0007405722178711228,0.004315476190476193,0.4222222222222222,0.022222222222222223,-0.014755079931898736,0.017078395449880112
truth90_validation,all,Linear,Dyn.contacts.observed_pocket.joint_occurrence_mae_lag_640.0ps,90,-0.12264165624044969,-0.11111111111111112,0.8222222222222222,0.044444444444444446,-0.15292225890570302,-0.0922403753248665
truth90_validation,all,NeuralMD,Dyn.contacts.observed_pocket.joint_occurrence_mae_lag_640.0ps,90,-0.0013126807674566623,0.0,0.45555555555555555,0.12222222222222222,-0.01826327293970216,0.015301013046941852
truth90_validation,all,Linear,Dyn.contacts.observed_pocket.joint_occurrence_mae_lag_80.0ps,90,-0.1160130568244105,-0.10368949436008179,0.7666666666666667,0.011111111111111112,-0.144617482646741,-0.08851111615909639
truth90_validation,all,NeuralMD,Dyn.contacts.observed_pocket.joint_occurrence_mae_lag_80.0ps,90,-0.001007972642284595,0.0013562386980108462,0.45555555555555555,0.044444444444444446,-0.01678301808024564,0.01464343579009197
truth90_validation,all,Linear,Dyn.contacts.observed_pocket.predicted_contact_fraction,90,0.035292481191428964,0.02049019607843139,0.45555555555555555,0.0,0.001535726572175057,0.06959215561575578
truth90_validation,all,NeuralMD,Dyn.contacts.observed_pocket.predicted_contact_fraction,90,-0.02882089988597162,-0.023958333333333304,0.6777777777777778,0.022222222222222223,-0.043364088791406546,-0.014227600282539492
truth90_validation,all,Linear,Dyn.contacts.observed_pocket.residues,90,0.0,0.0,0.0,1.0,0.0,0.0
truth90_validation,all,NeuralMD,Dyn.contacts.observed_pocket.residues,90,0.0,0.0,0.0,1.0,0.0,0.0
truth90_validation,all,Linear,Dyn.contacts.observed_pocket.true_contact_fraction,90,0.0,0.0,0.0,1.0,0.0,0.0
truth90_validation,all,NeuralMD,Dyn.contacts.observed_pocket.true_contact_fraction,90,0.0,0.0,0.0,1.0,0.0,0.0
truth90_validation,all,Linear,Dyn.contacts.retention.generated_right_censored_fraction,90,-0.028991145798757854,0.0,0.45555555555555555,0.15555555555555556,-0.09448409718551086,0.03745775132536193
truth90_validation,all,NeuralMD,Dyn.contacts.retention.generated_right_censored_fraction,90,-0.405085300674209,-0.375,0.9666666666666667,0.03333333333333333,-0.45276921796771935,-0.3605871812100233
truth90_validation,all,Linear,Dyn.contacts.retention.generated_span_ps,90,-57.73239614465891,-104.28571428571428,0.6666666666666666,0.044444444444444446,-291.997915092864,180.26566161176953
truth90_validation,all,NeuralMD,Dyn.contacts.retention.generated_span_ps,90,-1123.2785101620252,-382.8888888888889,0.9666666666666667,0.03333333333333333,-1431.4321627749691,-841.3489346483242
truth90_validation,all,Linear,Dyn.contacts.retention.span_mae_ps,90,-357.96894028947247,-45.07936507936509,0.6333333333333333,0.044444444444444446,-516.5672082962664,-199.52829210722885
truth90_validation,all,NeuralMD,Dyn.contacts.retention.span_mae_ps,90,-385.9530522199119,-45.94871794871794,0.6,0.03333333333333333,-577.7872403620768,-214.1775561061974
truth90_validation,all,Linear,Dyn.contacts.retention.true_right_censored_fraction,90,0.0,0.0,0.0,1.0,0.0,0.0
truth90_validation,all,NeuralMD,Dyn.contacts.retention.true_right_censored_fraction,90,0.0,0.0,0.0,1.0,0.0,0.0
truth90_validation,all,Linear,Dyn.contacts.retention.true_span_ps,90,0.0,0.0,0.0,1.0,0.0,0.0
truth90_validation,all,NeuralMD,Dyn.contacts.retention.true_span_ps,90,0.0,0.0,0.0,1.0,0.0,0.0
truth90_validation,all,Linear,Dyn.correlations.160.0ps.absolute_error,90,-0.8693995842003406,-0.8994273944716471,1.0,0.0,-0.9011486370444994,-0.8374888128961636
truth90_validation,all,NeuralMD,Dyn.correlations.160.0ps.absolute_error,90,-0.8692346246328978,-0.8990873688665533,1.0,0.0,-0.9005346609241374,-0.8363208248839344
truth90_validation,all,Linear,Dyn.correlations.160.0ps.predicted,90,-0.9821387132640997,-0.9665148835770112,1.0,0.0,-1.0093958463303445,-0.9557003168907846
truth90_validation,all,NeuralMD,Dyn.correlations.160.0ps.predicted,90,-0.981973753696657,-0.9663782383990933,1.0,0.0,-1.0092617165295836,-0.9551178630052568
truth90_validation,all,Linear,Dyn.correlations.160.0ps.truth,90,0.0,0.0,0.0,1.0,0.0,0.0
truth90_validation,all,NeuralMD,Dyn.correlations.160.0ps.truth,90,0.0,0.0,0.0,1.0,0.0,0.0
truth90_validation,all,Linear,Dyn.correlations.320.0ps.absolute_error,90,-0.841754289974899,-0.8766396007832856,1.0,0.0,-0.8749883381123366,-0.8053434299070604
truth90_validation,all,NeuralMD,Dyn.correlations.320.0ps.absolute_error,90,-0.841485984340316,-0.8761710721486248,1.0,0.0,-0.8757536875805945,-0.8056008242526036
truth90_validation,all,Linear,Dyn.correlations.320.0ps.predicted,90,-0.9447400664267358,-0.9579342637443429,1.0,0.0,-0.9751168267835777,-0.9128573218503226
truth90_validation,all,NeuralMD,Dyn.correlations.320.0ps.predicted,90,-0.9444717607921528,-0.9575987497402607,1.0,0.0,-0.9744158777978524,-0.9144757506595567
truth90_validation,all,Linear,Dyn.correlations.320.0ps.truth,90,0.0,0.0,0.0,1.0,0.0,0.0
truth90_validation,all,NeuralMD,Dyn.correlations.320.0ps.truth,90,0.0,0.0,0.0,1.0,0.0,0.0
truth90_validation,all,Linear,Dyn.correlations.640.0ps.absolute_error,90,-0.8176705199353619,-0.8933565677228087,1.0,0.0,-0.8632223961549997,-0.7685529861133643
truth90_validation,all,NeuralMD,Dyn.correlations.640.0ps.absolute_error,90,-0.8171637164000634,-0.8933319273560384,1.0,0.0,-0.864732641144204,-0.7680829169442541
truth90_validation,all,Linear,Dyn.correlations.640.0ps.predicted,90,-0.9601763757111155,-0.9751488602940793,1.0,0.0,-1.0014569482525755,-0.9136619116137049
truth90_validation,all,NeuralMD,Dyn.correlations.640.0ps.predicted,90,-0.9596695721758169,-0.9748836397059517,1.0,0.0,-1.0037940196015698,-0.9126409873758373
truth90_validation,all,Linear,Dyn.correlations.640.0ps.truth,90,0.0,0.0,0.0,1.0,0.0,0.0
truth90_validation,all,NeuralMD,Dyn.correlations.640.0ps.truth,90,0.0,0.0,0.0,1.0,0.0,0.0
truth90_validation,all,Linear,Dyn.correlations.80.0ps.absolute_error,90,-1.2818547512176397,-1.3038587115832274,1.0,0.0,-1.3125481701107922,-1.2484908572495783
truth90_validation,all,NeuralMD,Dyn.correlations.80.0ps.absolute_error,90,-1.2817005467130347,-1.303690014131871,1.0,0.0,-1.3138511439408482,-1.2496061999409738
truth90_validation,all,Linear,Dyn.correlations.80.0ps.predicted,90,-1.4830381526806282,-1.4984357032723588,1.0,0.0,-1.5026188186292018,-1.4639116286754006
truth90_validation,all,NeuralMD,Dyn.correlations.80.0ps.predicted,90,-1.4828839481760239,-1.4983757209838937,1.0,0.0,-1.5012807278944427,-1.4619506425232953
truth90_validation,all,Linear,Dyn.correlations.80.0ps.truth,90,0.0,0.0,0.0,1.0,0.0,0.0
truth90_validation,all,NeuralMD,Dyn.correlations.80.0ps.truth,90,0.0,0.0,0.0,1.0,0.0,0.0
truth90_validation,all,Linear,Dyn.displacement_variogram,90,-0.017499239302644715,-0.0562917506361514,0.7333333333333333,0.0,-0.0623504559646865,0.0443583850397583
truth90_validation,all,NeuralMD,Dyn.displacement_variogram,90,-0.6548514777796592,-0.5739377351051513,1.0,0.0,-0.7356260516968178,-0.5847096027260321
truth90_validation,all,Linear,Dyn.ligand_torsions.correlation_160.0ps.defined_torsions,90,0.0,0.0,0.0,1.0,0.0,0.0
truth90_validation,all,NeuralMD,Dyn.ligand_torsions.correlation_160.0ps.defined_torsions,90,0.0,0.0,0.0,1.0,0.0,0.0
truth90_validation,all,Linear,Dyn.ligand_torsions.correlation_160.0ps.mae,90,-0.004048462074949639,-0.0049541697657476645,0.6888888888888889,0.0,-0.009224638691453771,0.0006421261883464614
truth90_validation,all,NeuralMD,Dyn.ligand_torsions.correlation_160.0ps.mae,90,-0.0059222261003017,-0.006704702319471586,0.7333333333333333,0.0,-0.0110500147192449,-0.0011921219969310665
truth90_validation,all,Linear,Dyn.ligand_torsions.correlation_320.0ps.defined_torsions,90,0.0,0.0,0.0,1.0,0.0,0.0
truth90_validation,all,NeuralMD,Dyn.ligand_torsions.correlation_320.0ps.defined_torsions,90,0.0,0.0,0.0,1.0,0.0,0.0
truth90_validation,all,Linear,Dyn.ligand_torsions.correlation_320.0ps.mae,90,-3.854582618844545e-05,-0.0016644866396444795,0.5666666666666667,0.0,-0.005307322814295153,0.004978273506413944
truth90_validation,all,NeuralMD,Dyn.ligand_torsions.correlation_320.0ps.mae,90,-0.005423727493928623,-0.0056998713027382195,0.7,0.0,-0.010477728928063824,-0.00039843972778253156
truth90_validation,all,Linear,Dyn.ligand_torsions.correlation_640.0ps.defined_torsions,90,0.0,0.0,0.0,1.0,0.0,0.0
truth90_validation,all,NeuralMD,Dyn.ligand_torsions.correlation_640.0ps.defined_torsions,90,0.0,0.0,0.0,1.0,0.0,0.0
truth90_validation,all,Linear,Dyn.ligand_torsions.correlation_640.0ps.mae,90,0.002024777782687802,-0.001279531287972386,0.5555555555555556,0.0,-0.0041813977240104504,0.008505017835643655
truth90_validation,all,NeuralMD,Dyn.ligand_torsions.correlation_640.0ps.mae,90,-0.001976611793865195,-0.0039188988902225455,0.5777777777777777,0.0,-0.008430948333350844,0.004200736234837508
truth90_validation,all,Linear,Dyn.ligand_torsions.correlation_80.0ps.defined_torsions,90,0.0,0.0,0.0,1.0,0.0,0.0
truth90_validation,all,NeuralMD,Dyn.ligand_torsions.correlation_80.0ps.defined_torsions,90,0.0,0.0,0.0,1.0,0.0,0.0
truth90_validation,all,Linear,Dyn.ligand_torsions.correlation_80.0ps.mae,90,-0.0044014486774974155,-0.005632331955109335,0.6888888888888889,0.0,-0.009061848933642036,9.772258542270945e-05
truth90_validation,all,NeuralMD,Dyn.ligand_torsions.correlation_80.0ps.mae,90,-0.004901325370522402,-0.006349074839316154,0.7,0.0,-0.009632291835919637,-0.00030756199113795755
truth90_validation,all,Linear,Dyn.ligand_torsions.histogram_defined_torsions,90,0.0,0.0,0.0,1.0,0.0,0.0
truth90_validation,all,NeuralMD,Dyn.ligand_torsions.histogram_defined_torsions,90,0.0,0.0,0.0,1.0,0.0,0.0
truth90_validation,all,Linear,Dyn.ligand_torsions.histogram_js,90,-0.18003551706664417,-0.18632576383032096,0.9888888888888889,0.0,-0.19976467820875465,-0.16030940971001395
truth90_validation,all,NeuralMD,Dyn.ligand_torsions.histogram_js,90,-0.1382437975596996,-0.1315261260029586,0.9777777777777777,0.0,-0.15126778077576694,-0.12560339077345004
truth90_validation,all,Linear,Dyn.ligand_torsions.invalid_fraction,90,0.0,0.0,0.0,1.0,0.0,0.0
truth90_validation,all,NeuralMD,Dyn.ligand_torsions.invalid_fraction,90,0.0,0.0,0.0,1.0,0.0,0.0
truth90_validation,all,Linear,Dyn.ligand_torsions.torsions,90,0.0,0.0,0.0,1.0,0.0,0.0
truth90_validation,all,NeuralMD,Dyn.ligand_torsions.torsions,90,0.0,0.0,0.0,1.0,0.0,0.0
truth90_validation,all,Linear,Dyn.ligand_torsions.true_invalid_fraction,90,0.0,0.0,0.0,1.0,0.0,0.0
truth90_validation,all,NeuralMD,Dyn.ligand_torsions.true_invalid_fraction,90,0.0,0.0,0.0,1.0,0.0,0.0
truth90_validation,all,Linear,Dyn.predicted_mean_atom_rmsf_angstrom,90,-2.4377096757762504,-0.6764708869841615,0.7888888888888889,0.0,-3.474884399007849,-1.5886002659939864
truth90_validation,all,NeuralMD,Dyn.predicted_mean_atom_rmsf_angstrom,90,0.7644171119027852,0.6429571160640424,0.011111111111111112,0.0,0.6700216220365408,0.8724702221450943
truth90_validation,all,Linear,Dyn.radius_of_gyration_w1_angstrom,90,-2.8320829582416622,-0.7283083352954933,0.9111111111111111,0.0,-4.2413080734335304,-1.784308392200616
truth90_validation,all,NeuralMD,Dyn.radius_of_gyration_w1_angstrom,90,0.010899140381657537,0.012050596102327463,0.4222222222222222,0.0,-0.010911904147420323,0.031926072169132146
truth90_validation,all,Linear,Dyn.rmsd_final_angstrom,90,-10.736805321373572,-4.109749232225476,0.9555555555555556,0.0,-15.323135085951044,-7.378058046462137
truth90_validation,all,NeuralMD,Dyn.rmsd_final_angstrom,90,0.3137880605959627,0.25346656336996765,0.3111111111111111,0.0,0.16462614567553166,0.4661378614057712
truth90_validation,all,Linear,Dyn.rmsd_growth_angstrom,90,-10.938799601009448,-4.369875110935373,0.9777777777777777,0.0,-15.126632614022462,-7.734660500378551
truth90_validation,all,NeuralMD,Dyn.rmsd_growth_angstrom,90,-0.006415923741388645,-0.07772452825063131,0.5444444444444444,0.0,-0.15978526829551534,0.14274628508352133
truth90_validation,all,Linear,Dyn.rmsd_time_average_angstrom,90,-5.1708295671447875,-1.9333079506811326,0.9,0.0,-7.1602564965095485,-3.56539114240015
truth90_validation,all,NeuralMD,Dyn.rmsd_time_average_angstrom,90,0.2960750245752673,0.316899742135732,0.2,0.0,0.194616665437557,0.3994665222298298
truth90_validation,all,Linear,Dyn.rmsf_mae_angstrom,90,-1.8483916357467154,-0.2701670273649154,0.7666666666666667,0.0,-2.867907122623873,-1.120175500320334
truth90_validation,all,NeuralMD,Dyn.rmsf_mae_angstrom,90,-0.4648736741233567,-0.4637061855147935,0.9555555555555556,0.0,-0.5344491731591245,-0.4060113690098469
truth90_validation,all,Linear,Dyn.step_distribution_w1_angstrom,90,-0.314144732367921,-0.3403550666516166,0.9111111111111111,0.0,-0.3707128216043783,-0.25332704232440706
truth90_validation,all,NeuralMD,Dyn.step_distribution_w1_angstrom,90,-0.5745167549935062,-0.5912158920151249,0.9666666666666667,0.0,-0.633860882219385,-0.5143919776129181
truth90_validation,all,Linear,Dyn.true_mean_atom_rmsf_angstrom,90,0.0,0.0,0.0,1.0,0.0,0.0
truth90_validation,all,NeuralMD,Dyn.true_mean_atom_rmsf_angstrom,90,0.0,0.0,0.0,1.0,0.0,0.0
truth90_validation,all,Linear,Geo.auc_angstrom_ps,90,-28217.07870671283,-2133.926396681046,0.9,0.0,-41834.57980667146,-17296.937348048512
truth90_validation,all,NeuralMD,Geo.auc_angstrom_ps,90,496.27062842029545,453.47574816349606,0.2,0.0,58.56779301307271,992.0924764459934
truth90_validation,all,Linear,Geo.coordinate_energy_score_angstrom,90,-5.948969641533102,-2.2314893896377077,0.9111111111111111,0.0,-8.180229414288238,-4.067677803353953
truth90_validation,all,NeuralMD,Geo.coordinate_energy_score_angstrom,90,0.307862153796525,0.33345429519969816,0.2111111111111111,0.0,0.20844210065420704,0.41996549337679845
truth90_validation,all,Linear,Geo.final_rmsd_angstrom,90,-10.736805321373572,-4.109749232225476,0.9555555555555556,0.0,-15.269666866242504,-7.497500661372676
truth90_validation,all,NeuralMD,Geo.final_rmsd_angstrom,90,0.3137880605959627,0.25346656336996765,0.3111111111111111,0.0,0.16285650989257347,0.4674386317849652
truth90_validation,all,Linear,Geo.mean_rmsd_angstrom,90,-5.174713349107305,-1.9741107688594983,0.9,0.0,-7.279271734953063,-3.533507163709996
truth90_validation,all,NeuralMD,Geo.mean_rmsd_angstrom,90,0.2961568929931339,0.30828902094838895,0.2,0.0,0.19626953728129787,0.40423270147777945
truth90_validation,all,Linear,Motion.centre_displacement_vector_mae_angstrom,90,-3.5929853462131267,-1.2621383440798497,0.8,0.0,-5.189679350920332,-2.3203917946504737
truth90_validation,all,Linear,Motion.relative_displacement_amplitude_mae_angstrom,90,-4.104469481044692,-1.1052655846272972,0.8111111111111111,0.0,-5.969874038843404,-2.690329628167401
truth90_validation,all,Linear,Phys.angle_mean_squared_excess,90,-0.06487741321266455,-0.022961724086251262,1.0,0.0,-0.07974051056165489,-0.05141724795358138
truth90_validation,all,Linear,Phys.angle_violations,90,-27.91444444444444,-22.59375,1.0,0.0,-32.835739583333336,-23.43675347222222
truth90_validation,all,Linear,Phys.assessed_geometry_valid,90,0.30694444444444446,0.15,0.0,0.4111111111111111,0.2376319444444444,0.38612499999999994
truth90_validation,all,Linear,Phys.bond_mean_squared_excess,90,-17.84046128526807,-1.308654823980365,1.0,0.0,-25.8030572377021,-10.998610579837818
truth90_validation,all,Linear,Phys.bond_violations,90,-29.658333333333335,-24.700000000000003,1.0,0.0,-34.699947916666666,-25.21175347222222
truth90_validation,all,Linear,Phys.ligand_environment_overlap_violations,90,-2.470833333333333,-1.30625,0.8,0.13333333333333333,-3.1413923611111114,-1.830121527777778
truth90_validation,all,Linear,Phys.ligand_self_overlap_violations,90,-0.10333333333333335,0.0,0.13333333333333333,0.8444444444444444,-0.18639583333333332,-0.0349930555555556
truth90_validation,all,Linear,Phys.local_configuration_flips,90,-0.22319444444444447,0.0,0.23333333333333334,0.6777777777777778,-0.33972569444444445,-0.11343055555555577
truth90_validation,all,Linear,Phys.severe_overlap_mean_squared,90,-0.01134057428617922,-0.004172517778429362,0.8111111111111111,0.12222222222222222,-0.01456801092140767,-0.008533478510730712
truth90_validation,all,Linear,Phys_common_heavy.angle_mean_squared_excess,90,-0.08304712376190872,-0.026447692308184213,1.0,0.0,-0.11177291045321096,-0.058990523823935236
truth90_validation,all,NeuralMD,Phys_common_heavy.angle_mean_squared_excess,90,-0.0007012684534558016,1.9874398864018973e-08,0.3333333333333333,0.05555555555555555,-0.001791912428700184,-5.3485069391856546e-05
truth90_validation,all,Linear,Phys_common_heavy.angle_violations,90,-13.026250000000003,-10.16875,1.0,0.0,-15.240687499999998,-11.084875
truth90_validation,all,NeuralMD,Phys_common_heavy.angle_violations,90,1.892222222222222,0.675,0.2222222222222222,0.06666666666666667,0.9917291666666666,2.9968125
truth90_validation,all,Linear,Phys_common_heavy.assessed_geometry_valid,90,0.31999999999999995,0.2,0.044444444444444446,0.28888888888888886,0.2502743055555555,0.3909756944444444
truth90_validation,all,NeuralMD,Phys_common_heavy.assessed_geometry_valid,90,-0.21694444444444447,-0.19999999999999998,0.7,0.05555555555555555,-0.31446527777777783,-0.11789583333333345
truth90_validation,all,Linear,Phys_common_heavy.bond_mean_squared_excess,90,-10.656384604386163,-0.47020671479348775,1.0,0.0,-16.944302637978623,-5.79711827887089
truth90_validation,all,NeuralMD,Phys_common_heavy.bond_mean_squared_excess,90,-0.0012228299122046243,-1.0586293518440658e-06,0.6222222222222222,0.03333333333333333,-0.0022159141560866777,-0.00043183911216649457
truth90_validation,all,Linear,Phys_common_heavy.bond_violations,90,-14.812777777777779,-11.825,1.0,0.0,-17.117954861111112,-12.579829861111111
truth90_validation,all,NeuralMD,Phys_common_heavy.bond_violations,90,1.6175,0.32500000000000007,0.3111111111111111,0.044444444444444446,0.44730902777777787,3.0417708333333326
truth90_validation,all,Linear,Phys_common_heavy.ligand_environment_overlap_violations,90,-2.470833333333333,-1.30625,0.8,0.13333333333333333,-3.144913194444445,-1.8260694444444443
truth90_validation,all,NeuralMD,Phys_common_heavy.ligand_environment_overlap_violations,90,0.1852777777777778,0.0,0.0,0.6888888888888889,0.05999652777777778,0.35569791666666667
truth90_validation,all,Linear,Phys_common_heavy.ligand_self_overlap_violations,90,-0.10333333333333335,0.0,0.13333333333333333,0.8444444444444444,-0.19320138888888888,-0.03721527777777781
truth90_validation,all,NeuralMD,Phys_common_heavy.ligand_self_overlap_violations,90,0.01513888888888889,0.0,0.0,0.9666666666666667,0.0,0.04534027777777745
truth90_validation,all,Linear,Phys_common_heavy.local_configuration_flips,90,0.0,0.0,0.0,1.0,0.0,0.0
truth90_validation,all,NeuralMD,Phys_common_heavy.local_configuration_flips,90,0.0,0.0,0.0,1.0,0.0,0.0
truth90_validation,all,Linear,Phys_common_heavy.severe_overlap_mean_squared,90,-0.011340574215426207,-0.0041725162437696115,0.8111111111111111,0.12222222222222222,-0.014492479341539495,-0.008489261622278395
truth90_validation,all,NeuralMD,Phys_common_heavy.severe_overlap_mean_squared,90,0.00023142903248102767,0.0,0.0,0.6888888888888889,7.156966797243713e-05,0.0004527282245638743
truth90_validation,all,Linear,Phys_v2.assessed_tail_valid_frame_fraction,90,0.8979166666666667,0.9875,0.0,0.0,0.8630520833333334,0.9309722222222222
truth90_validation,all,Linear,Phys_v2.bonded_distribution_comparison.angle.mean_wasserstein,90,-8.781025747495223,-5.807847740833681,1.0,0.0,-10.159935933030955,-7.554569369424241
truth90_validation,all,Linear,Phys_v2.bonded_distribution_comparison.angle.predicted_constraint_variance_mean,90,-13.354621155492767,0.5649417865327369,0.4888888888888889,0.0,-20.97341004613379,-6.471037640808311
truth90_validation,all,Linear,Phys_v2.bonded_distribution_comparison.angle.predicted_within_path_variance_mean,90,-13.354621155492767,0.5649417865327369,0.4888888888888889,0.0,-20.92796336071855,-5.986909792204567
truth90_validation,all,Linear,Phys_v2.bonded_distribution_comparison.angle.reference_constraint_variance_mean,90,0.0,0.0,0.0,1.0,0.0,0.0
truth90_validation,all,Linear,Phys_v2.bonded_distribution_comparison.bond.mean_wasserstein,90,-2.1016648704113905,-0.7455247889667194,1.0,0.0,-2.7249485483027893,-1.4922525872264278
truth90_validation,all,Linear,Phys_v2.bonded_distribution_comparison.bond.predicted_constraint_variance_mean,90,-6.8490459588407715,-0.45638703718587864,1.0,0.0,-10.006097612008633,-4.156323064375772
truth90_validation,all,Linear,Phys_v2.bonded_distribution_comparison.bond.predicted_within_path_variance_mean,90,-6.8490459588407715,-0.45638703718587864,1.0,0.0,-10.003339416885183,-4.178291451183634
truth90_validation,all,Linear,Phys_v2.bonded_distribution_comparison.bond.reference_constraint_variance_mean,90,0.0,0.0,0.0,1.0,0.0,0.0
truth90_validation,all,Linear,Phys_v2.chemistry.checked_centres,90,0.0,0.0,0.0,1.0,0.0,0.0
truth90_validation,all,Linear,Phys_v2.extra_mean_squared_severity.angle_degrees,90,-212.979984066871,-75.37889363756325,1.0,0.0,-260.63975072719455,-166.0794988575365
truth90_validation,all,Linear,Phys_v2.extra_mean_squared_severity.bond_relative,90,-17.84046128526807,-1.308654823980365,1.0,0.0,-26.359964609960425,-11.118937055250564
truth90_validation,all,Linear,Phys_v2.extra_mean_squared_severity.environment_compression,90,-0.011119039965817744,-0.0040157610549392195,0.8111111111111111,0.12222222222222222,-0.014414803413489777,-0.008100863327981688
truth90_validation,all,Linear,Phys_v2.extra_mean_squared_severity.self_compression,90,-1.982024494639646e-05,0.0,0.13333333333333333,0.8444444444444444,-3.606314991823206e-05,-7.53756063390427e-06
truth90_validation,all,Linear,Phys_v2.families.angle_degrees.anomaly_frame_fraction,90,-0.8098611111111111,-0.85,0.9888888888888889,0.011111111111111112,-0.8473645833333333,-0.7715243055555556
truth90_validation,all,Linear,Phys_v2.families.angle_degrees.constraint_anomaly_fraction,90,-0.23278417065571017,-0.17133072407045008,0.9888888888888889,0.011111111111111112,-0.26541889961283,-0.1999299058470555
truth90_validation,all,Linear,Phys_v2.families.angle_degrees.constraint_distribution.all.count,90,0.0,0.0,0.0,1.0,0.0,0.0
truth90_validation,all,Linear,Phys_v2.families.angle_degrees.constraint_distribution.all.maximum,90,-50.03316681677861,-46.52321038794068,1.0,0.0,-54.72713555016965,-45.149274299546455
truth90_validation,all,Linear,Phys_v2.families.angle_degrees.constraint_distribution.all.mean,90,-6.290653601348667,-3.598754498944831,1.0,0.0,-7.36857391856008,-5.259971007598379
truth90_validation,all,Linear,Phys_v2.families.angle_degrees.constraint_distribution.all.p50,90,-1.4362764488725133,0.0,0.3333333333333333,0.6666666666666666,-2.0449018719702328,-0.9247734582748326
truth90_validation,all,Linear,Phys_v2.families.angle_degrees.constraint_distribution.all.p90,90,-20.512496075741335,-13.708128358595168,1.0,0.0,-23.744511753766375,-17.475913623153186
truth90_validation,all,Linear,Phys_v2.families.angle_degrees.constraint_distribution.all.p95,90,-29.094389301488775,-21.100117639041663,1.0,0.0,-33.272997113803825,-25.253862296747098
truth90_validation,all,Linear,Phys_v2.families.angle_degrees.constraint_distribution.all.p99,90,-43.77089283793815,-37.999677545661804,1.0,0.0,-48.927525242003696,-38.96322487651663
truth90_validation,all,Linear,Phys_v2.families.angle_degrees.constraint_distribution.positive.count,90,-1237.9333333333334,-493.5,1.0,0.0,-1627.7197222222223,-901.846388888889
truth90_validation,all,Linear,Phys_v2.families.angle_degrees.constraint_distribution.positive.maximum,87,-49.97160514503277,-46.549450059165,1.0,0.0,-55.23374549193448,-44.99806229119436
truth90_validation,all,Linear,Phys_v2.families.angle_degrees.constraint_distribution.positive.mean,87,-13.06293254726595,-10.468843244248502,1.0,0.0,-14.52878855453293,-11.638566793520921
truth90_validation,all,Linear,Phys_v2.families.angle_degrees.constraint_distribution.positive.p50,87,-9.73826097075963,-7.371701346513674,1.0,0.0,-10.916763372526097,-8.62798879074935
truth90_validation,all,Linear,Phys_v2.families.angle_degrees.constraint_distribution.positive.p90,87,-29.64607001096304,-24.645752418466003,1.0,0.0,-32.909070634073174,-26.31505103326068
truth90_validation,all,Linear,Phys_v2.families.angle_degrees.constraint_distribution.positive.p95,87,-36.44559449855533,-32.292774240120906,1.0,0.0,-40.50039964430708,-32.61655343001005
truth90_validation,all,Linear,Phys_v2.families.angle_degrees.constraint_distribution.positive.p99,87,-47.669266598607685,-44.398150381510305,1.0,0.0,-52.48692708680892,-42.866208356483575
truth90_validation,all,Linear,Phys_v2.families.angle_degrees.finite_mean_squared_severity,90,-212.979984066871,-75.37889363756324,1.0,0.0,-261.1551134843671,-167.53580640796685
truth90_validation,all,Linear,Phys_v2.families.angle_degrees.frame_maximum_distribution.all.count,90,0.0,0.0,0.0,1.0,0.0,0.0
truth90_validation,all,Linear,Phys_v2.families.angle_degrees.frame_maximum_distribution.all.maximum,90,-50.03316681677861,-46.52321038794068,1.0,0.0,-54.951444189059444,-45.380427417966125
truth90_validation,all,Linear,Phys_v2.families.angle_degrees.frame_maximum_distribution.all.mean,90,-38.2923933714276,-32.829025267003956,1.0,0.0,-42.809687115501774,-33.54475506120359
truth90_validation,all,Linear,Phys_v2.families.angle_degrees.frame_maximum_distribution.all.p50,90,-42.80355200278688,-37.48091446296338,1.0,0.0,-48.17359949654004,-37.323855340901176
truth90_validation,all,Linear,Phys_v2.families.angle_degrees.frame_maximum_distribution.all.p90,90,-52.13438077111878,-46.79797799136773,1.0,0.0,-57.35760032149511,-47.18993041985078
truth90_validation,all,Linear,Phys_v2.families.angle_degrees.frame_maximum_distribution.all.p95,90,-52.00923934447464,-47.928809334110284,1.0,0.0,-56.82615479343629,-46.8279680498084
truth90_validation,all,Linear,Phys_v2.families.angle_degrees.frame_maximum_distribution.all.p99,90,-50.53242742636533,-46.83901359997378,1.0,0.0,-55.566627118023675,-45.534686594563794
truth90_validation,all,Linear,Phys_v2.families.angle_degrees.frame_maximum_distribution.positive.count,90,-14.4,-4.5,0.6888888888888889,0.24444444444444444,-19.26722222222222,-9.833333333333334
truth90_validation,all,Linear,Phys_v2.families.angle_degrees.frame_maximum_distribution.positive.maximum,87,-49.97160514503277,-46.549450059165,1.0,0.0,-54.65484245321977,-45.10584620732136
truth90_validation,all,Linear,Phys_v2.families.angle_degrees.frame_maximum_distribution.positive.mean,87,-39.10433542274579,-34.27958547946725,1.0,0.0,-43.679552161068386,-34.76918338533345
truth90_validation,all,Linear,Phys_v2.families.angle_degrees.frame_maximum_distribution.positive.p50,87,-43.59682485433878,-38.79166759143014,1.0,0.0,-48.80481218011453,-38.55401542692774
truth90_validation,all,Linear,Phys_v2.families.angle_degrees.frame_maximum_distribution.positive.p90,87,-52.110996592474066,-47.1362888611346,1.0,0.0,-57.259539167949235,-46.99100649114963
truth90_validation,all,Linear,Phys_v2.families.angle_degrees.frame_maximum_distribution.positive.p95,87,-51.919134467921786,-47.94459193227441,1.0,0.0,-56.815649055199934,-46.6156873550196
truth90_validation,all,Linear,Phys_v2.families.angle_degrees.frame_maximum_distribution.positive.p99,87,-50.33627082736955,-47.185056455467844,1.0,0.0,-55.401984140499394,-45.30116300969539
truth90_validation,all,Linear,Phys_v2.families.angle_degrees.threshold,90,0.0,0.0,0.0,1.0,0.0,0.0
truth90_validation,all,Linear,Phys_v2.families.bond_relative.anomaly_frame_fraction,90,-0.9640277777777778,-1.0,1.0,0.0,-0.9783333333333333,-0.9470833333333333
truth90_validation,all,Linear,Phys_v2.families.bond_relative.constraint_anomaly_fraction,90,-0.6815965500633544,-0.7059523809523809,1.0,0.0,-0.7289068357113884,-0.6339253763425826
truth90_validation,all,Linear,Phys_v2.families.bond_relative.constraint_distribution.all.count,90,0.0,0.0,0.0,1.0,0.0,0.0
truth90_validation,all,Linear,Phys_v2.families.bond_relative.constraint_distribution.all.maximum,90,-11.482138129543806,-5.617050105977924,1.0,0.0,-14.156370968091972,-9.07209522017161
truth90_validation,all,Linear,Phys_v2.families.bond_relative.constraint_distribution.all.mean,90,-1.695968019400209,-0.6261491356634944,1.0,0.0,-2.2286311602913456,-1.2432462849485346
truth90_validation,all,Linear,Phys_v2.families.bond_relative.constraint_distribution.all.p50,90,-1.0405560145418258,-0.18817761213532067,0.9,0.1,-1.4516405494574967,-0.6827252294284808
truth90_validation,all,Linear,Phys_v2.families.bond_relative.constraint_distribution.all.p90,90,-4.240263773068963,-1.772232792497387,1.0,0.0,-5.423543570623573,-3.1444980952987174
truth90_validation,all,Linear,Phys_v2.families.bond_relative.constraint_distribution.all.p95,90,-5.883397364004629,-2.742726012675285,1.0,0.0,-7.449901012077223,-4.498266510284202
truth90_validation,all,Linear,Phys_v2.families.bond_relative.constraint_distribution.all.p99,90,-9.236120993333538,-4.551414702819743,1.0,0.0,-11.434823244710442,-7.211520233285487
truth90_validation,all,Linear,Phys_v2.families.bond_relative.constraint_distribution.positive.count,90,-1147.4333333333334,-563.0,1.0,0.0,-1467.9530555555555,-878.2169444444448
truth90_validation,all,Linear,Phys_v2.families.bond_relative.constraint_distribution.positive.maximum,84,-11.712188978520276,-5.911568139486605,1.0,0.0,-14.570958754796155,-9.021426349370357
truth90_validation,all,Linear,Phys_v2.families.bond_relative.constraint_distribution.positive.mean,84,-1.8316794408152606,-0.7998052402717541,1.0,0.0,-2.359953747562661,-1.3865179062187052
truth90_validation,all,Linear,Phys_v2.families.bond_relative.constraint_distribution.positive.p50,84,-1.1531287973512412,-0.3297647622669711,1.0,0.0,-1.576056575793417,-0.7939225862271747
truth90_validation,all,Linear,Phys_v2.families.bond_relative.constraint_distribution.positive.p90,84,-4.475100498787767,-2.4211892273838433,1.0,0.0,-5.73193885145409,-3.3994690201796427
truth90_validation,all,Linear,Phys_v2.families.bond_relative.constraint_distribution.positive.p95,84,-6.199747888075944,-3.1979438298417806,1.0,0.0,-7.660641099476597,-4.802632442613961
truth90_validation,all,Linear,Phys_v2.families.bond_relative.constraint_distribution.positive.p99,84,-9.572123204180288,-5.214224546407766,1.0,0.0,-11.821783802178821,-7.413099769790209
truth90_validation,all,Linear,Phys_v2.families.bond_relative.finite_mean_squared_severity,90,-17.84046128526807,-1.308654823980365,1.0,0.0,-25.734631721136623,-10.631070923872542
truth90_validation,all,Linear,Phys_v2.families.bond_relative.frame_maximum_distribution.all.count,90,0.0,0.0,0.0,1.0,0.0,0.0
truth90_validation,all,Linear,Phys_v2.families.bond_relative.frame_maximum_distribution.all.maximum,90,-11.482138129543806,-5.617050105977924,1.0,0.0,-14.024352512692838,-8.93124839342627
truth90_validation,all,Linear,Phys_v2.families.bond_relative.frame_maximum_distribution.all.mean,90,-5.804252190475708,-2.892107151075834,1.0,0.0,-7.162807478289605,-4.623346919967931
truth90_validation,all,Linear,Phys_v2.families.bond_relative.frame_maximum_distribution.all.p50,90,-5.784181276394592,-2.901413987238178,1.0,0.0,-7.060125620199093,-4.559192632998969
truth90_validation,all,Linear,Phys_v2.families.bond_relative.frame_maximum_distribution.all.p90,90,-10.341275964714624,-5.0880006556345645,1.0,0.0,-12.639390669246858,-8.183741630802354
truth90_validation,all,Linear,Phys_v2.families.bond_relative.frame_maximum_distribution.all.p95,90,-10.912506813669811,-5.352484702995986,1.0,0.0,-13.378279815208897,-8.448568854586776
truth90_validation,all,Linear,Phys_v2.families.bond_relative.frame_maximum_distribution.all.p99,90,-11.368465749595588,-5.564137025381536,1.0,0.0,-13.968133652302484,-8.88470019507181
truth90_validation,all,Linear,Phys_v2.families.bond_relative.frame_maximum_distribution.positive.count,90,-14.766666666666667,-4.5,0.6111111111111112,0.3888888888888889,-19.811944444444443,-9.922222222222222
truth90_validation,all,Linear,Phys_v2.families.bond_relative.frame_maximum_distribution.positive.maximum,84,-11.712188978520276,-5.911568139486605,1.0,0.0,-14.413563127886183,-9.22900111237686
truth90_validation,all,Linear,Phys_v2.families.bond_relative.frame_maximum_distribution.positive.mean,84,-5.929968045991217,-2.959766735554348,1.0,0.0,-7.294014711508685,-4.670270783984836
truth90_validation,all,Linear,Phys_v2.families.bond_relative.frame_maximum_distribution.positive.p50,84,-5.911289659182235,-2.9654243741672675,1.0,0.0,-7.308485234399457,-4.573518067720975
truth90_validation,all,Linear,Phys_v2.families.bond_relative.frame_maximum_distribution.positive.p90,84,-10.550795064174247,-5.296181401227495,1.0,0.0,-13.067439785309785,-8.216111668705635
truth90_validation,all,Linear,Phys_v2.families.bond_relative.frame_maximum_distribution.positive.p95,84,-11.132279108200985,-5.60376296052069,1.0,0.0,-13.72773930855677,-8.657080935877739
truth90_validation,all,Linear,Phys_v2.families.bond_relative.frame_maximum_distribution.positive.p99,84,-11.596439630370496,-5.850004069738061,1.0,0.0,-14.221678975187075,-8.97071686812745
truth90_validation,all,Linear,Phys_v2.families.bond_relative.threshold,90,0.0,0.0,0.0,1.0,0.0,0.0
truth90_validation,all,Linear,Phys_v2.families.environment_compression.anomaly_frame_fraction,90,-0.4534722222222222,-0.5,0.8222222222222222,0.14444444444444443,-0.518888888888889,-0.3873541666666667
truth90_validation,all,Linear,Phys_v2.families.environment_compression.constraint_anomaly_fraction,90,-4.198165388375549e-05,-2.000370115828145e-05,0.8,0.13333333333333333,-5.5273110206554776e-05,-3.019799329569181e-05
truth90_validation,all,Linear,Phys_v2.families.environment_compression.constraint_distribution.all.count,90,0.0,0.0,0.0,1.0,0.0,0.0
truth90_validation,all,Linear,Phys_v2.families.environment_compression.constraint_distribution.all.maximum,90,-0.40811693341422267,-0.455117423358287,0.8,0.12222222222222222,-0.47637149928179123,-0.3397271699857636
truth90_validation,all,Linear,Phys_v2.families.environment_compression.constraint_distribution.all.mean,90,-9.767289183002089e-06,-5.177711427461688e-06,0.8111111111111111,0.12222222222222222,-1.2972796795166663e-05,-7.094295927432059e-06
truth90_validation,all,Linear,Phys_v2.families.environment_compression.constraint_distribution.all.p50,90,0.0,0.0,0.0,1.0,0.0,0.0
truth90_validation,all,Linear,Phys_v2.families.environment_compression.constraint_distribution.all.p90,90,0.0,0.0,0.0,1.0,0.0,0.0
truth90_validation,all,Linear,Phys_v2.families.environment_compression.constraint_distribution.all.p95,90,0.0,0.0,0.0,1.0,0.0,0.0
truth90_validation,all,Linear,Phys_v2.families.environment_compression.constraint_distribution.all.p99,90,0.0,0.0,0.0,1.0,0.0,0.0
truth90_validation,all,Linear,Phys_v2.families.environment_compression.constraint_distribution.positive.count,90,-149.3111111111111,-26.0,0.8,0.13333333333333333,-201.66666666666669,-100.13861111111115
truth90_validation,all,Linear,Phys_v2.families.environment_compression.constraint_distribution.positive.maximum,26,-0.3153355952493024,-0.34806824692482197,0.8076923076923077,0.0,-0.43772234350231864,-0.18950194510259669
truth90_validation,all,Linear,Phys_v2.families.environment_compression.constraint_distribution.positive.mean,26,-0.06171884232231795,-0.0749780209950673,0.7692307692307693,0.0,-0.09618686108226969,-0.028018365089560755
truth90_validation,all,Linear,Phys_v2.families.environment_compression.constraint_distribution.positive.p50,26,-0.047092718499136314,-0.050082261531255806,0.7692307692307693,0.0,-0.07950507780206606,-0.01525448837760737
truth90_validation,all,Linear,Phys_v2.families.environment_compression.constraint_distribution.positive.p90,26,-0.16834774526285112,-0.19572372792649684,0.7692307692307693,0.0,-0.24918439399435738,-0.08654113989968742
truth90_validation,all,Linear,Phys_v2.families.environment_compression.constraint_distribution.positive.p95,26,-0.19750078729597645,-0.2193169223848258,0.7307692307692307,0.0,-0.29055619028882723,-0.1001200651070612
truth90_validation,all,Linear,Phys_v2.families.environment_compression.constraint_distribution.positive.p99,26,-0.2555447582656832,-0.26621298952569683,0.8076923076923077,0.0,-0.36072074642768404,-0.14584844870190908
truth90_validation,all,Linear,Phys_v2.families.environment_compression.finite_mean_squared_severity,90,-0.011119039965817744,-0.0040157610549392195,0.8111111111111111,0.12222222222222222,-0.014250967506506484,-0.008226177144469222
truth90_validation,all,Linear,Phys_v2.families.environment_compression.frame_maximum_distribution.all.count,90,0.0,0.0,0.0,1.0,0.0,0.0
truth90_validation,all,Linear,Phys_v2.families.environment_compression.frame_maximum_distribution.all.maximum,90,-0.40811693341422267,-0.455117423358287,0.8,0.12222222222222222,-0.4794926573672096,-0.3359714335333064
truth90_validation,all,Linear,Phys_v2.families.environment_compression.frame_maximum_distribution.all.mean,90,-0.18980980355179286,-0.15740670372373772,0.8333333333333334,0.12222222222222222,-0.2264712130172229,-0.1509081476796255
truth90_validation,all,Linear,Phys_v2.families.environment_compression.frame_maximum_distribution.all.p50,90,-0.18106254848710449,-0.0903580351136744,0.5555555555555556,0.4444444444444444,-0.22493379198840344,-0.13882608423324963
truth90_validation,all,Linear,Phys_v2.families.environment_compression.frame_maximum_distribution.all.p90,90,-0.3589418370773109,-0.35401908855216324,0.8333333333333334,0.12222222222222222,-0.4215469308243406,-0.3002977329518615
truth90_validation,all,Linear,Phys_v2.families.environment_compression.frame_maximum_distribution.all.p95,90,-0.39107778538695215,-0.3902403671369753,0.8222222222222222,0.12222222222222222,-0.45436044494063843,-0.32851139029903614
truth90_validation,all,Linear,Phys_v2.families.environment_compression.frame_maximum_distribution.all.p99,90,-0.4122085086610403,-0.5002751151136857,0.8111111111111111,0.12222222222222222,-0.4829003325418467,-0.3387709715585235
truth90_validation,all,Linear,Phys_v2.families.environment_compression.frame_maximum_distribution.positive.count,90,-22.444444444444443,-9.0,0.8222222222222222,0.14444444444444443,-28.200833333333332,-16.866666666666667
truth90_validation,all,Linear,Phys_v2.families.environment_compression.frame_maximum_distribution.positive.maximum,26,-0.3153355952493024,-0.34806824692482197,0.8076923076923077,0.0,-0.4354026461653294,-0.192757946112078
truth90_validation,all,Linear,Phys_v2.families.environment_compression.frame_maximum_distribution.positive.mean,26,-0.17368162212361846,-0.19927253298057224,0.7307692307692307,0.0,-0.2568991971869088,-0.08287857847824663
truth90_validation,all,Linear,Phys_v2.families.environment_compression.frame_maximum_distribution.positive.p50,26,-0.18964997233836905,-0.21731264053653868,0.7307692307692307,0.0,-0.2821991486974219,-0.09018685014471224
truth90_validation,all,Linear,Phys_v2.families.environment_compression.frame_maximum_distribution.positive.p90,26,-0.2614102420992175,-0.27197912803808816,0.8076923076923077,0.0,-0.37648411376377133,-0.14812683371721796
truth90_validation,all,Linear,Phys_v2.families.environment_compression.frame_maximum_distribution.positive.p95,26,-0.27426060891172915,-0.26861784723766047,0.8076923076923077,0.0,-0.3825112991556413,-0.1516803469352139
truth90_validation,all,Linear,Phys_v2.families.environment_compression.frame_maximum_distribution.positive.p99,26,-0.3045172928661211,-0.33425015333911534,0.8076923076923077,0.0,-0.4266415540579542,-0.18646020283345566
truth90_validation,all,Linear,Phys_v2.families.environment_compression.threshold,90,0.0,0.0,0.0,1.0,0.0,0.0
truth90_validation,all,Linear,Phys_v2.families.self_compression.anomaly_frame_fraction,90,-0.06041666666666667,0.0,0.14444444444444443,0.8444444444444444,-0.0980625,-0.026381944444444482
truth90_validation,all,Linear,Phys_v2.families.self_compression.constraint_anomaly_fraction,90,-0.00028624517595962607,0.0,0.13333333333333333,0.8444444444444444,-0.0005206833192109482,-0.00010446806356360864
truth90_validation,all,Linear,Phys_v2.families.self_compression.constraint_distribution.all.count,90,0.0,0.0,0.0,1.0,0.0,0.0
truth90_validation,all,Linear,Phys_v2.families.self_compression.constraint_distribution.all.maximum,90,-0.0584257164943268,0.0,0.13333333333333333,0.8444444444444444,-0.10387065402904622,-0.01979522000091841
truth90_validation,all,Linear,Phys_v2.families.self_compression.constraint_distribution.all.mean,90,-5.880519802486062e-05,0.0,0.13333333333333333,0.8444444444444444,-0.00010257176901873398,-2.263730786980709e-05
truth90_validation,all,Linear,Phys_v2.families.self_compression.constraint_distribution.all.p50,90,0.0,0.0,0.0,1.0,0.0,0.0
truth90_validation,all,Linear,Phys_v2.families.self_compression.constraint_distribution.all.p90,90,0.0,0.0,0.0,1.0,0.0,0.0
truth90_validation,all,Linear,Phys_v2.families.self_compression.constraint_distribution.all.p95,90,0.0,0.0,0.0,1.0,0.0,0.0
truth90_validation,all,Linear,Phys_v2.families.self_compression.constraint_distribution.all.p99,90,0.0,0.0,0.0,1.0,0.0,0.0
truth90_validation,all,Linear,Phys_v2.families.self_compression.constraint_distribution.positive.count,90,-5.022222222222222,0.0,0.13333333333333333,0.8444444444444444,-9.300555555555556,-1.5994444444444476
truth90_validation,all,Linear,Phys_v2.families.self_compression.constraint_distribution.positive.maximum,2,-0.1340677158196948,-0.1340677158196948,0.5,0.0,-0.5754643107512174,0.3073288791118278
truth90_validation,all,Linear,Phys_v2.families.self_compression.constraint_distribution.positive.mean,2,0.014457407077903842,0.014457407077903842,0.5,0.0,-0.14439354827654485,0.17330836243235254
truth90_validation,all,Linear,Phys_v2.families.self_compression.constraint_distribution.positive.p50,2,0.02266692327248629,0.02266692327248629,0.5,0.0,-0.1003371964218775,0.14567104296685007
truth90_validation,all,Linear,Phys_v2.families.self_compression.constraint_distribution.positive.p90,2,-0.0198730142856596,-0.0198730142856596,0.5,0.0,-0.3846155551887774,0.3448695266174582
truth90_validation,all,Linear,Phys_v2.families.self_compression.constraint_distribution.positive.p95,2,-0.08014991583059941,-0.08014991583059941,0.5,0.0,-0.48639903452584193,0.3260992028646431
truth90_validation,all,Linear,Phys_v2.families.self_compression.constraint_distribution.positive.p99,2,-0.1256784315843138,-0.1256784315843138,0.5,0.0,-0.5624398070310186,0.311082943862391
truth90_validation,all,Linear,Phys_v2.families.self_compression.finite_mean_squared_severity,90,-1.982024494639646e-05,0.0,0.13333333333333333,0.8444444444444444,-3.472407698135631e-05,-6.681801705422657e-06
truth90_validation,all,Linear,Phys_v2.families.self_compression.frame_maximum_distribution.all.count,90,0.0,0.0,0.0,1.0,0.0,0.0
truth90_validation,all,Linear,Phys_v2.families.self_compression.frame_maximum_distribution.all.maximum,90,-0.0584257164943268,0.0,0.13333333333333333,0.8444444444444444,-0.10131401753420696,-0.02062748348782336
truth90_validation,all,Linear,Phys_v2.families.self_compression.frame_maximum_distribution.all.mean,90,-0.01567557751890018,0.0,0.13333333333333333,0.8444444444444444,-0.028626195959492135,-0.005882224713641481
truth90_validation,all,Linear,Phys_v2.families.self_compression.frame_maximum_distribution.all.p50,90,-0.00939046914602866,0.0,0.06666666666666667,0.9333333333333333,-0.020721556985105263,-0.0017955993849822405
truth90_validation,all,Linear,Phys_v2.families.self_compression.frame_maximum_distribution.all.p90,90,-0.044493235354445285,0.0,0.13333333333333333,0.8444444444444444,-0.07560399904701805,-0.017616070738453917
truth90_validation,all,Linear,Phys_v2.families.self_compression.frame_maximum_distribution.all.p95,90,-0.05362227458357555,0.0,0.13333333333333333,0.8444444444444444,-0.09301713655801909,-0.019873035424660918
truth90_validation,all,Linear,Phys_v2.families.self_compression.frame_maximum_distribution.all.p99,90,-0.05825341970246746,0.0,0.13333333333333333,0.8444444444444444,-0.10086570793686164,-0.020667397565005234
truth90_validation,all,Linear,Phys_v2.families.self_compression.frame_maximum_distribution.positive.count,90,-2.8666666666666667,0.0,0.14444444444444443,0.8444444444444444,-5.055555555555555,-1.133055555555557
truth90_validation,all,Linear,Phys_v2.families.self_compression.frame_maximum_distribution.positive.maximum,2,-0.1340677158196948,-0.1340677158196948,0.5,0.0,-0.5754643107512174,0.3073288791118278
truth90_validation,all,Linear,Phys_v2.families.self_compression.frame_maximum_distribution.positive.mean,2,-0.025547291554270768,-0.025547291554270768,0.5,0.0,-0.2104276528004796,0.15933306969193806
truth90_validation,all,Linear,Phys_v2.families.self_compression.frame_maximum_distribution.positive.p50,2,-0.02017160909848855,-0.02017160909848855,0.5,0.0,-0.15412656377178277,0.11378334557480567
truth90_validation,all,Linear,Phys_v2.families.self_compression.frame_maximum_distribution.positive.p90,2,-0.11634380615898363,-0.11634380615898363,0.5,0.0,-0.501555429424382,0.2688678171064148
truth90_validation,all,Linear,Phys_v2.families.self_compression.frame_maximum_distribution.positive.p95,2,-0.1246523644375809,-0.1246523644375809,0.5,0.0,-0.537403076984283,0.2880983481091212
truth90_validation,all,Linear,Phys_v2.families.self_compression.frame_maximum_distribution.positive.p99,2,-0.13317467640730057,-0.13317467640730057,0.5,0.0,-0.5698321257258876,0.30348277291128645
truth90_validation,all,Linear,Phys_v2.families.self_compression.threshold,90,0.0,0.0,0.0,1.0,0.0,0.0
truth90_validation,all,Linear,Phys_v2.finite_frame_fraction,90,0.0,0.0,0.0,1.0,0.0,0.0
truth90_validation,all,Linear,Phys_v2.fixed_environment_valid_frame_fraction,90,0.45347222222222217,0.5,0.03333333333333333,0.14444444444444443,0.3827604166666666,0.5193090277777778
truth90_validation,all,Linear,Phys_v2.heavy_atoms,90,0.0,0.0,0.0,1.0,0.0,0.0
truth90_validation,all,Linear,Phys_v2.intramolecular_tail_valid_frame_fraction,90,0.9343055555555556,1.0,0.0,0.0,0.9080520833333333,0.9591701388888889
truth90_validation,all,Linear,Phys_v2.physical_excess_distributions.angle.all.count,90,0.0,0.0,0.0,1.0,0.0,0.0
truth90_validation,all,Linear,Phys_v2.physical_excess_distributions.angle.all.maximum,90,-50.03316681677861,-46.52321038794068,1.0,0.0,-55.11652056485989,-45.26612279857708
truth90_validation,all,Linear,Phys_v2.physical_excess_distributions.angle.all.mean,90,-6.290653601348667,-3.598754498944831,1.0,0.0,-7.356333041431534,-5.2767837562393485
truth90_validation,all,Linear,Phys_v2.physical_excess_distributions.angle.all.p50,90,-1.4362764488725133,0.0,0.3333333333333333,0.6666666666666666,-2.049959363310667,-0.9355697251555306
truth90_validation,all,Linear,Phys_v2.physical_excess_distributions.angle.all.p90,90,-20.512496075741335,-13.708128358595168,1.0,0.0,-23.66589501853558,-17.39770560175709
truth90_validation,all,Linear,Phys_v2.physical_excess_distributions.angle.all.p95,90,-29.094389301488775,-21.100117639041663,1.0,0.0,-32.979311801855,-25.147009399158986
truth90_validation,all,Linear,Phys_v2.physical_excess_distributions.angle.all.p99,90,-43.77089283793815,-37.999677545661804,1.0,0.0,-48.97868767702826,-38.89933611369801
truth90_validation,all,Linear,Phys_v2.physical_excess_distributions.angle.positive.count,90,-1237.9333333333334,-493.5,1.0,0.0,-1612.4033333333334,-920.5511111111114
truth90_validation,all,Linear,Phys_v2.physical_excess_distributions.angle.positive.maximum,87,-49.97160514503277,-46.549450059165,1.0,0.0,-55.105691567155084,-44.965620183125864
truth90_validation,all,Linear,Phys_v2.physical_excess_distributions.angle.positive.mean,87,-13.06293254726595,-10.468843244248502,1.0,0.0,-14.455001433618191,-11.574557386880977
truth90_validation,all,Linear,Phys_v2.physical_excess_distributions.angle.positive.p50,87,-9.73826097075963,-7.371701346513674,1.0,0.0,-10.927058844858834,-8.626447339890701
truth90_validation,all,Linear,Phys_v2.physical_excess_distributions.angle.positive.p90,87,-29.64607001096304,-24.645752418466003,1.0,0.0,-33.01271131133638,-26.355918928400897
truth90_validation,all,Linear,Phys_v2.physical_excess_distributions.angle.positive.p95,87,-36.44559449855533,-32.292774240120906,1.0,0.0,-40.65308715818708,-32.51347766610419
truth90_validation,all,Linear,Phys_v2.physical_excess_distributions.angle.positive.p99,87,-47.669266598607685,-44.398150381510305,1.0,0.0,-52.76086650176915,-42.80912559464115
truth90_validation,all,Linear,Phys_v2.physical_excess_distributions.bond.all.count,90,0.0,0.0,0.0,1.0,0.0,0.0
truth90_validation,all,Linear,Phys_v2.physical_excess_distributions.bond.all.maximum,90,-13.577763175095564,-7.051849657074845,1.0,0.0,-16.84979785894713,-10.580666094523648
truth90_validation,all,Linear,Phys_v2.physical_excess_distributions.bond.all.mean,90,-2.08419097844108,-0.7354240395504804,1.0,0.0,-2.728018225716738,-1.482910919303111
truth90_validation,all,Linear,Phys_v2.physical_excess_distributions.bond.all.p50,90,-1.3335263291609218,-0.2375161706476689,0.9,0.1,-1.854296713245201,-0.8763518486537194
truth90_validation,all,Linear,Phys_v2.physical_excess_distributions.bond.all.p90,90,-5.0965990587136885,-2.1611178816293846,1.0,0.0,-6.593372493829256,-3.7149130599290303
truth90_validation,all,Linear,Phys_v2.physical_excess_distributions.bond.all.p95,90,-6.99053594783953,-3.1677544999260956,1.0,0.0,-8.75809954772681,-5.233578209771576
truth90_validation,all,Linear,Phys_v2.physical_excess_distributions.bond.all.p99,90,-10.861099672197447,-5.22565852385614,1.0,0.0,-13.599761632987601,-8.415052125494508
truth90_validation,all,Linear,Phys_v2.physical_excess_distributions.bond.positive.count,90,-1147.4333333333334,-563.0,1.0,0.0,-1457.786388888889,-876.8794444444445
truth90_validation,all,Linear,Phys_v2.physical_excess_distributions.bond.positive.maximum,84,-13.86386752981998,-7.3090978371518425,1.0,0.0,-17.198692991467563,-10.786605516624132
truth90_validation,all,Linear,Phys_v2.physical_excess_distributions.bond.positive.mean,84,-2.2430562651087733,-0.948399159101154,1.0,0.0,-2.839678131992052,-1.6495995280486937
truth90_validation,all,Linear,Phys_v2.physical_excess_distributions.bond.positive.p50,84,-1.470544357388395,-0.42400260514515786,1.0,0.0,-1.980138315899742,-1.0065569145934379
truth90_validation,all,Linear,Phys_v2.physical_excess_distributions.bond.positive.p90,84,-5.370975167646963,-2.846848524672799,1.0,0.0,-6.730062540540187,-4.028689935939955
truth90_validation,all,Linear,Phys_v2.physical_excess_distributions.bond.positive.p95,84,-7.327416666266553,-3.6781684778890886,1.0,0.0,-9.166132192629957,-5.745689227971363
truth90_validation,all,Linear,Phys_v2.physical_excess_distributions.bond.positive.p99,84,-11.263070343397912,-5.910796857369105,1.0,0.0,-14.034377786539409,-8.809353703860657
truth90_validation,all,Linear,Phys_v2.physical_excess_distributions.environment_depth_angstrom.all.count,90,0.0,0.0,0.0,1.0,0.0,0.0
truth90_validation,all,Linear,Phys_v2.physical_excess_distributions.environment_depth_angstrom.all.maximum,90,-0.6127966955327105,-0.6729128448257725,0.8,0.12222222222222222,-0.7187889732820967,-0.5109963978114094
truth90_validation,all,Linear,Phys_v2.physical_excess_distributions.environment_depth_angstrom.all.mean,90,-1.4444035331045717e-05,-7.56537952258374e-06,0.8111111111111111,0.12222222222222222,-1.9380177534788432e-05,-1.0423832337115509e-05
truth90_validation,all,Linear,Phys_v2.physical_excess_distributions.environment_depth_angstrom.all.p50,90,0.0,0.0,0.0,1.0,0.0,0.0
truth90_validation,all,Linear,Phys_v2.physical_excess_distributions.environment_depth_angstrom.all.p90,90,0.0,0.0,0.0,1.0,0.0,0.0
truth90_validation,all,Linear,Phys_v2.physical_excess_distributions.environment_depth_angstrom.all.p95,90,0.0,0.0,0.0,1.0,0.0,0.0
truth90_validation,all,Linear,Phys_v2.physical_excess_distributions.environment_depth_angstrom.all.p99,90,0.0,0.0,0.0,1.0,0.0,0.0
truth90_validation,all,Linear,Phys_v2.physical_excess_distributions.environment_depth_angstrom.positive.count,90,-149.3111111111111,-26.0,0.8,0.13333333333333333,-204.13944444444445,-100.89694444444453
truth90_validation,all,Linear,Phys_v2.physical_excess_distributions.environment_depth_angstrom.positive.maximum,26,-0.4910095388750462,-0.5454928253739806,0.8076923076923077,0.0,-0.6730833196591149,-0.3022653053116797
truth90_validation,all,Linear,Phys_v2.physical_excess_distributions.environment_depth_angstrom.positive.mean,26,-0.1026499945916308,-0.1422885081543559,0.8076923076923077,0.0,-0.1544697882682148,-0.05167507992316061
truth90_validation,all,Linear,Phys_v2.physical_excess_distributions.environment_depth_angstrom.positive.p50,26,-0.07688009184235632,-0.09382352849461739,0.8076923076923077,0.0,-0.1202627448814548,-0.026619253489336872
truth90_validation,all,Linear,Phys_v2.physical_excess_distributions.environment_depth_angstrom.positive.p90,26,-0.2698907318458572,-0.3738609885941526,0.7692307692307693,0.0,-0.4005348203569104,-0.1400547546915624
truth90_validation,all,Linear,Phys_v2.physical_excess_distributions.environment_depth_angstrom.positive.p95,26,-0.32220396605585666,-0.43492462412127897,0.7692307692307693,0.0,-0.46655824581113897,-0.16279064482984862
truth90_validation,all,Linear,Phys_v2.physical_excess_distributions.environment_depth_angstrom.positive.p99,26,-0.4092639300222049,-0.49719416371373104,0.8076923076923077,0.0,-0.5798244940178244,-0.24139999794260447
truth90_validation,all,Linear,Phys_v2.physical_excess_distributions.self_depth_angstrom.all.count,90,0.0,0.0,0.0,1.0,0.0,0.0
truth90_validation,all,Linear,Phys_v2.physical_excess_distributions.self_depth_angstrom.all.maximum,90,-0.09005856693179859,0.0,0.13333333333333333,0.8444444444444444,-0.15408519309834173,-0.031912876658908775
truth90_validation,all,Linear,Phys_v2.physical_excess_distributions.self_depth_angstrom.all.mean,90,-8.909745512729934e-05,0.0,0.13333333333333333,0.8444444444444444,-0.00015527920418829372,-3.5062407073505056e-05
truth90_validation,all,Linear,Phys_v2.physical_excess_distributions.self_depth_angstrom.all.p50,90,0.0,0.0,0.0,1.0,0.0,0.0
truth90_validation,all,Linear,Phys_v2.physical_excess_distributions.self_depth_angstrom.all.p90,90,0.0,0.0,0.0,1.0,0.0,0.0
truth90_validation,all,Linear,Phys_v2.physical_excess_distributions.self_depth_angstrom.all.p95,90,0.0,0.0,0.0,1.0,0.0,0.0
truth90_validation,all,Linear,Phys_v2.physical_excess_distributions.self_depth_angstrom.all.p99,90,0.0,0.0,0.0,1.0,0.0,0.0
truth90_validation,all,Linear,Phys_v2.physical_excess_distributions.self_depth_angstrom.positive.count,90,-5.022222222222222,0.0,0.13333333333333333,0.8444444444444444,-9.33361111111111,-1.6666666666666667
truth90_validation,all,Linear,Phys_v2.physical_excess_distributions.self_depth_angstrom.positive.maximum,2,-0.20645966090201667,-0.20645966090201667,0.5,0.0,-0.8879557409783218,0.4750364191742884
truth90_validation,all,Linear,Phys_v2.physical_excess_distributions.self_depth_angstrom.positive.mean,2,0.02171367846850833,0.02171367846850833,0.5,0.0,-0.21886933280539667,0.2622966897424133
truth90_validation,all,Linear,Phys_v2.physical_excess_distributions.self_depth_angstrom.positive.p50,2,0.028189507521916457,0.028189507521916457,0.5,0.0,-0.15674490343582648,0.2131239184796594
truth90_validation,all,Linear,Phys_v2.physical_excess_distributions.self_depth_angstrom.positive.p90,2,-0.02745193292931919,-0.02745193292931919,0.5,0.0,-0.5978656325234127,0.5429617666647744
truth90_validation,all,Linear,Phys_v2.physical_excess_distributions.self_depth_angstrom.positive.p95,2,-0.12178871409810965,-0.12178871409810965,0.5,0.0,-0.7525765211157509,0.5089990929195316
truth90_validation,all,Linear,Phys_v2.physical_excess_distributions.self_depth_angstrom.positive.p99,2,-0.19316477070014118,-0.19316477070014118,0.5,0.0,-0.8681584953236196,0.4818289539233372
truth90_validation,all,Linear,Phys_v2.windows.early.valid_frame_fraction,90,0.8990446796002352,1.0,0.0,0.0,0.8597663139329808,0.9322982804232804
truth90_validation,all,Linear,Phys_v2.windows.late.valid_frame_fraction,90,0.8883190883190882,1.0,0.0,0.011111111111111112,0.8380128205128204,0.9341880341880342
truth90_validation,all,Linear,Phys_v2.windows.middle.valid_frame_fraction,90,0.9092886537330982,1.0,0.0,0.03333333333333333,0.8591402116402115,0.9526234567901235
truth90_validation,all,Linear,Phys_v2_common_heavy.assessed_tail_valid_frame_fraction,90,0.8552777777777779,0.9,0.0,0.0,0.8226354166666666,0.8872222222222221
truth90_validation,all,NeuralMD,Phys_v2_common_heavy.assessed_tail_valid_frame_fraction,90,0.17444444444444446,0.0,0.13333333333333333,0.45555555555555555,0.11097222222222224,0.24083680555555556
truth90_validation,all,Linear,Phys_v2_common_heavy.bonded_distribution_comparison.angle.mean_wasserstein,90,-9.756306569269947,-5.6290011024826985,1.0,0.0,-11.497301400880387,-8.032353762444975
truth90_validation,all,NeuralMD,Phys_v2_common_heavy.bonded_distribution_comparison.angle.mean_wasserstein,90,0.7784585033830429,1.080826996710247,0.23333333333333334,0.0,0.43398493069296806,1.095014494638282
truth90_validation,all,Linear,Phys_v2_common_heavy.bonded_distribution_comparison.angle.predicted_constraint_variance_mean,90,-32.29272699587999,-7.742400286029911,0.6444444444444445,0.0,-43.742052749266314,-21.91781934804534
truth90_validation,all,NeuralMD,Phys_v2_common_heavy.bonded_distribution_comparison.angle.predicted_constraint_variance_mean,90,23.628319372052538,22.625276604543558,0.022222222222222223,0.0,20.919554863299624,26.280092395570172
truth90_validation,all,Linear,Phys_v2_common_heavy.bonded_distribution_comparison.angle.predicted_within_path_variance_mean,90,-32.29272699587999,-7.742400286029911,0.6444444444444445,0.0,-44.1184364529024,-22.190569915100465
truth90_validation,all,NeuralMD,Phys_v2_common_heavy.bonded_distribution_comparison.angle.predicted_within_path_variance_mean,90,23.628319372052538,22.625276604543558,0.022222222222222223,0.0,20.8730979762962,26.401088109363194
truth90_validation,all,Linear,Phys_v2_common_heavy.bonded_distribution_comparison.angle.reference_constraint_variance_mean,90,0.0,0.0,0.0,1.0,0.0,0.0
truth90_validation,all,NeuralMD,Phys_v2_common_heavy.bonded_distribution_comparison.angle.reference_constraint_variance_mean,90,0.0,0.0,0.0,1.0,0.0,0.0
truth90_validation,all,Linear,Phys_v2_common_heavy.bonded_distribution_comparison.bond.mean_wasserstein,90,-1.8035158335790438,-0.5465564823548026,1.0,0.0,-2.4649235463204175,-1.2470819773632833
truth90_validation,all,NeuralMD,Phys_v2_common_heavy.bonded_distribution_comparison.bond.mean_wasserstein,90,0.0019173551263686295,0.012168761398481201,0.36666666666666664,0.0,-0.004853264987096411,0.00782399506887686
truth90_validation,all,Linear,Phys_v2_common_heavy.bonded_distribution_comparison.bond.predicted_constraint_variance_mean,90,-5.82793853504119,-0.31576384786405154,1.0,0.0,-8.827828708988367,-3.1423118115669313
truth90_validation,all,NeuralMD,Phys_v2_common_heavy.bonded_distribution_comparison.bond.predicted_constraint_variance_mean,90,0.001545240853190033,0.002122341557762652,0.07777777777777778,0.0,0.00038698173848465255,0.002328189571226773
truth90_validation,all,Linear,Phys_v2_common_heavy.bonded_distribution_comparison.bond.predicted_within_path_variance_mean,90,-5.82793853504119,-0.31576384786405154,1.0,0.0,-8.792255171027767,-3.0953985333219753
truth90_validation,all,NeuralMD,Phys_v2_common_heavy.bonded_distribution_comparison.bond.predicted_within_path_variance_mean,90,0.001545240853190033,0.002122341557762652,0.07777777777777778,0.0,0.0004995572305594917,0.0023139275112293717
truth90_validation,all,Linear,Phys_v2_common_heavy.bonded_distribution_comparison.bond.reference_constraint_variance_mean,90,0.0,0.0,0.0,1.0,0.0,0.0
truth90_validation,all,NeuralMD,Phys_v2_common_heavy.bonded_distribution_comparison.bond.reference_constraint_variance_mean,90,0.0,0.0,0.0,1.0,0.0,0.0
truth90_validation,all,Linear,Phys_v2_common_heavy.chemistry.checked_centres,90,0.0,0.0,0.0,1.0,0.0,0.0
truth90_validation,all,NeuralMD,Phys_v2_common_heavy.chemistry.checked_centres,90,0.0,0.0,0.0,1.0,0.0,0.0
truth90_validation,all,Linear,Phys_v2_common_heavy.extra_mean_squared_severity.angle_degrees,90,-272.62762523580517,-86.8226522524639,1.0,0.0,-375.59662641449376,-194.54876008281343
truth90_validation,all,NeuralMD,Phys_v2_common_heavy.extra_mean_squared_severity.angle_degrees,90,-2.3021285320676204,6.524380279346082e-05,0.3333333333333333,0.05555555555555555,-6.508948642757032,-0.1648072998024352
truth90_validation,all,Linear,Phys_v2_common_heavy.extra_mean_squared_severity.bond_relative,90,-10.656384604386162,-0.4702067147934877,1.0,0.0,-16.52331469348419,-5.6549285325899925
truth90_validation,all,NeuralMD,Phys_v2_common_heavy.extra_mean_squared_severity.bond_relative,90,-0.001222829912204624,-1.058629351844066e-06,0.6222222222222222,0.03333333333333333,-0.002244328724130451,-0.00045821106146648856
truth90_validation,all,Linear,Phys_v2_common_heavy.extra_mean_squared_severity.environment_compression,90,-0.011119039895064728,-0.0040157595202794695,0.8111111111111111,0.12222222222222222,-0.014329549715466273,-0.008167905011407432
truth90_validation,all,NeuralMD,Phys_v2_common_heavy.extra_mean_squared_severity.environment_compression,90,0.00022258739603375335,0.0,0.0,0.6888888888888889,7.291999318948302e-05,0.0004531310042514421
truth90_validation,all,Linear,Phys_v2_common_heavy.extra_mean_squared_severity.self_compression,90,-1.982024494639646e-05,0.0,0.13333333333333333,0.8444444444444444,-3.6158801227229917e-05,-7.405934437496611e-06
truth90_validation,all,NeuralMD,Phys_v2_common_heavy.extra_mean_squared_severity.self_compression,90,1.522196434089893e-07,0.0,0.0,0.9666666666666667,0.0,3.974965748959053e-07
truth90_validation,all,Linear,Phys_v2_common_heavy.families.angle_degrees.anomaly_frame_fraction,90,-0.7656944444444443,-0.85,0.9888888888888889,0.011111111111111112,-0.80625,-0.7190243055555555
truth90_validation,all,NeuralMD,Phys_v2_common_heavy.families.angle_degrees.anomaly_frame_fraction,90,-0.049027777777777774,0.0,0.18888888888888888,0.7555555555555555,-0.08180902777777777,-0.019440972222222234
truth90_validation,all,Linear,Phys_v2_common_heavy.families.angle_degrees.constraint_anomaly_fraction,90,-0.2529295926394749,-0.17394502516453736,0.9888888888888889,0.011111111111111112,-0.2938715829312586,-0.2138657027621659
truth90_validation,all,NeuralMD,Phys_v2_common_heavy.families.angle_degrees.constraint_anomaly_fraction,90,-0.007617757955633896,0.0,0.18888888888888888,0.7555555555555555,-0.016743339414779734,-0.001262342207361005
truth90_validation,all,Linear,Phys_v2_common_heavy.families.angle_degrees.constraint_distribution.all.count,90,0.0,0.0,0.0,1.0,0.0,0.0
truth90_validation,all,NeuralMD,Phys_v2_common_heavy.families.angle_degrees.constraint_distribution.all.count,90,0.0,0.0,0.0,1.0,0.0,0.0
truth90_validation,all,Linear,Phys_v2_common_heavy.families.angle_degrees.constraint_distribution.all.maximum,90,-45.27932856684268,-41.179910508384935,0.9888888888888889,0.0,-50.73201411228325,-39.911232271535994
truth90_validation,all,NeuralMD,Phys_v2_common_heavy.families.angle_degrees.constraint_distribution.all.maximum,90,1.0238445707567405,0.14153483862718425,0.3,0.05555555555555555,-1.256376141583444,3.668109301132538
truth90_validation,all,Linear,Phys_v2_common_heavy.families.angle_degrees.constraint_distribution.all.mean,90,-7.279275674036465,-3.8793116981710374,1.0,0.0,-8.780816510687737,-5.830850602370667
truth90_validation,all,NeuralMD,Phys_v2_common_heavy.families.angle_degrees.constraint_distribution.all.mean,90,-0.15027255426237981,0.0006616352220590504,0.34444444444444444,0.05555555555555555,-0.3309948647752471,-0.03530607973745091
truth90_validation,all,Linear,Phys_v2_common_heavy.families.angle_degrees.constraint_distribution.all.p50,90,-2.768231865450727,0.0,0.4,0.6,-4.104876268419153,-1.6551319029930325
truth90_validation,all,NeuralMD,Phys_v2_common_heavy.families.angle_degrees.constraint_distribution.all.p50,90,0.0,0.0,0.0,1.0,0.0,0.0
truth90_validation,all,Linear,Phys_v2_common_heavy.families.angle_degrees.constraint_distribution.all.p90,90,-21.689895005297878,-13.007095172877287,1.0,0.0,-25.561999837271017,-17.961439117747037
truth90_validation,all,NeuralMD,Phys_v2_common_heavy.families.angle_degrees.constraint_distribution.all.p90,90,-0.4020160476101784,0.0,0.07777777777777778,0.7555555555555555,-1.0172095917515946,0.0017080619616175819
truth90_validation,all,Linear,Phys_v2_common_heavy.families.angle_degrees.constraint_distribution.all.p95,90,-29.000615504974792,-21.421140596120864,1.0,0.0,-33.44190433108797,-24.421738553819054
truth90_validation,all,NeuralMD,Phys_v2_common_heavy.families.angle_degrees.constraint_distribution.all.p95,90,-0.7735353266656416,0.0,0.25555555555555554,0.45555555555555555,-1.4868639392668528,-0.2510858996775808
truth90_validation,all,Linear,Phys_v2_common_heavy.families.angle_degrees.constraint_distribution.all.p99,90,-42.2608010375254,-37.4048141240995,1.0,0.0,-47.61467290684403,-36.75531945922151
truth90_validation,all,NeuralMD,Phys_v2_common_heavy.families.angle_degrees.constraint_distribution.all.p99,90,-1.8165232638008506,0.0110496735922882,0.32222222222222224,0.13333333333333333,-2.767048235066798,-0.9809718073874862
truth90_validation,all,Linear,Phys_v2_common_heavy.families.angle_degrees.constraint_distribution.positive.count,90,-586.4666666666667,-243.5,1.0,0.0,-760.246388888889,-434.9019444444445
truth90_validation,all,NeuralMD,Phys_v2_common_heavy.families.angle_degrees.constraint_distribution.positive.count,90,33.08888888888889,11.0,0.2222222222222222,0.06666666666666667,-0.25638888888888883,77.19416666666663
truth90_validation,all,Linear,Phys_v2_common_heavy.families.angle_degrees.constraint_distribution.positive.maximum,84,-44.48555292530229,-41.179910508384935,0.9880952380952381,0.0,-49.86900271188821,-39.22776204277715
truth90_validation,all,NeuralMD,Phys_v2_common_heavy.families.angle_degrees.constraint_distribution.positive.maximum,32,-2.66536712140404,-5.342052448080642,0.8125,0.0,-7.343421596097099,2.8333459343221286
truth90_validation,all,Linear,Phys_v2_common_heavy.families.angle_degrees.constraint_distribution.positive.mean,84,-13.186493027670688,-10.305004399838959,1.0,0.0,-15.137736315377028,-11.39861432156936
truth90_validation,all,NeuralMD,Phys_v2_common_heavy.families.angle_degrees.constraint_distribution.positive.mean,32,-2.8028957103623315,-2.3416909728603343,0.96875,0.0,-3.7436033721322723,-2.034638601726584
truth90_validation,all,Linear,Phys_v2_common_heavy.families.angle_degrees.constraint_distribution.positive.p50,84,-10.474285711552238,-7.473461963024549,1.0,0.0,-12.584353343350545,-8.7050119066231
truth90_validation,all,NeuralMD,Phys_v2_common_heavy.families.angle_degrees.constraint_distribution.positive.p50,32,-2.3673926707817827,-1.7230101250564118,1.0,0.0,-3.3420062742641465,-1.6378026045289475
truth90_validation,all,Linear,Phys_v2_common_heavy.families.angle_degrees.constraint_distribution.positive.p90,84,-28.845874890952526,-25.380841165221028,1.0,0.0,-32.86911062052523,-25.08801338558582
truth90_validation,all,NeuralMD,Phys_v2_common_heavy.families.angle_degrees.constraint_distribution.positive.p90,32,-6.204798593109041,-5.211311404414983,0.96875,0.0,-8.178657775414871,-4.631870862390432
truth90_validation,all,Linear,Phys_v2_common_heavy.families.angle_degrees.constraint_distribution.positive.p95,84,-35.5952577491487,-32.34564858711003,1.0,0.0,-40.01401724747614,-31.02007784657421
truth90_validation,all,NeuralMD,Phys_v2_common_heavy.families.angle_degrees.constraint_distribution.positive.p95,32,-7.030505819272088,-5.786872798797698,0.96875,0.0,-9.164088654766774,-5.270357733317689
truth90_validation,all,Linear,Phys_v2_common_heavy.families.angle_degrees.constraint_distribution.positive.p99,84,-44.098389164711456,-40.528181533469066,1.0,0.0,-49.445420397993615,-38.652395042933875
truth90_validation,all,NeuralMD,Phys_v2_common_heavy.families.angle_degrees.constraint_distribution.positive.p99,32,-7.277606212730531,-6.571174343751103,0.9375,0.0,-9.842128508421512,-4.956929066179777
truth90_validation,all,Linear,Phys_v2_common_heavy.families.angle_degrees.finite_mean_squared_severity,90,-272.6276252358051,-86.8226522524639,1.0,0.0,-366.3657568376527,-195.42548742698926
truth90_validation,all,NeuralMD,Phys_v2_common_heavy.families.angle_degrees.finite_mean_squared_severity,90,-2.3021285320676204,6.524380279346082e-05,0.3333333333333333,0.05555555555555555,-6.081776410082575,-0.17400991329128712
truth90_validation,all,Linear,Phys_v2_common_heavy.families.angle_degrees.frame_maximum_distribution.all.count,90,0.0,0.0,0.0,1.0,0.0,0.0
truth90_validation,all,NeuralMD,Phys_v2_common_heavy.families.angle_degrees.frame_maximum_distribution.all.count,90,0.0,0.0,0.0,1.0,0.0,0.0
truth90_validation,all,Linear,Phys_v2_common_heavy.families.angle_degrees.frame_maximum_distribution.all.maximum,90,-45.27932856684268,-41.179910508384935,0.9888888888888889,0.0,-50.451562200188135,-40.051346769106836
truth90_validation,all,NeuralMD,Phys_v2_common_heavy.families.angle_degrees.frame_maximum_distribution.all.maximum,90,1.0238445707567405,0.14153483862718425,0.3,0.05555555555555555,-1.4068320887272685,3.64514364732639
truth90_validation,all,Linear,Phys_v2_common_heavy.families.angle_degrees.frame_maximum_distribution.all.mean,90,-32.02499807704116,-27.533909024285794,1.0,0.0,-36.7679136609717,-27.100039771358514
truth90_validation,all,NeuralMD,Phys_v2_common_heavy.families.angle_degrees.frame_maximum_distribution.all.mean,90,-0.5609882513020744,0.01726851494870866,0.3333333333333333,0.05555555555555555,-1.2149365912575962,0.17622255728478475
truth90_validation,all,Linear,Phys_v2_common_heavy.families.angle_degrees.frame_maximum_distribution.all.p50,90,-35.539552062138235,-29.716357631588288,1.0,0.0,-40.955108040427454,-30.439819162370192
truth90_validation,all,NeuralMD,Phys_v2_common_heavy.families.angle_degrees.frame_maximum_distribution.all.p50,90,-0.629940000264787,0.0,0.2,0.34444444444444444,-1.2183941789778474,-0.09836466821986432
truth90_validation,all,Linear,Phys_v2_common_heavy.families.angle_degrees.frame_maximum_distribution.all.p90,90,-46.31020663768757,-41.27714909161773,1.0,0.0,-51.70906287263489,-40.5250651884189
truth90_validation,all,NeuralMD,Phys_v2_common_heavy.families.angle_degrees.frame_maximum_distribution.all.p90,90,-1.7222614097498912,0.031582313992200496,0.34444444444444444,0.06666666666666667,-3.127948545291702,-0.2669946697709518
truth90_validation,all,Linear,Phys_v2_common_heavy.families.angle_degrees.frame_maximum_distribution.all.p95,90,-46.73805299205031,-42.48237751751659,0.9888888888888889,0.0,-52.30323055897089,-41.28732414730948
truth90_validation,all,NeuralMD,Phys_v2_common_heavy.families.angle_degrees.frame_maximum_distribution.all.p95,90,-1.2536111859030723,0.08749999614861312,0.32222222222222224,0.05555555555555555,-2.6810328405953245,0.4881751065983115
truth90_validation,all,Linear,Phys_v2_common_heavy.families.angle_degrees.frame_maximum_distribution.all.p99,90,-45.81797495175627,-41.88918367133852,0.9888888888888889,0.0,-51.31887793659649,-40.55803732423011
truth90_validation,all,NeuralMD,Phys_v2_common_heavy.families.angle_degrees.frame_maximum_distribution.all.p99,90,0.32828636262060834,0.12623731966254537,0.3,0.05555555555555555,-1.7446896280146729,2.483300243085839
truth90_validation,all,Linear,Phys_v2_common_heavy.families.angle_degrees.frame_maximum_distribution.positive.count,90,-16.122222222222224,-6.0,0.7333333333333333,0.17777777777777778,-21.13361111111111,-11.26638888888889
truth90_validation,all,NeuralMD,Phys_v2_common_heavy.families.angle_degrees.frame_maximum_distribution.positive.count,90,3.6,6.0,0.16666666666666666,0.06666666666666667,-0.18888888888888888,7.0
truth90_validation,all,Linear,Phys_v2_common_heavy.families.angle_degrees.frame_maximum_distribution.positive.maximum,84,-44.48555292530229,-41.179910508384935,0.9880952380952381,0.0,-49.72993561387559,-39.288029232421245
truth90_validation,all,NeuralMD,Phys_v2_common_heavy.families.angle_degrees.frame_maximum_distribution.positive.maximum,32,-2.66536712140404,-5.342052448080642,0.8125,0.0,-6.99002803925436,2.3893014139510647
truth90_validation,all,Linear,Phys_v2_common_heavy.families.angle_degrees.frame_maximum_distribution.positive.mean,84,-32.761815349529456,-27.81363037163664,1.0,0.0,-37.32264552027894,-28.120333825139983
truth90_validation,all,NeuralMD,Phys_v2_common_heavy.families.angle_degrees.frame_maximum_distribution.positive.mean,32,-4.308841183432031,-3.861693312779134,0.96875,0.0,-5.568988375643977,-3.0655558690626377
truth90_validation,all,Linear,Phys_v2_common_heavy.families.angle_degrees.frame_maximum_distribution.positive.p50,84,-36.37851754357897,-29.96564540672282,1.0,0.0,-41.81903065797551,-31.12126875053288
truth90_validation,all,NeuralMD,Phys_v2_common_heavy.families.angle_degrees.frame_maximum_distribution.positive.p50,32,-4.703802585499707,-4.011096377041571,1.0,0.0,-6.004285004640858,-3.3448780321197504
truth90_validation,all,Linear,Phys_v2_common_heavy.families.angle_degrees.frame_maximum_distribution.positive.p90,84,-45.87868305700181,-41.581888898138665,1.0,0.0,-51.39144957627293,-39.99297346091658
truth90_validation,all,NeuralMD,Phys_v2_common_heavy.families.angle_degrees.frame_maximum_distribution.positive.p90,32,-7.6230145828939415,-6.670146055637149,0.9375,0.0,-9.97844252601688,-5.570338033306987
truth90_validation,all,Linear,Phys_v2_common_heavy.families.angle_degrees.frame_maximum_distribution.positive.p95,84,-46.04797228729556,-42.63043779589296,0.9880952380952381,0.0,-51.412401908198376,-40.43371742079574
truth90_validation,all,NeuralMD,Phys_v2_common_heavy.families.angle_degrees.frame_maximum_distribution.positive.p95,32,-6.439314949005394,-6.5662051872766245,0.875,0.0,-8.885106419271109,-4.040363560964376
truth90_validation,all,Linear,Phys_v2_common_heavy.families.angle_degrees.frame_maximum_distribution.positive.p99,84,-44.923436801363664,-41.89466721650483,0.9880952380952381,0.0,-50.39218349798059,-39.53660218280866
truth90_validation,all,NeuralMD,Phys_v2_common_heavy.families.angle_degrees.frame_maximum_distribution.positive.p99,32,-3.731946097921391,-5.374714519614084,0.8125,0.0,-7.4465594479054795,0.43960262140342676
truth90_validation,all,Linear,Phys_v2_common_heavy.families.angle_degrees.threshold,90,0.0,0.0,0.0,1.0,0.0,0.0
truth90_validation,all,NeuralMD,Phys_v2_common_heavy.families.angle_degrees.threshold,90,0.0,0.0,0.0,1.0,0.0,0.0
truth90_validation,all,Linear,Phys_v2_common_heavy.families.bond_relative.anomaly_frame_fraction,90,-0.91125,-0.95625,1.0,0.0,-0.9344479166666666,-0.888329861111111
truth90_validation,all,NeuralMD,Phys_v2_common_heavy.families.bond_relative.anomaly_frame_fraction,90,-0.2304166666666667,0.0,0.4444444444444444,0.5333333333333333,-0.29333333333333333,-0.17054861111111114
truth90_validation,all,Linear,Phys_v2_common_heavy.families.bond_relative.constraint_anomaly_fraction,90,-0.6067348347656231,-0.6109797297297297,1.0,0.0,-0.6609894151626968,-0.5547645455592805
truth90_validation,all,NeuralMD,Phys_v2_common_heavy.families.bond_relative.constraint_anomaly_fraction,90,-0.047652361409872786,0.0,0.4444444444444444,0.5333333333333333,-0.06657574407976902,-0.031228048640252096
truth90_validation,all,Linear,Phys_v2_common_heavy.families.bond_relative.constraint_distribution.all.count,90,0.0,0.0,0.0,1.0,0.0,0.0
truth90_validation,all,NeuralMD,Phys_v2_common_heavy.families.bond_relative.constraint_distribution.all.count,90,0.0,0.0,0.0,1.0,0.0,0.0
truth90_validation,all,Linear,Phys_v2_common_heavy.families.bond_relative.constraint_distribution.all.maximum,90,-7.261287760849209,-3.6745905947617326,1.0,0.0,-9.301195830199983,-5.40842248714484
truth90_validation,all,NeuralMD,Phys_v2_common_heavy.families.bond_relative.constraint_distribution.all.maximum,90,-0.09859725701866749,-0.012846103348039106,0.6666666666666666,0.03333333333333333,-0.14833035072384157,-0.05623983820177528
truth90_validation,all,Linear,Phys_v2_common_heavy.families.bond_relative.constraint_distribution.all.mean,90,-1.2316747336332556,-0.35874652647005817,1.0,0.0,-1.688926658793814,-0.8225055620770637
truth90_validation,all,NeuralMD,Phys_v2_common_heavy.families.bond_relative.constraint_distribution.all.mean,90,-0.005802938553454086,-5.148449953993139e-05,0.5444444444444444,0.03333333333333333,-0.008998162553769682,-0.0033420103404714725
truth90_validation,all,Linear,Phys_v2_common_heavy.families.bond_relative.constraint_distribution.all.p50,90,-0.8498965227193358,-0.0937352048541775,0.7777777777777778,0.2222222222222222,-1.2170324257384708,-0.5192372498884751
truth90_validation,all,NeuralMD,Phys_v2_common_heavy.families.bond_relative.constraint_distribution.all.p50,90,-0.00034971210159533156,0.0,0.022222222222222223,0.9555555555555556,-0.0011104478918872267,8.080556584643248e-05
truth90_validation,all,Linear,Phys_v2_common_heavy.families.bond_relative.constraint_distribution.all.p90,90,-2.831877668398276,-0.9896754592491068,1.0,0.0,-3.7730991311233444,-1.9936558734932925
truth90_validation,all,NeuralMD,Phys_v2_common_heavy.families.bond_relative.constraint_distribution.all.p90,90,-0.019394328288540787,0.0,0.34444444444444444,0.4,-0.02957985226305524,-0.01122828695715516
truth90_validation,all,Linear,Phys_v2_common_heavy.families.bond_relative.constraint_distribution.all.p95,90,-3.944839196700129,-1.5992130169122327,1.0,0.0,-5.227516166319089,-2.7804989147841392
truth90_validation,all,NeuralMD,Phys_v2_common_heavy.families.bond_relative.constraint_distribution.all.p95,90,-0.03054599760857612,0.0,0.37777777777777777,0.3111111111111111,-0.04564971808846046,-0.018003424312495863
truth90_validation,all,Linear,Phys_v2_common_heavy.families.bond_relative.constraint_distribution.all.p99,90,-5.964446890119312,-2.861253889217678,1.0,0.0,-7.849415400250072,-4.331654706558125
truth90_validation,all,NeuralMD,Phys_v2_common_heavy.families.bond_relative.constraint_distribution.all.p99,90,-0.06491593391938676,-0.003213529369277098,0.5333333333333333,0.07777777777777778,-0.09149370475050526,-0.040178384624841794
truth90_validation,all,Linear,Phys_v2_common_heavy.families.bond_relative.constraint_distribution.positive.count,90,-605.0555555555555,-324.5,1.0,0.0,-763.2661111111112,-456.21388888888896
truth90_validation,all,NeuralMD,Phys_v2_common_heavy.families.bond_relative.constraint_distribution.positive.count,90,-28.344444444444445,5.5,0.3111111111111111,0.044444444444444446,-72.15833333333333,15.659444444444423
truth90_validation,all,Linear,Phys_v2_common_heavy.families.bond_relative.constraint_distribution.positive.maximum,83,-7.4288421231798365,-4.06559004749196,1.0,0.0,-9.646471310735668,-5.458122387071178
truth90_validation,all,NeuralMD,Phys_v2_common_heavy.families.bond_relative.constraint_distribution.positive.maximum,60,-0.1455449794542375,-0.06565516426629875,0.9333333333333333,0.0,-0.21744235436596154,-0.08833787763780691
truth90_validation,all,Linear,Phys_v2_common_heavy.families.bond_relative.constraint_distribution.positive.mean,83,-1.3727210064288577,-0.5360407737495461,1.0,0.0,-1.8550059068982452,-0.957465782054918
truth90_validation,all,NeuralMD,Phys_v2_common_heavy.families.bond_relative.constraint_distribution.positive.mean,60,-0.031923200773130156,-0.025114225645236205,0.9833333333333333,0.0,-0.040974543352454484,-0.023972759857026585
truth90_validation,all,Linear,Phys_v2_common_heavy.families.bond_relative.constraint_distribution.positive.p50,83,-0.9789888948886313,-0.253849029373191,1.0,0.0,-1.3587749377125418,-0.6429224687632372
truth90_validation,all,NeuralMD,Phys_v2_common_heavy.families.bond_relative.constraint_distribution.positive.p50,60,-0.02360956375513746,-0.020523963358937747,1.0,0.0,-0.030003180491185187,-0.018109749710782653
truth90_validation,all,Linear,Phys_v2_common_heavy.families.bond_relative.constraint_distribution.positive.p90,83,-3.1104264319291275,-1.4513134452934036,1.0,0.0,-4.085716108348689,-2.2437553583946617
truth90_validation,all,NeuralMD,Phys_v2_common_heavy.families.bond_relative.constraint_distribution.positive.p90,60,-0.06935128112693009,-0.051557982610947586,0.9833333333333333,0.0,-0.09231631924837681,-0.05080902815162175
truth90_validation,all,Linear,Phys_v2_common_heavy.families.bond_relative.constraint_distribution.positive.p95,83,-4.24812006005911,-2.0417952337273833,1.0,0.0,-5.612024847420461,-3.032007261583496
truth90_validation,all,NeuralMD,Phys_v2_common_heavy.families.bond_relative.constraint_distribution.positive.p95,60,-0.09272909582507023,-0.05767003836461568,0.9666666666666667,0.0,-0.12431642586321912,-0.06440143481234277
truth90_validation,all,Linear,Phys_v2_common_heavy.families.bond_relative.constraint_distribution.positive.p99,83,-6.1941978342699135,-3.4709646025536034,1.0,0.0,-8.053882604367713,-4.4811517247492105
truth90_validation,all,NeuralMD,Phys_v2_common_heavy.families.bond_relative.constraint_distribution.positive.p99,60,-0.13069617613129075,-0.06487047506012673,0.9333333333333333,0.0,-0.19119163629841984,-0.08009278894293838
truth90_validation,all,Linear,Phys_v2_common_heavy.families.bond_relative.finite_mean_squared_severity,90,-10.656384604386163,-0.47020671479348775,1.0,0.0,-16.32709825711223,-5.759639430317972
truth90_validation,all,NeuralMD,Phys_v2_common_heavy.families.bond_relative.finite_mean_squared_severity,90,-0.001222829912204624,-1.0586293518440658e-06,0.6222222222222222,0.03333333333333333,-0.002340575620084698,-0.0004381478328220392
truth90_validation,all,Linear,Phys_v2_common_heavy.families.bond_relative.frame_maximum_distribution.all.count,90,0.0,0.0,0.0,1.0,0.0,0.0
truth90_validation,all,NeuralMD,Phys_v2_common_heavy.families.bond_relative.frame_maximum_distribution.all.count,90,0.0,0.0,0.0,1.0,0.0,0.0
truth90_validation,all,Linear,Phys_v2_common_heavy.families.bond_relative.frame_maximum_distribution.all.maximum,90,-7.261287760849209,-3.6745905947617326,1.0,0.0,-9.431898584855952,-5.422489524345631
truth90_validation,all,NeuralMD,Phys_v2_common_heavy.families.bond_relative.frame_maximum_distribution.all.maximum,90,-0.09859725701866749,-0.012846103348039106,0.6666666666666666,0.03333333333333333,-0.14809522044002954,-0.059552025175252446
truth90_validation,all,Linear,Phys_v2_common_heavy.families.bond_relative.frame_maximum_distribution.all.mean,90,-3.593881842331053,-1.8906187528618776,1.0,0.0,-4.696878063772415,-2.636697258943204
truth90_validation,all,NeuralMD,Phys_v2_common_heavy.families.bond_relative.frame_maximum_distribution.all.mean,90,-0.0419023192694367,-0.0022028890339847607,0.6,0.03333333333333333,-0.06360565501079626,-0.023543079128733973
truth90_validation,all,Linear,Phys_v2_common_heavy.families.bond_relative.frame_maximum_distribution.all.p50,90,-3.5621312753697274,-1.8600266767511315,1.0,0.0,-4.59703476687582,-2.5751428141056043
truth90_validation,all,NeuralMD,Phys_v2_common_heavy.families.bond_relative.frame_maximum_distribution.all.p50,90,-0.03868209131374097,0.0,0.4,0.24444444444444444,-0.06081113735481832,-0.020362244695577104
truth90_validation,all,Linear,Phys_v2_common_heavy.families.bond_relative.frame_maximum_distribution.all.p90,90,-6.5198179084580055,-3.3084420285596874,1.0,0.0,-8.481894793607877,-4.830268328031077
truth90_validation,all,NeuralMD,Phys_v2_common_heavy.families.bond_relative.frame_maximum_distribution.all.p90,90,-0.08813374337068433,-0.007609057055663433,0.6333333333333333,0.05555555555555555,-0.1313504039243738,-0.05186658941914791
truth90_validation,all,Linear,Phys_v2_common_heavy.families.bond_relative.frame_maximum_distribution.all.p95,90,-6.89141915003516,-3.489381122419826,1.0,0.0,-9.012878611828333,-5.117603598919746
truth90_validation,all,NeuralMD,Phys_v2_common_heavy.families.bond_relative.frame_maximum_distribution.all.p95,90,-0.09430651719334592,-0.010233292729264345,0.6555555555555556,0.03333333333333333,-0.14239506106746685,-0.054696477383680976
truth90_validation,all,Linear,Phys_v2_common_heavy.families.bond_relative.frame_maximum_distribution.all.p99,90,-7.187572422924287,-3.637548700293351,1.0,0.0,-9.158584187766829,-5.308308047668727
truth90_validation,all,NeuralMD,Phys_v2_common_heavy.families.bond_relative.frame_maximum_distribution.all.p99,90,-0.09800047065334506,-0.012286386114200045,0.6666666666666666,0.03333333333333333,-0.1452783057168872,-0.05574021008792776
truth90_validation,all,Linear,Phys_v2_common_heavy.families.bond_relative.frame_maximum_distribution.positive.count,90,-15.811111111111112,-7.0,0.7444444444444445,0.2222222222222222,-20.97888888888889,-11.233333333333333
truth90_validation,all,NeuralMD,Phys_v2_common_heavy.families.bond_relative.frame_maximum_distribution.positive.count,90,-4.322222222222222,3.5,0.2777777777777778,0.06666666666666667,-9.311666666666667,-0.12194444444444595
truth90_validation,all,Linear,Phys_v2_common_heavy.families.bond_relative.frame_maximum_distribution.positive.maximum,83,-7.4288421231798365,-4.06559004749196,1.0,0.0,-9.645526812627825,-5.435066977243815
truth90_validation,all,NeuralMD,Phys_v2_common_heavy.families.bond_relative.frame_maximum_distribution.positive.maximum,60,-0.1455449794542375,-0.06565516426629875,0.9333333333333333,0.0,-0.2169415711855338,-0.08697835810386774
truth90_validation,all,Linear,Phys_v2_common_heavy.families.bond_relative.frame_maximum_distribution.positive.mean,83,-3.696429496197361,-2.0050167403856953,1.0,0.0,-4.759980625280069,-2.719644882832823
truth90_validation,all,NeuralMD,Phys_v2_common_heavy.families.bond_relative.frame_maximum_distribution.positive.mean,60,-0.07269864014217976,-0.03471365280815849,0.9666666666666667,0.0,-0.10962912042825512,-0.04454359081321788
truth90_validation,all,Linear,Phys_v2_common_heavy.families.bond_relative.frame_maximum_distribution.positive.p50,83,-3.668372636143186,-1.9943199710097401,1.0,0.0,-4.8290395339647185,-2.66451927112791
truth90_validation,all,NeuralMD,Phys_v2_common_heavy.families.bond_relative.frame_maximum_distribution.positive.p50,60,-0.07143066949084113,-0.03463808613496146,0.9833333333333333,0.0,-0.10526695551999089,-0.04364623795965644
truth90_validation,all,Linear,Phys_v2_common_heavy.families.bond_relative.frame_maximum_distribution.positive.p90,83,-6.675752884611479,-3.6920789539894674,1.0,0.0,-8.690408012566868,-4.854202176622422
truth90_validation,all,NeuralMD,Phys_v2_common_heavy.families.bond_relative.frame_maximum_distribution.positive.p90,60,-0.1335277289579554,-0.06509241401354779,0.95,0.0,-0.19499423771519975,-0.07913803695746803
truth90_validation,all,Linear,Phys_v2_common_heavy.families.bond_relative.frame_maximum_distribution.positive.p95,83,-7.0531365931063625,-3.8788345007407132,1.0,0.0,-9.167709318396358,-5.25055512460601
truth90_validation,all,NeuralMD,Phys_v2_common_heavy.families.bond_relative.frame_maximum_distribution.positive.p95,60,-0.14079902058054303,-0.06861918929792121,0.95,0.0,-0.20995662527534553,-0.08481540831664049
truth90_validation,all,Linear,Phys_v2_common_heavy.families.bond_relative.frame_maximum_distribution.positive.p99,83,-7.3539129581262594,-4.028238938141711,1.0,0.0,-9.539045902889207,-5.360904912389743
truth90_validation,all,NeuralMD,Phys_v2_common_heavy.families.bond_relative.frame_maximum_distribution.positive.p99,60,-0.14489381428076184,-0.06793246416034515,0.9333333333333333,0.0,-0.21631741310423502,-0.08604993221422842
truth90_validation,all,Linear,Phys_v2_common_heavy.families.bond_relative.threshold,90,0.0,0.0,0.0,1.0,0.0,0.0
truth90_validation,all,NeuralMD,Phys_v2_common_heavy.families.bond_relative.threshold,90,0.0,0.0,0.0,1.0,0.0,0.0
truth90_validation,all,Linear,Phys_v2_common_heavy.families.environment_compression.anomaly_frame_fraction,90,-0.4534722222222222,-0.5,0.8222222222222222,0.14444444444444443,-0.5172291666666666,-0.38721527777777776
truth90_validation,all,NeuralMD,Phys_v2_common_heavy.families.environment_compression.anomaly_frame_fraction,90,0.04652777777777778,0.0,0.0,0.6888888888888889,0.025972222222222226,0.06972222222222223
truth90_validation,all,Linear,Phys_v2_common_heavy.families.environment_compression.constraint_anomaly_fraction,90,-4.198165388375549e-05,-2.000370115828145e-05,0.8,0.13333333333333333,-5.47733249013616e-05,-2.9859474145610445e-05
truth90_validation,all,NeuralMD,Phys_v2_common_heavy.families.environment_compression.constraint_anomaly_fraction,90,2.133138565987906e-06,0.0,0.0,0.6888888888888889,7.664203725671509e-07,4.183073146960604e-06
truth90_validation,all,Linear,Phys_v2_common_heavy.families.environment_compression.constraint_distribution.all.count,90,0.0,0.0,0.0,1.0,0.0,0.0
truth90_validation,all,NeuralMD,Phys_v2_common_heavy.families.environment_compression.constraint_distribution.all.count,90,0.0,0.0,0.0,1.0,0.0,0.0
truth90_validation,all,Linear,Phys_v2_common_heavy.families.environment_compression.constraint_distribution.all.maximum,90,-0.40811673171689417,-0.45510701361007255,0.8,0.12222222222222222,-0.4775254912005252,-0.3399515648540795
truth90_validation,all,NeuralMD,Phys_v2_common_heavy.families.environment_compression.constraint_distribution.all.maximum,90,0.11049268358597229,0.0,0.0,0.6888888888888889,0.06939384591088675,0.1576058354323362
truth90_validation,all,Linear,Phys_v2_common_heavy.families.environment_compression.constraint_distribution.all.mean,90,-9.767291175871066e-06,-5.177707549150811e-06,0.8111111111111111,0.12222222222222222,-1.3125328012321303e-05,-6.886398540242449e-06
truth90_validation,all,NeuralMD,Phys_v2_common_heavy.families.environment_compression.constraint_distribution.all.mean,90,4.6999706467767076e-07,0.0,0.0,0.6888888888888889,1.4846660030698298e-07,9.548037348405065e-07
truth90_validation,all,Linear,Phys_v2_common_heavy.families.environment_compression.constraint_distribution.all.p50,90,0.0,0.0,0.0,1.0,0.0,0.0
truth90_validation,all,NeuralMD,Phys_v2_common_heavy.families.environment_compression.constraint_distribution.all.p50,90,0.0,0.0,0.0,1.0,0.0,0.0
truth90_validation,all,Linear,Phys_v2_common_heavy.families.environment_compression.constraint_distribution.all.p90,90,0.0,0.0,0.0,1.0,0.0,0.0
truth90_validation,all,NeuralMD,Phys_v2_common_heavy.families.environment_compression.constraint_distribution.all.p90,90,0.0,0.0,0.0,1.0,0.0,0.0
truth90_validation,all,Linear,Phys_v2_common_heavy.families.environment_compression.constraint_distribution.all.p95,90,0.0,0.0,0.0,1.0,0.0,0.0
truth90_validation,all,NeuralMD,Phys_v2_common_heavy.families.environment_compression.constraint_distribution.all.p95,90,0.0,0.0,0.0,1.0,0.0,0.0
truth90_validation,all,Linear,Phys_v2_common_heavy.families.environment_compression.constraint_distribution.all.p99,90,0.0,0.0,0.0,1.0,0.0,0.0
truth90_validation,all,NeuralMD,Phys_v2_common_heavy.families.environment_compression.constraint_distribution.all.p99,90,0.0,0.0,0.0,1.0,0.0,0.0
truth90_validation,all,Linear,Phys_v2_common_heavy.families.environment_compression.constraint_distribution.positive.count,90,-149.3111111111111,-26.0,0.8,0.13333333333333333,-201.69055555555556,-101.06638888888888
truth90_validation,all,NeuralMD,Phys_v2_common_heavy.families.environment_compression.constraint_distribution.positive.count,90,8.1,0.0,0.0,0.6888888888888889,1.711111111111111,19.189999999999994
truth90_validation,all,Linear,Phys_v2_common_heavy.families.environment_compression.constraint_distribution.positive.maximum,26,-0.315334897066242,-0.34806130852986017,0.8076923076923077,0.0,-0.44040148787095335,-0.19131692007016607
truth90_validation,all,Linear,Phys_v2_common_heavy.families.environment_compression.constraint_distribution.positive.mean,26,-0.06171851926719607,-0.07497570344011964,0.7692307692307693,0.0,-0.09770103956901814,-0.024695052171887628
truth90_validation,all,Linear,Phys_v2_common_heavy.families.environment_compression.constraint_distribution.positive.p50,26,-0.04709243031737869,-0.050082261531255806,0.7692307692307693,0.0,-0.077061835015981,-0.01388340693323578
truth90_validation,all,Linear,Phys_v2_common_heavy.families.environment_compression.constraint_distribution.positive.p90,26,-0.1683471352694082,-0.19572244513560305,0.7692307692307693,0.0,-0.2540780357951727,-0.09052887176668127
truth90_validation,all,Linear,Phys_v2_common_heavy.families.environment_compression.constraint_distribution.positive.p95,26,-0.19749946134014262,-0.2193105042616976,0.7307692307692307,0.0,-0.2897903047434574,-0.10113866521673909
truth90_validation,all,Linear,Phys_v2_common_heavy.families.environment_compression.constraint_distribution.positive.p99,26,-0.2555437898181273,-0.2662143042729219,0.8076923076923077,0.0,-0.36330608673943227,-0.14355284744199967
truth90_validation,all,Linear,Phys_v2_common_heavy.families.environment_compression.finite_mean_squared_severity,90,-0.011119039895064728,-0.0040157595202794695,0.8111111111111111,0.12222222222222222,-0.014412536536822918,-0.008070348294869571
truth90_validation,all,NeuralMD,Phys_v2_common_heavy.families.environment_compression.finite_mean_squared_severity,90,0.00022258739603375335,0.0,0.0,0.6888888888888889,6.653388804470615e-05,0.00046176340024333887
truth90_validation,all,Linear,Phys_v2_common_heavy.families.environment_compression.frame_maximum_distribution.all.count,90,0.0,0.0,0.0,1.0,0.0,0.0
truth90_validation,all,NeuralMD,Phys_v2_common_heavy.families.environment_compression.frame_maximum_distribution.all.count,90,0.0,0.0,0.0,1.0,0.0,0.0
truth90_validation,all,Linear,Phys_v2_common_heavy.families.environment_compression.frame_maximum_distribution.all.maximum,90,-0.40811673171689417,-0.45510701361007255,0.8,0.12222222222222222,-0.4775513301013661,-0.33453176257386874
truth90_validation,all,NeuralMD,Phys_v2_common_heavy.families.environment_compression.frame_maximum_distribution.all.maximum,90,0.11049268358597229,0.0,0.0,0.6888888888888889,0.0687521818605164,0.15464308664634593
truth90_validation,all,Linear,Phys_v2_common_heavy.families.environment_compression.frame_maximum_distribution.all.mean,90,-0.18980980759328828,-0.1574063578559738,0.8333333333333334,0.12222222222222222,-0.22749908949290168,-0.15178157298438383
truth90_validation,all,NeuralMD,Phys_v2_common_heavy.families.environment_compression.frame_maximum_distribution.all.mean,90,0.014630964947336856,0.0,0.0,0.6888888888888889,0.0061534612012616756,0.025471806541975138
truth90_validation,all,Linear,Phys_v2_common_heavy.families.environment_compression.frame_maximum_distribution.all.p50,90,-0.18106254848710449,-0.0903580351136744,0.5555555555555556,0.4444444444444444,-0.2249738528112251,-0.13874016884355275
truth90_validation,all,NeuralMD,Phys_v2_common_heavy.families.environment_compression.frame_maximum_distribution.all.p50,90,0.004447307694887131,0.0,0.0,0.9888888888888889,0.0,0.013341923084661393
truth90_validation,all,Linear,Phys_v2_common_heavy.families.environment_compression.frame_maximum_distribution.all.p90,90,-0.3589418066053971,-0.35401908855216324,0.8333333333333334,0.12222222222222222,-0.41707659422407356,-0.2964143323168544
truth90_validation,all,NeuralMD,Phys_v2_common_heavy.families.environment_compression.frame_maximum_distribution.all.p90,90,0.0399363516825194,0.0,0.0,0.8111111111111111,0.017484371286062055,0.06869972159122839
truth90_validation,all,Linear,Phys_v2_common_heavy.families.environment_compression.frame_maximum_distribution.all.p95,90,-0.39107746148523953,-0.3902403671369753,0.8222222222222222,0.12222222222222222,-0.4525727562855679,-0.32571432635515335
truth90_validation,all,NeuralMD,Phys_v2_common_heavy.families.environment_compression.frame_maximum_distribution.all.p95,90,0.05768027101569809,0.0,0.0,0.7777777777777778,0.028757878742132446,0.09337539580457387
truth90_validation,all,Linear,Phys_v2_common_heavy.families.environment_compression.frame_maximum_distribution.all.p99,90,-0.4122084477499685,-0.5002744033047444,0.8111111111111111,0.12222222222222222,-0.47895587196163875,-0.34669370499233937
truth90_validation,all,NeuralMD,Phys_v2_common_heavy.families.environment_compression.frame_maximum_distribution.all.p99,90,0.08945114837022639,0.0,0.0,0.6888888888888889,0.05446984124341519,0.12928648469836956
truth90_validation,all,Linear,Phys_v2_common_heavy.families.environment_compression.frame_maximum_distribution.positive.count,90,-22.444444444444443,-9.0,0.8222222222222222,0.14444444444444443,-27.945555555555554,-17.077222222222225
truth90_validation,all,NeuralMD,Phys_v2_common_heavy.families.environment_compression.frame_maximum_distribution.positive.count,90,1.9333333333333333,0.0,0.0,0.6888888888888889,0.8555555555555555,3.466944444444443
truth90_validation,all,Linear,Phys_v2_common_heavy.families.environment_compression.frame_maximum_distribution.positive.maximum,26,-0.315334897066242,-0.34806130852986017,0.8076923076923077,0.0,-0.4431297256389112,-0.19188470030486315
truth90_validation,all,Linear,Phys_v2_common_heavy.families.environment_compression.frame_maximum_distribution.positive.mean,26,-0.17368129860541495,-0.19927128419295587,0.7307692307692307,0.0,-0.2618121962258639,-0.08773523137173238
truth90_validation,all,Linear,Phys_v2_common_heavy.families.environment_compression.frame_maximum_distribution.positive.p50,26,-0.18964968415661143,-0.21731264053653868,0.7307692307692307,0.0,-0.28347935613584474,-0.08910352600766665
truth90_validation,all,Linear,Phys_v2_common_heavy.families.environment_compression.frame_maximum_distribution.positive.p90,26,-0.261408935258788,-0.27198062232979653,0.8076923076923077,0.0,-0.36978847357853256,-0.15419410204122946
truth90_validation,all,Linear,Phys_v2_common_heavy.families.environment_compression.frame_maximum_distribution.positive.p95,26,-0.27425960639998426,-0.2686192610677296,0.8076923076923077,0.0,-0.3937508680271657,-0.16150982915012432
truth90_validation,all,Linear,Phys_v2_common_heavy.families.environment_compression.frame_maximum_distribution.positive.p99,26,-0.3045165338173238,-0.334251502799873,0.8076923076923077,0.0,-0.4246678478766029,-0.18752163563548246
truth90_validation,all,Linear,Phys_v2_common_heavy.families.environment_compression.threshold,90,0.0,0.0,0.0,1.0,0.0,0.0
truth90_validation,all,NeuralMD,Phys_v2_common_heavy.families.environment_compression.threshold,90,0.0,0.0,0.0,1.0,0.0,0.0
truth90_validation,all,Linear,Phys_v2_common_heavy.families.self_compression.anomaly_frame_fraction,90,-0.06041666666666667,0.0,0.14444444444444443,0.8444444444444444,-0.10083680555555556,-0.02652777777777778
truth90_validation,all,NeuralMD,Phys_v2_common_heavy.families.self_compression.anomaly_frame_fraction,90,0.007361111111111112,0.0,0.0,0.9666666666666667,0.0,0.020694444444444442
truth90_validation,all,Linear,Phys_v2_common_heavy.families.self_compression.constraint_anomaly_fraction,90,-0.00028624517595962607,0.0,0.13333333333333333,0.8444444444444444,-0.0004990805413195291,-0.00011119380274594996
truth90_validation,all,NeuralMD,Phys_v2_common_heavy.families.self_compression.constraint_anomaly_fraction,90,2.062388491104569e-06,0.0,0.0,0.9666666666666667,0.0,5.29699448076657e-06
truth90_validation,all,Linear,Phys_v2_common_heavy.families.self_compression.constraint_distribution.all.count,90,0.0,0.0,0.0,1.0,0.0,0.0
truth90_validation,all,NeuralMD,Phys_v2_common_heavy.families.self_compression.constraint_distribution.all.count,90,0.0,0.0,0.0,1.0,0.0,0.0
truth90_validation,all,Linear,Phys_v2_common_heavy.families.self_compression.constraint_distribution.all.maximum,90,-0.0584257164943268,0.0,0.13333333333333333,0.8444444444444444,-0.10342507534102911,-0.01986192927938311
truth90_validation,all,NeuralMD,Phys_v2_common_heavy.families.self_compression.constraint_distribution.all.maximum,90,0.011536387476264667,0.0,0.0,0.9666666666666667,0.0,0.028343039371797062
truth90_validation,all,Linear,Phys_v2_common_heavy.families.self_compression.constraint_distribution.all.mean,90,-5.880519802486062e-05,0.0,0.13333333333333333,0.8444444444444444,-0.00010242472175793714,-2.071942589138075e-05
truth90_validation,all,NeuralMD,Phys_v2_common_heavy.families.self_compression.constraint_distribution.all.mean,90,4.7455045760172716e-07,0.0,0.0,0.9666666666666667,0.0,1.229304322994465e-06
truth90_validation,all,Linear,Phys_v2_common_heavy.families.self_compression.constraint_distribution.all.p50,90,0.0,0.0,0.0,1.0,0.0,0.0
truth90_validation,all,NeuralMD,Phys_v2_common_heavy.families.self_compression.constraint_distribution.all.p50,90,0.0,0.0,0.0,1.0,0.0,0.0
truth90_validation,all,Linear,Phys_v2_common_heavy.families.self_compression.constraint_distribution.all.p90,90,0.0,0.0,0.0,1.0,0.0,0.0
truth90_validation,all,NeuralMD,Phys_v2_common_heavy.families.self_compression.constraint_distribution.all.p90,90,0.0,0.0,0.0,1.0,0.0,0.0
truth90_validation,all,Linear,Phys_v2_common_heavy.families.self_compression.constraint_distribution.all.p95,90,0.0,0.0,0.0,1.0,0.0,0.0
truth90_validation,all,NeuralMD,Phys_v2_common_heavy.families.self_compression.constraint_distribution.all.p95,90,0.0,0.0,0.0,1.0,0.0,0.0
truth90_validation,all,Linear,Phys_v2_common_heavy.families.self_compression.constraint_distribution.all.p99,90,0.0,0.0,0.0,1.0,0.0,0.0
truth90_validation,all,NeuralMD,Phys_v2_common_heavy.families.self_compression.constraint_distribution.all.p99,90,0.0,0.0,0.0,1.0,0.0,0.0
truth90_validation,all,Linear,Phys_v2_common_heavy.families.self_compression.constraint_distribution.positive.count,90,-5.022222222222222,0.0,0.13333333333333333,0.8444444444444444,-9.71111111111111,-1.6438888888888918
truth90_validation,all,NeuralMD,Phys_v2_common_heavy.families.self_compression.constraint_distribution.positive.count,90,0.18888888888888888,0.0,0.0,0.9666666666666667,0.0,0.4777777777777778
truth90_validation,all,Linear,Phys_v2_common_heavy.families.self_compression.constraint_distribution.positive.maximum,2,-0.1340677158196948,-0.1340677158196948,0.5,0.0,-0.5754643107512174,0.3073288791118278
truth90_validation,all,Linear,Phys_v2_common_heavy.families.self_compression.constraint_distribution.positive.mean,2,0.014457407077903842,0.014457407077903842,0.5,0.0,-0.14439354827654485,0.17330836243235254
truth90_validation,all,Linear,Phys_v2_common_heavy.families.self_compression.constraint_distribution.positive.p50,2,0.02266692327248629,0.02266692327248629,0.5,0.0,-0.1003371964218775,0.14567104296685007
truth90_validation,all,Linear,Phys_v2_common_heavy.families.self_compression.constraint_distribution.positive.p90,2,-0.0198730142856596,-0.0198730142856596,0.5,0.0,-0.3846155551887774,0.3448695266174582
truth90_validation,all,Linear,Phys_v2_common_heavy.families.self_compression.constraint_distribution.positive.p95,2,-0.08014991583059941,-0.08014991583059941,0.5,0.0,-0.48639903452584193,0.3260992028646431
truth90_validation,all,Linear,Phys_v2_common_heavy.families.self_compression.constraint_distribution.positive.p99,2,-0.1256784315843138,-0.1256784315843138,0.5,0.0,-0.5624398070310186,0.311082943862391
truth90_validation,all,Linear,Phys_v2_common_heavy.families.self_compression.finite_mean_squared_severity,90,-1.982024494639646e-05,0.0,0.13333333333333333,0.8444444444444444,-3.509842499776036e-05,-6.7047497953983976e-06
truth90_validation,all,NeuralMD,Phys_v2_common_heavy.families.self_compression.finite_mean_squared_severity,90,1.522196434089893e-07,0.0,0.0,0.9666666666666667,0.0,3.9723881972961066e-07
truth90_validation,all,Linear,Phys_v2_common_heavy.families.self_compression.frame_maximum_distribution.all.count,90,0.0,0.0,0.0,1.0,0.0,0.0
truth90_validation,all,NeuralMD,Phys_v2_common_heavy.families.self_compression.frame_maximum_distribution.all.count,90,0.0,0.0,0.0,1.0,0.0,0.0
truth90_validation,all,Linear,Phys_v2_common_heavy.families.self_compression.frame_maximum_distribution.all.maximum,90,-0.0584257164943268,0.0,0.13333333333333333,0.8444444444444444,-0.10261328222347892,-0.020009465454247307
truth90_validation,all,NeuralMD,Phys_v2_common_heavy.families.self_compression.frame_maximum_distribution.all.maximum,90,0.011536387476264667,0.0,0.0,0.9666666666666667,0.0,0.028336203893956965
truth90_validation,all,Linear,Phys_v2_common_heavy.families.self_compression.frame_maximum_distribution.all.mean,90,-0.01567557751890018,0.0,0.13333333333333333,0.8444444444444444,-0.027205737985496893,-0.00598276952498914
truth90_validation,all,NeuralMD,Phys_v2_common_heavy.families.self_compression.frame_maximum_distribution.all.mean,90,0.001722149211440904,0.0,0.0,0.9666666666666667,0.0,0.004455485919323465
truth90_validation,all,Linear,Phys_v2_common_heavy.families.self_compression.frame_maximum_distribution.all.p50,90,-0.00939046914602866,0.0,0.06666666666666667,0.9333333333333333,-0.020845065214006045,-0.001414948206993069
truth90_validation,all,NeuralMD,Phys_v2_common_heavy.families.self_compression.frame_maximum_distribution.all.p50,90,0.0,0.0,0.0,1.0,0.0,0.0
truth90_validation,all,Linear,Phys_v2_common_heavy.families.self_compression.frame_maximum_distribution.all.p90,90,-0.044493235354445285,0.0,0.13333333333333333,0.8444444444444444,-0.07398751623676994,-0.019136536227786046
truth90_validation,all,NeuralMD,Phys_v2_common_heavy.families.self_compression.frame_maximum_distribution.all.p90,90,0.004665559398755206,0.0,0.0,0.9777777777777777,0.0,0.011669450340194364
truth90_validation,all,Linear,Phys_v2_common_heavy.families.self_compression.frame_maximum_distribution.all.p95,90,-0.05362227458357555,0.0,0.13333333333333333,0.8444444444444444,-0.08973954461670322,-0.020044112942405653
truth90_validation,all,NeuralMD,Phys_v2_common_heavy.families.self_compression.frame_maximum_distribution.all.p95,90,0.007917305792744293,0.0,0.0,0.9777777777777777,0.0,0.020407456708698538
truth90_validation,all,Linear,Phys_v2_common_heavy.families.self_compression.frame_maximum_distribution.all.p99,90,-0.05825341970246746,0.0,0.13333333333333333,0.8444444444444444,-0.09994192876423624,-0.02022355086066037
truth90_validation,all,NeuralMD,Phys_v2_common_heavy.families.self_compression.frame_maximum_distribution.all.p99,90,0.010378265956476255,0.0,0.0,0.9666666666666667,0.0,0.027120607549864076
truth90_validation,all,Linear,Phys_v2_common_heavy.families.self_compression.frame_maximum_distribution.positive.count,90,-2.8666666666666667,0.0,0.14444444444444443,0.8444444444444444,-5.022222222222222,-1.1444444444444444
truth90_validation,all,NeuralMD,Phys_v2_common_heavy.families.self_compression.frame_maximum_distribution.positive.count,90,0.1111111111111111,0.0,0.0,0.9666666666666667,0.0,0.26666666666666666
truth90_validation,all,Linear,Phys_v2_common_heavy.families.self_compression.frame_maximum_distribution.positive.maximum,2,-0.1340677158196948,-0.1340677158196948,0.5,0.0,-0.5754643107512174,0.3073288791118278
truth90_validation,all,Linear,Phys_v2_common_heavy.families.self_compression.frame_maximum_distribution.positive.mean,2,-0.025547291554270768,-0.025547291554270768,0.5,0.0,-0.2104276528004796,0.15933306969193806
truth90_validation,all,Linear,Phys_v2_common_heavy.families.self_compression.frame_maximum_distribution.positive.p50,2,-0.02017160909848855,-0.02017160909848855,0.5,0.0,-0.15412656377178277,0.11378334557480567
truth90_validation,all,Linear,Phys_v2_common_heavy.families.self_compression.frame_maximum_distribution.positive.p90,2,-0.11634380615898363,-0.11634380615898363,0.5,0.0,-0.501555429424382,0.2688678171064148
truth90_validation,all,Linear,Phys_v2_common_heavy.families.self_compression.frame_maximum_distribution.positive.p95,2,-0.1246523644375809,-0.1246523644375809,0.5,0.0,-0.537403076984283,0.2880983481091212
truth90_validation,all,Linear,Phys_v2_common_heavy.families.self_compression.frame_maximum_distribution.positive.p99,2,-0.13317467640730057,-0.13317467640730057,0.5,0.0,-0.5698321257258876,0.30348277291128645
truth90_validation,all,Linear,Phys_v2_common_heavy.families.self_compression.threshold,90,0.0,0.0,0.0,1.0,0.0,0.0
truth90_validation,all,NeuralMD,Phys_v2_common_heavy.families.self_compression.threshold,90,0.0,0.0,0.0,1.0,0.0,0.0
truth90_validation,all,Linear,Phys_v2_common_heavy.finite_frame_fraction,90,0.0,0.0,0.0,1.0,0.0,0.0
truth90_validation,all,NeuralMD,Phys_v2_common_heavy.finite_frame_fraction,90,0.0,0.0,0.0,1.0,0.0,0.0
truth90_validation,all,Linear,Phys_v2_common_heavy.fixed_environment_valid_frame_fraction,90,0.45347222222222217,0.5,0.03333333333333333,0.14444444444444443,0.3830555555555556,0.5187499999999999
truth90_validation,all,NeuralMD,Phys_v2_common_heavy.fixed_environment_valid_frame_fraction,90,-0.04652777777777778,0.0,0.3111111111111111,0.6888888888888889,-0.06930902777777775,-0.026111111111111106
truth90_validation,all,Linear,Phys_v2_common_heavy.heavy_atoms,90,0.0,0.0,0.0,1.0,0.0,0.0
truth90_validation,all,NeuralMD,Phys_v2_common_heavy.heavy_atoms,90,0.0,0.0,0.0,1.0,0.0,0.0
truth90_validation,all,Linear,Phys_v2_common_heavy.intramolecular_tail_valid_frame_fraction,90,0.895,0.95,0.0,0.0,0.8683263888888888,0.922361111111111
truth90_validation,all,NeuralMD,Phys_v2_common_heavy.intramolecular_tail_valid_frame_fraction,90,0.21416666666666664,0.0,0.044444444444444446,0.5111111111111111,0.14832638888888888,0.2818090277777778
truth90_validation,all,Linear,Phys_v2_common_heavy.physical_excess_distributions.angle.all.count,90,0.0,0.0,0.0,1.0,0.0,0.0
truth90_validation,all,NeuralMD,Phys_v2_common_heavy.physical_excess_distributions.angle.all.count,90,0.0,0.0,0.0,1.0,0.0,0.0
truth90_validation,all,Linear,Phys_v2_common_heavy.physical_excess_distributions.angle.all.maximum,90,-45.27932856684268,-41.179910508384935,0.9888888888888889,0.0,-50.696380773111315,-39.970456346747056
truth90_validation,all,NeuralMD,Phys_v2_common_heavy.physical_excess_distributions.angle.all.maximum,90,1.0238445707567405,0.14153483862718425,0.3,0.05555555555555555,-1.3462698934075257,3.7285302086860996
truth90_validation,all,Linear,Phys_v2_common_heavy.physical_excess_distributions.angle.all.mean,90,-7.279275674036465,-3.8793116981710374,1.0,0.0,-8.98574992399761,-5.804685845635018
truth90_validation,all,NeuralMD,Phys_v2_common_heavy.physical_excess_distributions.angle.all.mean,90,-0.15027255426237981,0.0006616352220590504,0.34444444444444444,0.05555555555555555,-0.3270138929041264,-0.03535995583814379
truth90_validation,all,Linear,Phys_v2_common_heavy.physical_excess_distributions.angle.all.p50,90,-2.768231865450727,0.0,0.4,0.6,-4.2547683587040845,-1.6370635775364986
truth90_validation,all,NeuralMD,Phys_v2_common_heavy.physical_excess_distributions.angle.all.p50,90,0.0,0.0,0.0,1.0,0.0,0.0
truth90_validation,all,Linear,Phys_v2_common_heavy.physical_excess_distributions.angle.all.p90,90,-21.689895005297878,-13.007095172877287,1.0,0.0,-25.924674114369324,-17.880928719724004
truth90_validation,all,NeuralMD,Phys_v2_common_heavy.physical_excess_distributions.angle.all.p90,90,-0.4020160476101784,0.0,0.07777777777777778,0.7555555555555555,-1.0320754212557026,-0.004299054711060011
truth90_validation,all,Linear,Phys_v2_common_heavy.physical_excess_distributions.angle.all.p95,90,-29.000615504974792,-21.421140596120864,1.0,0.0,-33.793173495381815,-24.662322969260725
truth90_validation,all,NeuralMD,Phys_v2_common_heavy.physical_excess_distributions.angle.all.p95,90,-0.7735353266656416,0.0,0.25555555555555554,0.45555555555555555,-1.5023579531472455,-0.2611405230770317
truth90_validation,all,Linear,Phys_v2_common_heavy.physical_excess_distributions.angle.all.p99,90,-42.2608010375254,-37.4048141240995,1.0,0.0,-48.007384692102264,-36.981667122016304
truth90_validation,all,NeuralMD,Phys_v2_common_heavy.physical_excess_distributions.angle.all.p99,90,-1.8165232638008506,0.0110496735922882,0.32222222222222224,0.13333333333333333,-2.7900724170645455,-0.9819862734625758
truth90_validation,all,Linear,Phys_v2_common_heavy.physical_excess_distributions.angle.positive.count,90,-586.4666666666667,-243.5,1.0,0.0,-752.9994444444445,-431.87444444444446
truth90_validation,all,NeuralMD,Phys_v2_common_heavy.physical_excess_distributions.angle.positive.count,90,33.08888888888889,11.0,0.2222222222222222,0.06666666666666667,-2.544722222222222,77.51194444444444
truth90_validation,all,Linear,Phys_v2_common_heavy.physical_excess_distributions.angle.positive.maximum,84,-44.48555292530229,-41.179910508384935,0.9880952380952381,0.0,-49.88186543976997,-39.250427949991646
truth90_validation,all,NeuralMD,Phys_v2_common_heavy.physical_excess_distributions.angle.positive.maximum,32,-2.66536712140404,-5.342052448080642,0.8125,0.0,-7.147603327535103,2.6483553470350816
truth90_validation,all,Linear,Phys_v2_common_heavy.physical_excess_distributions.angle.positive.mean,84,-13.186493027670688,-10.305004399838959,1.0,0.0,-14.831094575060566,-11.35755424907452
truth90_validation,all,NeuralMD,Phys_v2_common_heavy.physical_excess_distributions.angle.positive.mean,32,-2.8028957103623315,-2.3416909728603343,0.96875,0.0,-3.712180273889338,-2.062408334138476
truth90_validation,all,Linear,Phys_v2_common_heavy.physical_excess_distributions.angle.positive.p50,84,-10.474285711552238,-7.473461963024549,1.0,0.0,-12.509454301987988,-8.831913576975145
truth90_validation,all,NeuralMD,Phys_v2_common_heavy.physical_excess_distributions.angle.positive.p50,32,-2.3673926707817827,-1.7230101250564118,1.0,0.0,-3.309132624504811,-1.6387143450124013
truth90_validation,all,Linear,Phys_v2_common_heavy.physical_excess_distributions.angle.positive.p90,84,-28.845874890952526,-25.380841165221028,1.0,0.0,-32.53859413517559,-25.22732887659043
truth90_validation,all,NeuralMD,Phys_v2_common_heavy.physical_excess_distributions.angle.positive.p90,32,-6.204798593109041,-5.211311404414983,0.96875,0.0,-8.065224788734705,-4.644923576483787
truth90_validation,all,Linear,Phys_v2_common_heavy.physical_excess_distributions.angle.positive.p95,84,-35.5952577491487,-32.34564858711003,1.0,0.0,-40.0670361948027,-31.22691319684172
truth90_validation,all,NeuralMD,Phys_v2_common_heavy.physical_excess_distributions.angle.positive.p95,32,-7.030505819272088,-5.786872798797698,0.96875,0.0,-9.107561343366724,-5.174690614479735
truth90_validation,all,Linear,Phys_v2_common_heavy.physical_excess_distributions.angle.positive.p99,84,-44.098389164711456,-40.528181533469066,1.0,0.0,-49.276269205799665,-38.63955528353974
truth90_validation,all,NeuralMD,Phys_v2_common_heavy.physical_excess_distributions.angle.positive.p99,32,-7.277606212730531,-6.571174343751103,0.9375,0.0,-9.662508814682836,-4.86363071652745
truth90_validation,all,Linear,Phys_v2_common_heavy.physical_excess_distributions.bond.all.count,90,0.0,0.0,0.0,1.0,0.0,0.0
truth90_validation,all,NeuralMD,Phys_v2_common_heavy.physical_excess_distributions.bond.all.count,90,0.0,0.0,0.0,1.0,0.0,0.0
truth90_validation,all,Linear,Phys_v2_common_heavy.physical_excess_distributions.bond.all.maximum,90,-10.65623053960847,-5.911040671114269,1.0,0.0,-13.938894144962108,-7.704479091506043
truth90_validation,all,NeuralMD,Phys_v2_common_heavy.physical_excess_distributions.bond.all.maximum,90,-0.13955274218341515,-0.019037881995628392,0.6666666666666666,0.03333333333333333,-0.20565928159737618,-0.08285926183041847
truth90_validation,all,Linear,Phys_v2_common_heavy.physical_excess_distributions.bond.all.mean,90,-1.7765399503087802,-0.5155809429535985,1.0,0.0,-2.4226586030048205,-1.224409204358405
truth90_validation,all,NeuralMD,Phys_v2_common_heavy.physical_excess_distributions.bond.all.mean,90,-0.008497135728958022,-7.691136577094142e-05,0.5444444444444444,0.03333333333333333,-0.013271201256030256,-0.004717574369324623
truth90_validation,all,Linear,Phys_v2_common_heavy.physical_excess_distributions.bond.all.p50,90,-1.2297111472652975,-0.1341985693313853,0.7777777777777778,0.2222222222222222,-1.775113654672973,-0.7418231630431172
truth90_validation,all,NeuralMD,Phys_v2_common_heavy.physical_excess_distributions.bond.all.p50,90,-0.0005429134280951746,0.0,0.022222222222222223,0.9555555555555556,-0.0017381199125985237,0.00010937962831299996
truth90_validation,all,Linear,Phys_v2_common_heavy.physical_excess_distributions.bond.all.p90,90,-4.066025248426564,-1.4502123472566155,1.0,0.0,-5.426243704510724,-2.9172360312937013
truth90_validation,all,NeuralMD,Phys_v2_common_heavy.physical_excess_distributions.bond.all.p90,90,-0.02860648560485403,0.0,0.34444444444444444,0.4,-0.044384637310238124,-0.015920197195986967
truth90_validation,all,Linear,Phys_v2_common_heavy.physical_excess_distributions.bond.all.p95,90,-5.664566108977234,-2.336647931755709,1.0,0.0,-7.528008158192326,-4.035252069581269
truth90_validation,all,NeuralMD,Phys_v2_common_heavy.physical_excess_distributions.bond.all.p95,90,-0.044562450964568026,0.0,0.37777777777777777,0.3111111111111111,-0.06581581839541793,-0.02739428602247718
truth90_validation,all,Linear,Phys_v2_common_heavy.physical_excess_distributions.bond.all.p99,90,-8.658594961700812,-4.191741717420539,1.0,0.0,-11.21153842829922,-6.352187927908951
truth90_validation,all,NeuralMD,Phys_v2_common_heavy.physical_excess_distributions.bond.all.p99,90,-0.09225243707945996,-0.005183788036604863,0.5333333333333333,0.07777777777777778,-0.1319744201199811,-0.05825031350785732
truth90_validation,all,Linear,Phys_v2_common_heavy.physical_excess_distributions.bond.positive.count,90,-605.0555555555555,-324.5,1.0,0.0,-766.6202777777778,-459.4469444444445
truth90_validation,all,NeuralMD,Phys_v2_common_heavy.physical_excess_distributions.bond.positive.count,90,-28.344444444444445,5.5,0.3111111111111111,0.044444444444444446,-75.11194444444445,15.449999999999909
truth90_validation,all,Linear,Phys_v2_common_heavy.physical_excess_distributions.bond.positive.maximum,83,-10.864958773261662,-6.37371040478836,1.0,0.0,-14.036439020812665,-7.918228572600353
truth90_validation,all,NeuralMD,Phys_v2_common_heavy.physical_excess_distributions.bond.positive.maximum,60,-0.20569003188702714,-0.09713182688838573,0.9333333333333333,0.0,-0.30088919811622394,-0.12521176562499065
truth90_validation,all,Linear,Phys_v2_common_heavy.physical_excess_distributions.bond.positive.mean,83,-1.9791297999002149,-0.7879576746516508,1.0,0.0,-2.6426368611425346,-1.3946141540429384
truth90_validation,all,NeuralMD,Phys_v2_common_heavy.physical_excess_distributions.bond.positive.mean,60,-0.0467120787322721,-0.035786156441656225,0.9833333333333333,0.0,-0.06043553676589708,-0.03543747439608219
truth90_validation,all,Linear,Phys_v2_common_heavy.physical_excess_distributions.bond.positive.p50,83,-1.4207631699008323,-0.3848988754461955,1.0,0.0,-2.012826218425742,-0.9365163295055857
truth90_validation,all,NeuralMD,Phys_v2_common_heavy.physical_excess_distributions.bond.positive.p50,60,-0.034831422818723874,-0.030559491868638877,0.9833333333333333,0.0,-0.04452540923419748,-0.026744193065730584
truth90_validation,all,Linear,Phys_v2_common_heavy.physical_excess_distributions.bond.positive.p90,83,-4.457400415816861,-2.1735519797252785,1.0,0.0,-5.82244277715569,-3.1944754424000257
truth90_validation,all,NeuralMD,Phys_v2_common_heavy.physical_excess_distributions.bond.positive.p90,60,-0.10208577681730736,-0.083429090188092,0.9833333333333333,0.0,-0.1321424258774356,-0.07540488121919665
truth90_validation,all,Linear,Phys_v2_common_heavy.physical_excess_distributions.bond.positive.p95,83,-6.08390096233718,-3.1028105250067544,1.0,0.0,-7.91780483566502,-4.379052642635705
truth90_validation,all,NeuralMD,Phys_v2_common_heavy.physical_excess_distributions.bond.positive.p95,60,-0.13447723408733395,-0.09607246327170954,0.9666666666666667,0.0,-0.17972910256910604,-0.09444643410711695
truth90_validation,all,Linear,Phys_v2_common_heavy.physical_excess_distributions.bond.positive.p99,83,-8.96247635972938,-5.042557806305346,1.0,0.0,-11.699097352220106,-6.525351793826803
truth90_validation,all,NeuralMD,Phys_v2_common_heavy.physical_excess_distributions.bond.positive.p99,60,-0.18580749153198137,-0.09836829416986036,0.9333333333333333,0.0,-0.2675545211153109,-0.1184925418196965
truth90_validation,all,Linear,Phys_v2_common_heavy.physical_excess_distributions.environment_depth_angstrom.all.count,90,0.0,0.0,0.0,1.0,0.0,0.0
truth90_validation,all,NeuralMD,Phys_v2_common_heavy.physical_excess_distributions.environment_depth_angstrom.all.count,90,0.0,0.0,0.0,1.0,0.0,0.0
truth90_validation,all,Linear,Phys_v2_common_heavy.physical_excess_distributions.environment_depth_angstrom.all.maximum,90,-0.61279672483351,-0.6729128448257725,0.8,0.12222222222222222,-0.7141566802690413,-0.5079651836949732
truth90_validation,all,NeuralMD,Phys_v2_common_heavy.physical_excess_distributions.environment_depth_angstrom.all.maximum,90,0.1530798199910231,0.0,0.0,0.6888888888888889,0.09346144409739114,0.21514331859994684
truth90_validation,all,Linear,Phys_v2_common_heavy.physical_excess_distributions.environment_depth_angstrom.all.mean,90,-1.4444038284413043e-05,-7.565365633534486e-06,0.8111111111111111,0.12222222222222222,-1.9233691920875623e-05,-1.018589906241277e-05
truth90_validation,all,NeuralMD,Phys_v2_common_heavy.physical_excess_distributions.environment_depth_angstrom.all.mean,90,6.835942453626578e-07,0.0,0.0,0.6888888888888889,2.2291207053327685e-07,1.4030489605070753e-06
truth90_validation,all,Linear,Phys_v2_common_heavy.physical_excess_distributions.environment_depth_angstrom.all.p50,90,0.0,0.0,0.0,1.0,0.0,0.0
truth90_validation,all,NeuralMD,Phys_v2_common_heavy.physical_excess_distributions.environment_depth_angstrom.all.p50,90,0.0,0.0,0.0,1.0,0.0,0.0
truth90_validation,all,Linear,Phys_v2_common_heavy.physical_excess_distributions.environment_depth_angstrom.all.p90,90,0.0,0.0,0.0,1.0,0.0,0.0
truth90_validation,all,NeuralMD,Phys_v2_common_heavy.physical_excess_distributions.environment_depth_angstrom.all.p90,90,0.0,0.0,0.0,1.0,0.0,0.0
truth90_validation,all,Linear,Phys_v2_common_heavy.physical_excess_distributions.environment_depth_angstrom.all.p95,90,0.0,0.0,0.0,1.0,0.0,0.0
truth90_validation,all,NeuralMD,Phys_v2_common_heavy.physical_excess_distributions.environment_depth_angstrom.all.p95,90,0.0,0.0,0.0,1.0,0.0,0.0
truth90_validation,all,Linear,Phys_v2_common_heavy.physical_excess_distributions.environment_depth_angstrom.all.p99,90,0.0,0.0,0.0,1.0,0.0,0.0
truth90_validation,all,NeuralMD,Phys_v2_common_heavy.physical_excess_distributions.environment_depth_angstrom.all.p99,90,0.0,0.0,0.0,1.0,0.0,0.0
truth90_validation,all,Linear,Phys_v2_common_heavy.physical_excess_distributions.environment_depth_angstrom.positive.count,90,-149.3111111111111,-26.0,0.8,0.13333333333333333,-200.4336111111111,-100.17000000000004
truth90_validation,all,NeuralMD,Phys_v2_common_heavy.physical_excess_distributions.environment_depth_angstrom.positive.count,90,8.1,0.0,0.0,0.6888888888888889,1.7663888888888888,19.627777777777748
truth90_validation,all,Linear,Phys_v2_common_heavy.physical_excess_distributions.environment_depth_angstrom.positive.maximum,26,-0.49100964030089006,-0.5454979687866747,0.8076923076923077,0.0,-0.6835491554272327,-0.29319352640501534
truth90_validation,all,Linear,Phys_v2_common_heavy.physical_excess_distributions.environment_depth_angstrom.positive.mean,26,-0.10264964979630706,-0.1422885081543559,0.8076923076923077,0.0,-0.1549064747479058,-0.04759549599610552
truth90_validation,all,Linear,Phys_v2_common_heavy.physical_excess_distributions.environment_depth_angstrom.positive.p50,26,-0.0768794607264199,-0.09382352849461739,0.8076923076923077,0.0,-0.12305152479159498,-0.025394155883537568
truth90_validation,all,Linear,Phys_v2_common_heavy.physical_excess_distributions.environment_depth_angstrom.positive.p90,26,-0.26989070604288923,-0.3738622940570042,0.7692307692307693,0.0,-0.39583710481112894,-0.14083035595651275
truth90_validation,all,Linear,Phys_v2_common_heavy.physical_excess_distributions.environment_depth_angstrom.positive.p95,26,-0.3222023942014664,-0.4349289960220689,0.7692307692307693,0.0,-0.4624772917214026,-0.1670226948777616
truth90_validation,all,Linear,Phys_v2_common_heavy.physical_excess_distributions.environment_depth_angstrom.positive.p99,26,-0.4092633500947466,-0.4971954809423894,0.8076923076923077,0.0,-0.5857285326982242,-0.22981721612345143
truth90_validation,all,Linear,Phys_v2_common_heavy.physical_excess_distributions.self_depth_angstrom.all.count,90,0.0,0.0,0.0,1.0,0.0,0.0
truth90_validation,all,NeuralMD,Phys_v2_common_heavy.physical_excess_distributions.self_depth_angstrom.all.count,90,0.0,0.0,0.0,1.0,0.0,0.0
truth90_validation,all,Linear,Phys_v2_common_heavy.physical_excess_distributions.self_depth_angstrom.all.maximum,90,-0.09005856693179859,0.0,0.13333333333333333,0.8444444444444444,-0.15406269753177015,-0.03625412693379069
truth90_validation,all,NeuralMD,Phys_v2_common_heavy.physical_excess_distributions.self_depth_angstrom.all.maximum,90,0.016127962381854096,0.0,0.0,0.9666666666666667,0.0,0.04107524771291862
truth90_validation,all,Linear,Phys_v2_common_heavy.physical_excess_distributions.self_depth_angstrom.all.mean,90,-8.909745512729934e-05,0.0,0.13333333333333333,0.8444444444444444,-0.00015730485979864985,-3.558054320070987e-05
truth90_validation,all,NeuralMD,Phys_v2_common_heavy.physical_excess_distributions.self_depth_angstrom.all.mean,90,6.771877916082417e-07,0.0,0.0,0.9666666666666667,0.0,1.765736295396663e-06
truth90_validation,all,Linear,Phys_v2_common_heavy.physical_excess_distributions.self_depth_angstrom.all.p50,90,0.0,0.0,0.0,1.0,0.0,0.0
truth90_validation,all,NeuralMD,Phys_v2_common_heavy.physical_excess_distributions.self_depth_angstrom.all.p50,90,0.0,0.0,0.0,1.0,0.0,0.0
truth90_validation,all,Linear,Phys_v2_common_heavy.physical_excess_distributions.self_depth_angstrom.all.p90,90,0.0,0.0,0.0,1.0,0.0,0.0
truth90_validation,all,NeuralMD,Phys_v2_common_heavy.physical_excess_distributions.self_depth_angstrom.all.p90,90,0.0,0.0,0.0,1.0,0.0,0.0
truth90_validation,all,Linear,Phys_v2_common_heavy.physical_excess_distributions.self_depth_angstrom.all.p95,90,0.0,0.0,0.0,1.0,0.0,0.0
truth90_validation,all,NeuralMD,Phys_v2_common_heavy.physical_excess_distributions.self_depth_angstrom.all.p95,90,0.0,0.0,0.0,1.0,0.0,0.0
truth90_validation,all,Linear,Phys_v2_common_heavy.physical_excess_distributions.self_depth_angstrom.all.p99,90,0.0,0.0,0.0,1.0,0.0,0.0
truth90_validation,all,NeuralMD,Phys_v2_common_heavy.physical_excess_distributions.self_depth_angstrom.all.p99,90,0.0,0.0,0.0,1.0,0.0,0.0
truth90_validation,all,Linear,Phys_v2_common_heavy.physical_excess_distributions.self_depth_angstrom.positive.count,90,-5.022222222222222,0.0,0.13333333333333333,0.8444444444444444,-9.389166666666666,-1.5775000000000015
truth90_validation,all,NeuralMD,Phys_v2_common_heavy.physical_excess_distributions.self_depth_angstrom.positive.count,90,0.18888888888888888,0.0,0.0,0.9666666666666667,0.0,0.48916666666666514
truth90_validation,all,Linear,Phys_v2_common_heavy.physical_excess_distributions.self_depth_angstrom.positive.maximum,2,-0.20645966090201667,-0.20645966090201667,0.5,0.0,-0.8879557409783218,0.4750364191742884
truth90_validation,all,Linear,Phys_v2_common_heavy.physical_excess_distributions.self_depth_angstrom.positive.mean,2,0.02171367846850833,0.02171367846850833,0.5,0.0,-0.21886933280539667,0.2622966897424133
truth90_validation,all,Linear,Phys_v2_common_heavy.physical_excess_distributions.self_depth_angstrom.positive.p50,2,0.028189507521916457,0.028189507521916457,0.5,0.0,-0.15674490343582648,0.2131239184796594
truth90_validation,all,Linear,Phys_v2_common_heavy.physical_excess_distributions.self_depth_angstrom.positive.p90,2,-0.02745193292931919,-0.02745193292931919,0.5,0.0,-0.5978656325234127,0.5429617666647744
truth90_validation,all,Linear,Phys_v2_common_heavy.physical_excess_distributions.self_depth_angstrom.positive.p95,2,-0.12178871409810965,-0.12178871409810965,0.5,0.0,-0.7525765211157509,0.5089990929195316
truth90_validation,all,Linear,Phys_v2_common_heavy.physical_excess_distributions.self_depth_angstrom.positive.p99,2,-0.19316477070014118,-0.19316477070014118,0.5,0.0,-0.8681584953236196,0.4818289539233372
truth90_validation,all,Linear,Phys_v2_common_heavy.windows.early.valid_frame_fraction,90,0.7629482657260435,0.8571428571428572,0.0,0.044444444444444446,0.7089711934156377,0.811577380952381
truth90_validation,all,NeuralMD,Phys_v2_common_heavy.windows.early.valid_frame_fraction,90,0.013756613756613752,0.0,0.1111111111111111,0.7777777777777778,-0.022633744855967076,0.05173647854203409
truth90_validation,all,Linear,Phys_v2_common_heavy.windows.late.valid_frame_fraction,90,0.904985754985755,1.0,0.0,0.011111111111111112,0.8599679487179487,0.9433084045584046
truth90_validation,all,NeuralMD,Phys_v2_common_heavy.windows.late.valid_frame_fraction,90,0.31851851851851853,0.0,0.08888888888888889,0.4666666666666667,0.21548789173789173,0.4218055555555555
truth90_validation,all,Linear,Phys_v2_common_heavy.windows.middle.valid_frame_fraction,90,0.9194591416813639,1.0,0.0,0.03333333333333333,0.871356554967666,0.9629056437389772
truth90_validation,all,NeuralMD,Phys_v2_common_heavy.windows.middle.valid_frame_fraction,90,0.19923574368018815,0.0,0.07777777777777778,0.5777777777777777,0.1085185185185185,0.2850235155790711
truth90_validation,all,Linear,Probability.feature_energy_score,90,-1.737640073141203,-0.6034614353381438,0.8555555555555555,0.0,-2.4827765989219333,-1.1418692664792935
truth90_validation,all,NeuralMD,Probability.feature_energy_score,90,0.03480652844124241,0.001656785533627178,0.4777777777777778,0.0,-0.013400895883624829,0.08262720398508372
truth90_validation,all,Linear,Probability.features.ligand_gyration.crps,90,-2.8177520139329864,-0.7159532038788701,0.9111111111111111,0.0,-4.191420516896197,-1.7291519238617212
truth90_validation,all,NeuralMD,Probability.features.ligand_gyration.crps,90,0.026645987345061403,0.022699515147791484,0.2777777777777778,0.0,0.008629364857170065,0.04560117771202549
truth90_validation,all,Linear,Probability.features.ligand_relative_displacement.crps,90,-4.104469481044692,-1.1052655846272972,0.8111111111111111,0.0,-6.075037342436918,-2.616702875970679
truth90_validation,all,NeuralMD,Probability.features.ligand_relative_displacement.crps,90,-0.6348239706257187,-0.5511050438411178,0.9555555555555556,0.0,-0.7373016034354212,-0.5323877030016388
truth90_validation,all,Linear,Probability.features.pocket_contact_strength.crps,90,-0.05557856506169464,-0.016794552903305855,0.7111111111111111,0.0,-0.07608409434874298,-0.03678864398622921
truth90_validation,all,NeuralMD,Probability.features.pocket_contact_strength.crps,90,0.008146040393763267,0.005724613088380447,0.3333333333333333,0.0,0.002412718887977081,0.014777958027936872
truth90_validation,all,Linear,Reference_Phys.angle_mean_squared_excess,90,0.0,0.0,0.0,1.0,0.0,0.0
truth90_validation,all,Linear,Reference_Phys.angle_violations,90,0.0,0.0,0.0,1.0,0.0,0.0
truth90_validation,all,Linear,Reference_Phys.assessed_geometry_valid,90,0.0,0.0,0.0,1.0,0.0,0.0
truth90_validation,all,Linear,Reference_Phys.bond_mean_squared_excess,90,0.0,0.0,0.0,1.0,0.0,0.0
truth90_validation,all,Linear,Reference_Phys.bond_violations,90,0.0,0.0,0.0,1.0,0.0,0.0
truth90_validation,all,Linear,Reference_Phys.ligand_environment_overlap_violations,90,0.0,0.0,0.0,1.0,0.0,0.0
truth90_validation,all,Linear,Reference_Phys.ligand_self_overlap_violations,90,0.0,0.0,0.0,1.0,0.0,0.0
truth90_validation,all,Linear,Reference_Phys.local_configuration_flips,90,0.0,0.0,0.0,1.0,0.0,0.0
truth90_validation,all,Linear,Reference_Phys.severe_overlap_mean_squared,90,0.0,0.0,0.0,1.0,0.0,0.0
truth90_validation,all,Linear,Reference_Phys_common_heavy.angle_mean_squared_excess,90,0.0,0.0,0.0,1.0,0.0,0.0
truth90_validation,all,NeuralMD,Reference_Phys_common_heavy.angle_mean_squared_excess,90,0.0,0.0,0.0,1.0,0.0,0.0
truth90_validation,all,Linear,Reference_Phys_common_heavy.angle_violations,90,0.0,0.0,0.0,1.0,0.0,0.0
truth90_validation,all,NeuralMD,Reference_Phys_common_heavy.angle_violations,90,0.0,0.0,0.0,1.0,0.0,0.0
truth90_validation,all,Linear,Reference_Phys_common_heavy.assessed_geometry_valid,90,0.0,0.0,0.0,1.0,0.0,0.0
truth90_validation,all,NeuralMD,Reference_Phys_common_heavy.assessed_geometry_valid,90,0.0,0.0,0.0,1.0,0.0,0.0
truth90_validation,all,Linear,Reference_Phys_common_heavy.bond_mean_squared_excess,90,0.0,0.0,0.0,1.0,0.0,0.0
truth90_validation,all,NeuralMD,Reference_Phys_common_heavy.bond_mean_squared_excess,90,0.0,0.0,0.0,1.0,0.0,0.0
truth90_validation,all,Linear,Reference_Phys_common_heavy.bond_violations,90,0.0,0.0,0.0,1.0,0.0,0.0
truth90_validation,all,NeuralMD,Reference_Phys_common_heavy.bond_violations,90,0.0,0.0,0.0,1.0,0.0,0.0
truth90_validation,all,Linear,Reference_Phys_common_heavy.ligand_environment_overlap_violations,90,0.0,0.0,0.0,1.0,0.0,0.0
truth90_validation,all,NeuralMD,Reference_Phys_common_heavy.ligand_environment_overlap_violations,90,0.0,0.0,0.0,1.0,0.0,0.0
truth90_validation,all,Linear,Reference_Phys_common_heavy.ligand_self_overlap_violations,90,0.0,0.0,0.0,1.0,0.0,0.0
truth90_validation,all,NeuralMD,Reference_Phys_common_heavy.ligand_self_overlap_violations,90,0.0,0.0,0.0,1.0,0.0,0.0
truth90_validation,all,Linear,Reference_Phys_common_heavy.local_configuration_flips,90,0.0,0.0,0.0,1.0,0.0,0.0
truth90_validation,all,NeuralMD,Reference_Phys_common_heavy.local_configuration_flips,90,0.0,0.0,0.0,1.0,0.0,0.0
truth90_validation,all,Linear,Reference_Phys_common_heavy.severe_overlap_mean_squared,90,0.0,0.0,0.0,1.0,0.0,0.0
truth90_validation,all,NeuralMD,Reference_Phys_common_heavy.severe_overlap_mean_squared,90,0.0,0.0,0.0,1.0,0.0,0.0
truth90_validation,all,Linear,Reference_Phys_v2_common_heavy.assessed_tail_valid_frame_fraction,90,0.0,0.0,0.0,1.0,0.0,0.0
truth90_validation,all,NeuralMD,Reference_Phys_v2_common_heavy.assessed_tail_valid_frame_fraction,90,0.0,0.0,0.0,1.0,0.0,0.0
truth90_validation,all,Linear,Reference_Phys_v2_common_heavy.chemistry.checked_centres,90,0.0,0.0,0.0,1.0,0.0,0.0
truth90_validation,all,NeuralMD,Reference_Phys_v2_common_heavy.chemistry.checked_centres,90,0.0,0.0,0.0,1.0,0.0,0.0
truth90_validation,all,Linear,Reference_Phys_v2_common_heavy.families.angle_degrees.anomaly_frame_fraction,90,0.0,0.0,0.0,1.0,0.0,0.0
truth90_validation,all,NeuralMD,Reference_Phys_v2_common_heavy.families.angle_degrees.anomaly_frame_fraction,90,0.0,0.0,0.0,1.0,0.0,0.0
truth90_validation,all,Linear,Reference_Phys_v2_common_heavy.families.angle_degrees.constraint_anomaly_fraction,90,0.0,0.0,0.0,1.0,0.0,0.0
truth90_validation,all,NeuralMD,Reference_Phys_v2_common_heavy.families.angle_degrees.constraint_anomaly_fraction,90,0.0,0.0,0.0,1.0,0.0,0.0
truth90_validation,all,Linear,Reference_Phys_v2_common_heavy.families.angle_degrees.constraint_distribution.all.count,90,0.0,0.0,0.0,1.0,0.0,0.0
truth90_validation,all,NeuralMD,Reference_Phys_v2_common_heavy.families.angle_degrees.constraint_distribution.all.count,90,0.0,0.0,0.0,1.0,0.0,0.0
truth90_validation,all,Linear,Reference_Phys_v2_common_heavy.families.angle_degrees.constraint_distribution.all.maximum,90,0.0,0.0,0.0,1.0,0.0,0.0
truth90_validation,all,NeuralMD,Reference_Phys_v2_common_heavy.families.angle_degrees.constraint_distribution.all.maximum,90,0.0,0.0,0.0,1.0,0.0,0.0
truth90_validation,all,Linear,Reference_Phys_v2_common_heavy.families.angle_degrees.constraint_distribution.all.mean,90,0.0,0.0,0.0,1.0,0.0,0.0
truth90_validation,all,NeuralMD,Reference_Phys_v2_common_heavy.families.angle_degrees.constraint_distribution.all.mean,90,0.0,0.0,0.0,1.0,0.0,0.0
truth90_validation,all,Linear,Reference_Phys_v2_common_heavy.families.angle_degrees.constraint_distribution.all.p50,90,0.0,0.0,0.0,1.0,0.0,0.0
truth90_validation,all,NeuralMD,Reference_Phys_v2_common_heavy.families.angle_degrees.constraint_distribution.all.p50,90,0.0,0.0,0.0,1.0,0.0,0.0
truth90_validation,all,Linear,Reference_Phys_v2_common_heavy.families.angle_degrees.constraint_distribution.all.p90,90,0.0,0.0,0.0,1.0,0.0,0.0
truth90_validation,all,NeuralMD,Reference_Phys_v2_common_heavy.families.angle_degrees.constraint_distribution.all.p90,90,0.0,0.0,0.0,1.0,0.0,0.0
truth90_validation,all,Linear,Reference_Phys_v2_common_heavy.families.angle_degrees.constraint_distribution.all.p95,90,0.0,0.0,0.0,1.0,0.0,0.0
truth90_validation,all,NeuralMD,Reference_Phys_v2_common_heavy.families.angle_degrees.constraint_distribution.all.p95,90,0.0,0.0,0.0,1.0,0.0,0.0
truth90_validation,all,Linear,Reference_Phys_v2_common_heavy.families.angle_degrees.constraint_distribution.all.p99,90,0.0,0.0,0.0,1.0,0.0,0.0
truth90_validation,all,NeuralMD,Reference_Phys_v2_common_heavy.families.angle_degrees.constraint_distribution.all.p99,90,0.0,0.0,0.0,1.0,0.0,0.0
truth90_validation,all,Linear,Reference_Phys_v2_common_heavy.families.angle_degrees.constraint_distribution.positive.count,90,0.0,0.0,0.0,1.0,0.0,0.0
truth90_validation,all,NeuralMD,Reference_Phys_v2_common_heavy.families.angle_degrees.constraint_distribution.positive.count,90,0.0,0.0,0.0,1.0,0.0,0.0
truth90_validation,all,Linear,Reference_Phys_v2_common_heavy.families.angle_degrees.constraint_distribution.positive.maximum,47,0.0,0.0,0.0,1.0,0.0,0.0
truth90_validation,all,NeuralMD,Reference_Phys_v2_common_heavy.families.angle_degrees.constraint_distribution.positive.maximum,47,0.0,0.0,0.0,1.0,0.0,0.0
truth90_validation,all,Linear,Reference_Phys_v2_common_heavy.families.angle_degrees.constraint_distribution.positive.mean,47,0.0,0.0,0.0,1.0,0.0,0.0
truth90_validation,all,NeuralMD,Reference_Phys_v2_common_heavy.families.angle_degrees.constraint_distribution.positive.mean,47,0.0,0.0,0.0,1.0,0.0,0.0
truth90_validation,all,Linear,Reference_Phys_v2_common_heavy.families.angle_degrees.constraint_distribution.positive.p50,47,0.0,0.0,0.0,1.0,0.0,0.0
truth90_validation,all,NeuralMD,Reference_Phys_v2_common_heavy.families.angle_degrees.constraint_distribution.positive.p50,47,0.0,0.0,0.0,1.0,0.0,0.0
truth90_validation,all,Linear,Reference_Phys_v2_common_heavy.families.angle_degrees.constraint_distribution.positive.p90,47,0.0,0.0,0.0,1.0,0.0,0.0
truth90_validation,all,NeuralMD,Reference_Phys_v2_common_heavy.families.angle_degrees.constraint_distribution.positive.p90,47,0.0,0.0,0.0,1.0,0.0,0.0
truth90_validation,all,Linear,Reference_Phys_v2_common_heavy.families.angle_degrees.constraint_distribution.positive.p95,47,0.0,0.0,0.0,1.0,0.0,0.0
truth90_validation,all,NeuralMD,Reference_Phys_v2_common_heavy.families.angle_degrees.constraint_distribution.positive.p95,47,0.0,0.0,0.0,1.0,0.0,0.0
truth90_validation,all,Linear,Reference_Phys_v2_common_heavy.families.angle_degrees.constraint_distribution.positive.p99,47,0.0,0.0,0.0,1.0,0.0,0.0
truth90_validation,all,NeuralMD,Reference_Phys_v2_common_heavy.families.angle_degrees.constraint_distribution.positive.p99,47,0.0,0.0,0.0,1.0,0.0,0.0
truth90_validation,all,Linear,Reference_Phys_v2_common_heavy.families.angle_degrees.finite_mean_squared_severity,90,0.0,0.0,0.0,1.0,0.0,0.0
truth90_validation,all,NeuralMD,Reference_Phys_v2_common_heavy.families.angle_degrees.finite_mean_squared_severity,90,0.0,0.0,0.0,1.0,0.0,0.0
truth90_validation,all,Linear,Reference_Phys_v2_common_heavy.families.angle_degrees.frame_maximum_distribution.all.count,90,0.0,0.0,0.0,1.0,0.0,0.0
truth90_validation,all,NeuralMD,Reference_Phys_v2_common_heavy.families.angle_degrees.frame_maximum_distribution.all.count,90,0.0,0.0,0.0,1.0,0.0,0.0
truth90_validation,all,Linear,Reference_Phys_v2_common_heavy.families.angle_degrees.frame_maximum_distribution.all.maximum,90,0.0,0.0,0.0,1.0,0.0,0.0
truth90_validation,all,NeuralMD,Reference_Phys_v2_common_heavy.families.angle_degrees.frame_maximum_distribution.all.maximum,90,0.0,0.0,0.0,1.0,0.0,0.0
truth90_validation,all,Linear,Reference_Phys_v2_common_heavy.families.angle_degrees.frame_maximum_distribution.all.mean,90,0.0,0.0,0.0,1.0,0.0,0.0
truth90_validation,all,NeuralMD,Reference_Phys_v2_common_heavy.families.angle_degrees.frame_maximum_distribution.all.mean,90,0.0,0.0,0.0,1.0,0.0,0.0
truth90_validation,all,Linear,Reference_Phys_v2_common_heavy.families.angle_degrees.frame_maximum_distribution.all.p50,90,0.0,0.0,0.0,1.0,0.0,0.0
truth90_validation,all,NeuralMD,Reference_Phys_v2_common_heavy.families.angle_degrees.frame_maximum_distribution.all.p50,90,0.0,0.0,0.0,1.0,0.0,0.0
truth90_validation,all,Linear,Reference_Phys_v2_common_heavy.families.angle_degrees.frame_maximum_distribution.all.p90,90,0.0,0.0,0.0,1.0,0.0,0.0
truth90_validation,all,NeuralMD,Reference_Phys_v2_common_heavy.families.angle_degrees.frame_maximum_distribution.all.p90,90,0.0,0.0,0.0,1.0,0.0,0.0
truth90_validation,all,Linear,Reference_Phys_v2_common_heavy.families.angle_degrees.frame_maximum_distribution.all.p95,90,0.0,0.0,0.0,1.0,0.0,0.0
truth90_validation,all,NeuralMD,Reference_Phys_v2_common_heavy.families.angle_degrees.frame_maximum_distribution.all.p95,90,0.0,0.0,0.0,1.0,0.0,0.0
truth90_validation,all,Linear,Reference_Phys_v2_common_heavy.families.angle_degrees.frame_maximum_distribution.all.p99,90,0.0,0.0,0.0,1.0,0.0,0.0
truth90_validation,all,NeuralMD,Reference_Phys_v2_common_heavy.families.angle_degrees.frame_maximum_distribution.all.p99,90,0.0,0.0,0.0,1.0,0.0,0.0
truth90_validation,all,Linear,Reference_Phys_v2_common_heavy.families.angle_degrees.frame_maximum_distribution.positive.count,90,0.0,0.0,0.0,1.0,0.0,0.0
truth90_validation,all,NeuralMD,Reference_Phys_v2_common_heavy.families.angle_degrees.frame_maximum_distribution.positive.count,90,0.0,0.0,0.0,1.0,0.0,0.0
truth90_validation,all,Linear,Reference_Phys_v2_common_heavy.families.angle_degrees.frame_maximum_distribution.positive.maximum,47,0.0,0.0,0.0,1.0,0.0,0.0
truth90_validation,all,NeuralMD,Reference_Phys_v2_common_heavy.families.angle_degrees.frame_maximum_distribution.positive.maximum,47,0.0,0.0,0.0,1.0,0.0,0.0
truth90_validation,all,Linear,Reference_Phys_v2_common_heavy.families.angle_degrees.frame_maximum_distribution.positive.mean,47,0.0,0.0,0.0,1.0,0.0,0.0
truth90_validation,all,NeuralMD,Reference_Phys_v2_common_heavy.families.angle_degrees.frame_maximum_distribution.positive.mean,47,0.0,0.0,0.0,1.0,0.0,0.0
truth90_validation,all,Linear,Reference_Phys_v2_common_heavy.families.angle_degrees.frame_maximum_distribution.positive.p50,47,0.0,0.0,0.0,1.0,0.0,0.0
truth90_validation,all,NeuralMD,Reference_Phys_v2_common_heavy.families.angle_degrees.frame_maximum_distribution.positive.p50,47,0.0,0.0,0.0,1.0,0.0,0.0
truth90_validation,all,Linear,Reference_Phys_v2_common_heavy.families.angle_degrees.frame_maximum_distribution.positive.p90,47,0.0,0.0,0.0,1.0,0.0,0.0
truth90_validation,all,NeuralMD,Reference_Phys_v2_common_heavy.families.angle_degrees.frame_maximum_distribution.positive.p90,47,0.0,0.0,0.0,1.0,0.0,0.0
truth90_validation,all,Linear,Reference_Phys_v2_common_heavy.families.angle_degrees.frame_maximum_distribution.positive.p95,47,0.0,0.0,0.0,1.0,0.0,0.0
truth90_validation,all,NeuralMD,Reference_Phys_v2_common_heavy.families.angle_degrees.frame_maximum_distribution.positive.p95,47,0.0,0.0,0.0,1.0,0.0,0.0
truth90_validation,all,Linear,Reference_Phys_v2_common_heavy.families.angle_degrees.frame_maximum_distribution.positive.p99,47,0.0,0.0,0.0,1.0,0.0,0.0
truth90_validation,all,NeuralMD,Reference_Phys_v2_common_heavy.families.angle_degrees.frame_maximum_distribution.positive.p99,47,0.0,0.0,0.0,1.0,0.0,0.0
truth90_validation,all,Linear,Reference_Phys_v2_common_heavy.families.angle_degrees.threshold,90,0.0,0.0,0.0,1.0,0.0,0.0
truth90_validation,all,NeuralMD,Reference_Phys_v2_common_heavy.families.angle_degrees.threshold,90,0.0,0.0,0.0,1.0,0.0,0.0
truth90_validation,all,Linear,Reference_Phys_v2_common_heavy.families.bond_relative.anomaly_frame_fraction,90,0.0,0.0,0.0,1.0,0.0,0.0
truth90_validation,all,NeuralMD,Reference_Phys_v2_common_heavy.families.bond_relative.anomaly_frame_fraction,90,0.0,0.0,0.0,1.0,0.0,0.0
truth90_validation,all,Linear,Reference_Phys_v2_common_heavy.families.bond_relative.constraint_anomaly_fraction,90,0.0,0.0,0.0,1.0,0.0,0.0
truth90_validation,all,NeuralMD,Reference_Phys_v2_common_heavy.families.bond_relative.constraint_anomaly_fraction,90,0.0,0.0,0.0,1.0,0.0,0.0
truth90_validation,all,Linear,Reference_Phys_v2_common_heavy.families.bond_relative.constraint_distribution.all.count,90,0.0,0.0,0.0,1.0,0.0,0.0
truth90_validation,all,NeuralMD,Reference_Phys_v2_common_heavy.families.bond_relative.constraint_distribution.all.count,90,0.0,0.0,0.0,1.0,0.0,0.0
truth90_validation,all,Linear,Reference_Phys_v2_common_heavy.families.bond_relative.constraint_distribution.all.maximum,90,0.0,0.0,0.0,1.0,0.0,0.0
truth90_validation,all,NeuralMD,Reference_Phys_v2_common_heavy.families.bond_relative.constraint_distribution.all.maximum,90,0.0,0.0,0.0,1.0,0.0,0.0
truth90_validation,all,Linear,Reference_Phys_v2_common_heavy.families.bond_relative.constraint_distribution.all.mean,90,0.0,0.0,0.0,1.0,0.0,0.0
truth90_validation,all,NeuralMD,Reference_Phys_v2_common_heavy.families.bond_relative.constraint_distribution.all.mean,90,0.0,0.0,0.0,1.0,0.0,0.0
truth90_validation,all,Linear,Reference_Phys_v2_common_heavy.families.bond_relative.constraint_distribution.all.p50,90,0.0,0.0,0.0,1.0,0.0,0.0
truth90_validation,all,NeuralMD,Reference_Phys_v2_common_heavy.families.bond_relative.constraint_distribution.all.p50,90,0.0,0.0,0.0,1.0,0.0,0.0
truth90_validation,all,Linear,Reference_Phys_v2_common_heavy.families.bond_relative.constraint_distribution.all.p90,90,0.0,0.0,0.0,1.0,0.0,0.0
truth90_validation,all,NeuralMD,Reference_Phys_v2_common_heavy.families.bond_relative.constraint_distribution.all.p90,90,0.0,0.0,0.0,1.0,0.0,0.0
truth90_validation,all,Linear,Reference_Phys_v2_common_heavy.families.bond_relative.constraint_distribution.all.p95,90,0.0,0.0,0.0,1.0,0.0,0.0
truth90_validation,all,NeuralMD,Reference_Phys_v2_common_heavy.families.bond_relative.constraint_distribution.all.p95,90,0.0,0.0,0.0,1.0,0.0,0.0
truth90_validation,all,Linear,Reference_Phys_v2_common_heavy.families.bond_relative.constraint_distribution.all.p99,90,0.0,0.0,0.0,1.0,0.0,0.0
truth90_validation,all,NeuralMD,Reference_Phys_v2_common_heavy.families.bond_relative.constraint_distribution.all.p99,90,0.0,0.0,0.0,1.0,0.0,0.0
truth90_validation,all,Linear,Reference_Phys_v2_common_heavy.families.bond_relative.constraint_distribution.positive.count,90,0.0,0.0,0.0,1.0,0.0,0.0
truth90_validation,all,NeuralMD,Reference_Phys_v2_common_heavy.families.bond_relative.constraint_distribution.positive.count,90,0.0,0.0,0.0,1.0,0.0,0.0
truth90_validation,all,Linear,Reference_Phys_v2_common_heavy.families.bond_relative.constraint_distribution.positive.maximum,71,0.0,0.0,0.0,1.0,0.0,0.0
truth90_validation,all,NeuralMD,Reference_Phys_v2_common_heavy.families.bond_relative.constraint_distribution.positive.maximum,71,0.0,0.0,0.0,1.0,0.0,0.0
truth90_validation,all,Linear,Reference_Phys_v2_common_heavy.families.bond_relative.constraint_distribution.positive.mean,71,0.0,0.0,0.0,1.0,0.0,0.0
truth90_validation,all,NeuralMD,Reference_Phys_v2_common_heavy.families.bond_relative.constraint_distribution.positive.mean,71,0.0,0.0,0.0,1.0,0.0,0.0
truth90_validation,all,Linear,Reference_Phys_v2_common_heavy.families.bond_relative.constraint_distribution.positive.p50,71,0.0,0.0,0.0,1.0,0.0,0.0
truth90_validation,all,NeuralMD,Reference_Phys_v2_common_heavy.families.bond_relative.constraint_distribution.positive.p50,71,0.0,0.0,0.0,1.0,0.0,0.0
truth90_validation,all,Linear,Reference_Phys_v2_common_heavy.families.bond_relative.constraint_distribution.positive.p90,71,0.0,0.0,0.0,1.0,0.0,0.0
truth90_validation,all,NeuralMD,Reference_Phys_v2_common_heavy.families.bond_relative.constraint_distribution.positive.p90,71,0.0,0.0,0.0,1.0,0.0,0.0
truth90_validation,all,Linear,Reference_Phys_v2_common_heavy.families.bond_relative.constraint_distribution.positive.p95,71,0.0,0.0,0.0,1.0,0.0,0.0
truth90_validation,all,NeuralMD,Reference_Phys_v2_common_heavy.families.bond_relative.constraint_distribution.positive.p95,71,0.0,0.0,0.0,1.0,0.0,0.0
truth90_validation,all,Linear,Reference_Phys_v2_common_heavy.families.bond_relative.constraint_distribution.positive.p99,71,0.0,0.0,0.0,1.0,0.0,0.0
truth90_validation,all,NeuralMD,Reference_Phys_v2_common_heavy.families.bond_relative.constraint_distribution.positive.p99,71,0.0,0.0,0.0,1.0,0.0,0.0
truth90_validation,all,Linear,Reference_Phys_v2_common_heavy.families.bond_relative.finite_mean_squared_severity,90,0.0,0.0,0.0,1.0,0.0,0.0
truth90_validation,all,NeuralMD,Reference_Phys_v2_common_heavy.families.bond_relative.finite_mean_squared_severity,90,0.0,0.0,0.0,1.0,0.0,0.0
truth90_validation,all,Linear,Reference_Phys_v2_common_heavy.families.bond_relative.frame_maximum_distribution.all.count,90,0.0,0.0,0.0,1.0,0.0,0.0
truth90_validation,all,NeuralMD,Reference_Phys_v2_common_heavy.families.bond_relative.frame_maximum_distribution.all.count,90,0.0,0.0,0.0,1.0,0.0,0.0
truth90_validation,all,Linear,Reference_Phys_v2_common_heavy.families.bond_relative.frame_maximum_distribution.all.maximum,90,0.0,0.0,0.0,1.0,0.0,0.0
truth90_validation,all,NeuralMD,Reference_Phys_v2_common_heavy.families.bond_relative.frame_maximum_distribution.all.maximum,90,0.0,0.0,0.0,1.0,0.0,0.0
truth90_validation,all,Linear,Reference_Phys_v2_common_heavy.families.bond_relative.frame_maximum_distribution.all.mean,90,0.0,0.0,0.0,1.0,0.0,0.0
truth90_validation,all,NeuralMD,Reference_Phys_v2_common_heavy.families.bond_relative.frame_maximum_distribution.all.mean,90,0.0,0.0,0.0,1.0,0.0,0.0
truth90_validation,all,Linear,Reference_Phys_v2_common_heavy.families.bond_relative.frame_maximum_distribution.all.p50,90,0.0,0.0,0.0,1.0,0.0,0.0
truth90_validation,all,NeuralMD,Reference_Phys_v2_common_heavy.families.bond_relative.frame_maximum_distribution.all.p50,90,0.0,0.0,0.0,1.0,0.0,0.0
truth90_validation,all,Linear,Reference_Phys_v2_common_heavy.families.bond_relative.frame_maximum_distribution.all.p90,90,0.0,0.0,0.0,1.0,0.0,0.0
truth90_validation,all,NeuralMD,Reference_Phys_v2_common_heavy.families.bond_relative.frame_maximum_distribution.all.p90,90,0.0,0.0,0.0,1.0,0.0,0.0
truth90_validation,all,Linear,Reference_Phys_v2_common_heavy.families.bond_relative.frame_maximum_distribution.all.p95,90,0.0,0.0,0.0,1.0,0.0,0.0
truth90_validation,all,NeuralMD,Reference_Phys_v2_common_heavy.families.bond_relative.frame_maximum_distribution.all.p95,90,0.0,0.0,0.0,1.0,0.0,0.0
truth90_validation,all,Linear,Reference_Phys_v2_common_heavy.families.bond_relative.frame_maximum_distribution.all.p99,90,0.0,0.0,0.0,1.0,0.0,0.0
truth90_validation,all,NeuralMD,Reference_Phys_v2_common_heavy.families.bond_relative.frame_maximum_distribution.all.p99,90,0.0,0.0,0.0,1.0,0.0,0.0
truth90_validation,all,Linear,Reference_Phys_v2_common_heavy.families.bond_relative.frame_maximum_distribution.positive.count,90,0.0,0.0,0.0,1.0,0.0,0.0
truth90_validation,all,NeuralMD,Reference_Phys_v2_common_heavy.families.bond_relative.frame_maximum_distribution.positive.count,90,0.0,0.0,0.0,1.0,0.0,0.0
truth90_validation,all,Linear,Reference_Phys_v2_common_heavy.families.bond_relative.frame_maximum_distribution.positive.maximum,71,0.0,0.0,0.0,1.0,0.0,0.0
truth90_validation,all,NeuralMD,Reference_Phys_v2_common_heavy.families.bond_relative.frame_maximum_distribution.positive.maximum,71,0.0,0.0,0.0,1.0,0.0,0.0
truth90_validation,all,Linear,Reference_Phys_v2_common_heavy.families.bond_relative.frame_maximum_distribution.positive.mean,71,0.0,0.0,0.0,1.0,0.0,0.0
truth90_validation,all,NeuralMD,Reference_Phys_v2_common_heavy.families.bond_relative.frame_maximum_distribution.positive.mean,71,0.0,0.0,0.0,1.0,0.0,0.0
truth90_validation,all,Linear,Reference_Phys_v2_common_heavy.families.bond_relative.frame_maximum_distribution.positive.p50,71,0.0,0.0,0.0,1.0,0.0,0.0
truth90_validation,all,NeuralMD,Reference_Phys_v2_common_heavy.families.bond_relative.frame_maximum_distribution.positive.p50,71,0.0,0.0,0.0,1.0,0.0,0.0
truth90_validation,all,Linear,Reference_Phys_v2_common_heavy.families.bond_relative.frame_maximum_distribution.positive.p90,71,0.0,0.0,0.0,1.0,0.0,0.0
truth90_validation,all,NeuralMD,Reference_Phys_v2_common_heavy.families.bond_relative.frame_maximum_distribution.positive.p90,71,0.0,0.0,0.0,1.0,0.0,0.0
truth90_validation,all,Linear,Reference_Phys_v2_common_heavy.families.bond_relative.frame_maximum_distribution.positive.p95,71,0.0,0.0,0.0,1.0,0.0,0.0
truth90_validation,all,NeuralMD,Reference_Phys_v2_common_heavy.families.bond_relative.frame_maximum_distribution.positive.p95,71,0.0,0.0,0.0,1.0,0.0,0.0
truth90_validation,all,Linear,Reference_Phys_v2_common_heavy.families.bond_relative.frame_maximum_distribution.positive.p99,71,0.0,0.0,0.0,1.0,0.0,0.0
truth90_validation,all,NeuralMD,Reference_Phys_v2_common_heavy.families.bond_relative.frame_maximum_distribution.positive.p99,71,0.0,0.0,0.0,1.0,0.0,0.0
truth90_validation,all,Linear,Reference_Phys_v2_common_heavy.families.bond_relative.threshold,90,0.0,0.0,0.0,1.0,0.0,0.0
truth90_validation,all,NeuralMD,Reference_Phys_v2_common_heavy.families.bond_relative.threshold,90,0.0,0.0,0.0,1.0,0.0,0.0
truth90_validation,all,Linear,Reference_Phys_v2_common_heavy.families.environment_compression.anomaly_frame_fraction,90,0.0,0.0,0.0,1.0,0.0,0.0
truth90_validation,all,NeuralMD,Reference_Phys_v2_common_heavy.families.environment_compression.anomaly_frame_fraction,90,0.0,0.0,0.0,1.0,0.0,0.0
truth90_validation,all,Linear,Reference_Phys_v2_common_heavy.families.environment_compression.constraint_anomaly_fraction,90,0.0,0.0,0.0,1.0,0.0,0.0
truth90_validation,all,NeuralMD,Reference_Phys_v2_common_heavy.families.environment_compression.constraint_anomaly_fraction,90,0.0,0.0,0.0,1.0,0.0,0.0
truth90_validation,all,Linear,Reference_Phys_v2_common_heavy.families.environment_compression.constraint_distribution.all.count,90,0.0,0.0,0.0,1.0,0.0,0.0
truth90_validation,all,NeuralMD,Reference_Phys_v2_common_heavy.families.environment_compression.constraint_distribution.all.count,90,0.0,0.0,0.0,1.0,0.0,0.0
truth90_validation,all,Linear,Reference_Phys_v2_common_heavy.families.environment_compression.constraint_distribution.all.maximum,90,0.0,0.0,0.0,1.0,0.0,0.0
truth90_validation,all,NeuralMD,Reference_Phys_v2_common_heavy.families.environment_compression.constraint_distribution.all.maximum,90,0.0,0.0,0.0,1.0,0.0,0.0
truth90_validation,all,Linear,Reference_Phys_v2_common_heavy.families.environment_compression.constraint_distribution.all.mean,90,0.0,0.0,0.0,1.0,0.0,0.0
truth90_validation,all,NeuralMD,Reference_Phys_v2_common_heavy.families.environment_compression.constraint_distribution.all.mean,90,0.0,0.0,0.0,1.0,0.0,0.0
truth90_validation,all,Linear,Reference_Phys_v2_common_heavy.families.environment_compression.constraint_distribution.all.p50,90,0.0,0.0,0.0,1.0,0.0,0.0
truth90_validation,all,NeuralMD,Reference_Phys_v2_common_heavy.families.environment_compression.constraint_distribution.all.p50,90,0.0,0.0,0.0,1.0,0.0,0.0
truth90_validation,all,Linear,Reference_Phys_v2_common_heavy.families.environment_compression.constraint_distribution.all.p90,90,0.0,0.0,0.0,1.0,0.0,0.0
truth90_validation,all,NeuralMD,Reference_Phys_v2_common_heavy.families.environment_compression.constraint_distribution.all.p90,90,0.0,0.0,0.0,1.0,0.0,0.0
truth90_validation,all,Linear,Reference_Phys_v2_common_heavy.families.environment_compression.constraint_distribution.all.p95,90,0.0,0.0,0.0,1.0,0.0,0.0
truth90_validation,all,NeuralMD,Reference_Phys_v2_common_heavy.families.environment_compression.constraint_distribution.all.p95,90,0.0,0.0,0.0,1.0,0.0,0.0
truth90_validation,all,Linear,Reference_Phys_v2_common_heavy.families.environment_compression.constraint_distribution.all.p99,90,0.0,0.0,0.0,1.0,0.0,0.0
truth90_validation,all,NeuralMD,Reference_Phys_v2_common_heavy.families.environment_compression.constraint_distribution.all.p99,90,0.0,0.0,0.0,1.0,0.0,0.0
truth90_validation,all,Linear,Reference_Phys_v2_common_heavy.families.environment_compression.constraint_distribution.positive.count,90,0.0,0.0,0.0,1.0,0.0,0.0
truth90_validation,all,NeuralMD,Reference_Phys_v2_common_heavy.families.environment_compression.constraint_distribution.positive.count,90,0.0,0.0,0.0,1.0,0.0,0.0
truth90_validation,all,Linear,Reference_Phys_v2_common_heavy.families.environment_compression.constraint_distribution.positive.maximum,29,0.0,0.0,0.0,1.0,0.0,0.0
truth90_validation,all,NeuralMD,Reference_Phys_v2_common_heavy.families.environment_compression.constraint_distribution.positive.maximum,29,0.0,0.0,0.0,1.0,0.0,0.0
truth90_validation,all,Linear,Reference_Phys_v2_common_heavy.families.environment_compression.constraint_distribution.positive.mean,29,0.0,0.0,0.0,1.0,0.0,0.0
truth90_validation,all,NeuralMD,Reference_Phys_v2_common_heavy.families.environment_compression.constraint_distribution.positive.mean,29,0.0,0.0,0.0,1.0,0.0,0.0
truth90_validation,all,Linear,Reference_Phys_v2_common_heavy.families.environment_compression.constraint_distribution.positive.p50,29,0.0,0.0,0.0,1.0,0.0,0.0
truth90_validation,all,NeuralMD,Reference_Phys_v2_common_heavy.families.environment_compression.constraint_distribution.positive.p50,29,0.0,0.0,0.0,1.0,0.0,0.0
truth90_validation,all,Linear,Reference_Phys_v2_common_heavy.families.environment_compression.constraint_distribution.positive.p90,29,0.0,0.0,0.0,1.0,0.0,0.0
truth90_validation,all,NeuralMD,Reference_Phys_v2_common_heavy.families.environment_compression.constraint_distribution.positive.p90,29,0.0,0.0,0.0,1.0,0.0,0.0
truth90_validation,all,Linear,Reference_Phys_v2_common_heavy.families.environment_compression.constraint_distribution.positive.p95,29,0.0,0.0,0.0,1.0,0.0,0.0
truth90_validation,all,NeuralMD,Reference_Phys_v2_common_heavy.families.environment_compression.constraint_distribution.positive.p95,29,0.0,0.0,0.0,1.0,0.0,0.0
truth90_validation,all,Linear,Reference_Phys_v2_common_heavy.families.environment_compression.constraint_distribution.positive.p99,29,0.0,0.0,0.0,1.0,0.0,0.0
truth90_validation,all,NeuralMD,Reference_Phys_v2_common_heavy.families.environment_compression.constraint_distribution.positive.p99,29,0.0,0.0,0.0,1.0,0.0,0.0
truth90_validation,all,Linear,Reference_Phys_v2_common_heavy.families.environment_compression.finite_mean_squared_severity,90,0.0,0.0,0.0,1.0,0.0,0.0
truth90_validation,all,NeuralMD,Reference_Phys_v2_common_heavy.families.environment_compression.finite_mean_squared_severity,90,0.0,0.0,0.0,1.0,0.0,0.0
truth90_validation,all,Linear,Reference_Phys_v2_common_heavy.families.environment_compression.frame_maximum_distribution.all.count,90,0.0,0.0,0.0,1.0,0.0,0.0
truth90_validation,all,NeuralMD,Reference_Phys_v2_common_heavy.families.environment_compression.frame_maximum_distribution.all.count,90,0.0,0.0,0.0,1.0,0.0,0.0
truth90_validation,all,Linear,Reference_Phys_v2_common_heavy.families.environment_compression.frame_maximum_distribution.all.maximum,90,0.0,0.0,0.0,1.0,0.0,0.0
truth90_validation,all,NeuralMD,Reference_Phys_v2_common_heavy.families.environment_compression.frame_maximum_distribution.all.maximum,90,0.0,0.0,0.0,1.0,0.0,0.0
truth90_validation,all,Linear,Reference_Phys_v2_common_heavy.families.environment_compression.frame_maximum_distribution.all.mean,90,0.0,0.0,0.0,1.0,0.0,0.0
truth90_validation,all,NeuralMD,Reference_Phys_v2_common_heavy.families.environment_compression.frame_maximum_distribution.all.mean,90,0.0,0.0,0.0,1.0,0.0,0.0
truth90_validation,all,Linear,Reference_Phys_v2_common_heavy.families.environment_compression.frame_maximum_distribution.all.p50,90,0.0,0.0,0.0,1.0,0.0,0.0
truth90_validation,all,NeuralMD,Reference_Phys_v2_common_heavy.families.environment_compression.frame_maximum_distribution.all.p50,90,0.0,0.0,0.0,1.0,0.0,0.0
truth90_validation,all,Linear,Reference_Phys_v2_common_heavy.families.environment_compression.frame_maximum_distribution.all.p90,90,0.0,0.0,0.0,1.0,0.0,0.0
truth90_validation,all,NeuralMD,Reference_Phys_v2_common_heavy.families.environment_compression.frame_maximum_distribution.all.p90,90,0.0,0.0,0.0,1.0,0.0,0.0
truth90_validation,all,Linear,Reference_Phys_v2_common_heavy.families.environment_compression.frame_maximum_distribution.all.p95,90,0.0,0.0,0.0,1.0,0.0,0.0
truth90_validation,all,NeuralMD,Reference_Phys_v2_common_heavy.families.environment_compression.frame_maximum_distribution.all.p95,90,0.0,0.0,0.0,1.0,0.0,0.0
truth90_validation,all,Linear,Reference_Phys_v2_common_heavy.families.environment_compression.frame_maximum_distribution.all.p99,90,0.0,0.0,0.0,1.0,0.0,0.0
truth90_validation,all,NeuralMD,Reference_Phys_v2_common_heavy.families.environment_compression.frame_maximum_distribution.all.p99,90,0.0,0.0,0.0,1.0,0.0,0.0
truth90_validation,all,Linear,Reference_Phys_v2_common_heavy.families.environment_compression.frame_maximum_distribution.positive.count,90,0.0,0.0,0.0,1.0,0.0,0.0
truth90_validation,all,NeuralMD,Reference_Phys_v2_common_heavy.families.environment_compression.frame_maximum_distribution.positive.count,90,0.0,0.0,0.0,1.0,0.0,0.0
truth90_validation,all,Linear,Reference_Phys_v2_common_heavy.families.environment_compression.frame_maximum_distribution.positive.maximum,29,0.0,0.0,0.0,1.0,0.0,0.0
truth90_validation,all,NeuralMD,Reference_Phys_v2_common_heavy.families.environment_compression.frame_maximum_distribution.positive.maximum,29,0.0,0.0,0.0,1.0,0.0,0.0
truth90_validation,all,Linear,Reference_Phys_v2_common_heavy.families.environment_compression.frame_maximum_distribution.positive.mean,29,0.0,0.0,0.0,1.0,0.0,0.0
truth90_validation,all,NeuralMD,Reference_Phys_v2_common_heavy.families.environment_compression.frame_maximum_distribution.positive.mean,29,0.0,0.0,0.0,1.0,0.0,0.0
truth90_validation,all,Linear,Reference_Phys_v2_common_heavy.families.environment_compression.frame_maximum_distribution.positive.p50,29,0.0,0.0,0.0,1.0,0.0,0.0
truth90_validation,all,NeuralMD,Reference_Phys_v2_common_heavy.families.environment_compression.frame_maximum_distribution.positive.p50,29,0.0,0.0,0.0,1.0,0.0,0.0
truth90_validation,all,Linear,Reference_Phys_v2_common_heavy.families.environment_compression.frame_maximum_distribution.positive.p90,29,0.0,0.0,0.0,1.0,0.0,0.0
truth90_validation,all,NeuralMD,Reference_Phys_v2_common_heavy.families.environment_compression.frame_maximum_distribution.positive.p90,29,0.0,0.0,0.0,1.0,0.0,0.0
truth90_validation,all,Linear,Reference_Phys_v2_common_heavy.families.environment_compression.frame_maximum_distribution.positive.p95,29,0.0,0.0,0.0,1.0,0.0,0.0
truth90_validation,all,NeuralMD,Reference_Phys_v2_common_heavy.families.environment_compression.frame_maximum_distribution.positive.p95,29,0.0,0.0,0.0,1.0,0.0,0.0
truth90_validation,all,Linear,Reference_Phys_v2_common_heavy.families.environment_compression.frame_maximum_distribution.positive.p99,29,0.0,0.0,0.0,1.0,0.0,0.0
truth90_validation,all,NeuralMD,Reference_Phys_v2_common_heavy.families.environment_compression.frame_maximum_distribution.positive.p99,29,0.0,0.0,0.0,1.0,0.0,0.0
truth90_validation,all,Linear,Reference_Phys_v2_common_heavy.families.environment_compression.threshold,90,0.0,0.0,0.0,1.0,0.0,0.0
truth90_validation,all,NeuralMD,Reference_Phys_v2_common_heavy.families.environment_compression.threshold,90,0.0,0.0,0.0,1.0,0.0,0.0
truth90_validation,all,Linear,Reference_Phys_v2_common_heavy.families.self_compression.anomaly_frame_fraction,90,0.0,0.0,0.0,1.0,0.0,0.0
truth90_validation,all,NeuralMD,Reference_Phys_v2_common_heavy.families.self_compression.anomaly_frame_fraction,90,0.0,0.0,0.0,1.0,0.0,0.0
truth90_validation,all,Linear,Reference_Phys_v2_common_heavy.families.self_compression.constraint_anomaly_fraction,90,0.0,0.0,0.0,1.0,0.0,0.0
truth90_validation,all,NeuralMD,Reference_Phys_v2_common_heavy.families.self_compression.constraint_anomaly_fraction,90,0.0,0.0,0.0,1.0,0.0,0.0
truth90_validation,all,Linear,Reference_Phys_v2_common_heavy.families.self_compression.constraint_distribution.all.count,90,0.0,0.0,0.0,1.0,0.0,0.0
truth90_validation,all,NeuralMD,Reference_Phys_v2_common_heavy.families.self_compression.constraint_distribution.all.count,90,0.0,0.0,0.0,1.0,0.0,0.0
truth90_validation,all,Linear,Reference_Phys_v2_common_heavy.families.self_compression.constraint_distribution.all.maximum,90,0.0,0.0,0.0,1.0,0.0,0.0
truth90_validation,all,NeuralMD,Reference_Phys_v2_common_heavy.families.self_compression.constraint_distribution.all.maximum,90,0.0,0.0,0.0,1.0,0.0,0.0
truth90_validation,all,Linear,Reference_Phys_v2_common_heavy.families.self_compression.constraint_distribution.all.mean,90,0.0,0.0,0.0,1.0,0.0,0.0
truth90_validation,all,NeuralMD,Reference_Phys_v2_common_heavy.families.self_compression.constraint_distribution.all.mean,90,0.0,0.0,0.0,1.0,0.0,0.0
truth90_validation,all,Linear,Reference_Phys_v2_common_heavy.families.self_compression.constraint_distribution.all.p50,90,0.0,0.0,0.0,1.0,0.0,0.0
truth90_validation,all,NeuralMD,Reference_Phys_v2_common_heavy.families.self_compression.constraint_distribution.all.p50,90,0.0,0.0,0.0,1.0,0.0,0.0
truth90_validation,all,Linear,Reference_Phys_v2_common_heavy.families.self_compression.constraint_distribution.all.p90,90,0.0,0.0,0.0,1.0,0.0,0.0
truth90_validation,all,NeuralMD,Reference_Phys_v2_common_heavy.families.self_compression.constraint_distribution.all.p90,90,0.0,0.0,0.0,1.0,0.0,0.0
truth90_validation,all,Linear,Reference_Phys_v2_common_heavy.families.self_compression.constraint_distribution.all.p95,90,0.0,0.0,0.0,1.0,0.0,0.0
truth90_validation,all,NeuralMD,Reference_Phys_v2_common_heavy.families.self_compression.constraint_distribution.all.p95,90,0.0,0.0,0.0,1.0,0.0,0.0
truth90_validation,all,Linear,Reference_Phys_v2_common_heavy.families.self_compression.constraint_distribution.all.p99,90,0.0,0.0,0.0,1.0,0.0,0.0
truth90_validation,all,NeuralMD,Reference_Phys_v2_common_heavy.families.self_compression.constraint_distribution.all.p99,90,0.0,0.0,0.0,1.0,0.0,0.0
truth90_validation,all,Linear,Reference_Phys_v2_common_heavy.families.self_compression.constraint_distribution.positive.count,90,0.0,0.0,0.0,1.0,0.0,0.0
truth90_validation,all,NeuralMD,Reference_Phys_v2_common_heavy.families.self_compression.constraint_distribution.positive.count,90,0.0,0.0,0.0,1.0,0.0,0.0
truth90_validation,all,Linear,Reference_Phys_v2_common_heavy.families.self_compression.finite_mean_squared_severity,90,0.0,0.0,0.0,1.0,0.0,0.0
truth90_validation,all,NeuralMD,Reference_Phys_v2_common_heavy.families.self_compression.finite_mean_squared_severity,90,0.0,0.0,0.0,1.0,0.0,0.0
truth90_validation,all,Linear,Reference_Phys_v2_common_heavy.families.self_compression.frame_maximum_distribution.all.count,90,0.0,0.0,0.0,1.0,0.0,0.0
truth90_validation,all,NeuralMD,Reference_Phys_v2_common_heavy.families.self_compression.frame_maximum_distribution.all.count,90,0.0,0.0,0.0,1.0,0.0,0.0
truth90_validation,all,Linear,Reference_Phys_v2_common_heavy.families.self_compression.frame_maximum_distribution.all.maximum,90,0.0,0.0,0.0,1.0,0.0,0.0
truth90_validation,all,NeuralMD,Reference_Phys_v2_common_heavy.families.self_compression.frame_maximum_distribution.all.maximum,90,0.0,0.0,0.0,1.0,0.0,0.0
truth90_validation,all,Linear,Reference_Phys_v2_common_heavy.families.self_compression.frame_maximum_distribution.all.mean,90,0.0,0.0,0.0,1.0,0.0,0.0
truth90_validation,all,NeuralMD,Reference_Phys_v2_common_heavy.families.self_compression.frame_maximum_distribution.all.mean,90,0.0,0.0,0.0,1.0,0.0,0.0
truth90_validation,all,Linear,Reference_Phys_v2_common_heavy.families.self_compression.frame_maximum_distribution.all.p50,90,0.0,0.0,0.0,1.0,0.0,0.0
truth90_validation,all,NeuralMD,Reference_Phys_v2_common_heavy.families.self_compression.frame_maximum_distribution.all.p50,90,0.0,0.0,0.0,1.0,0.0,0.0
truth90_validation,all,Linear,Reference_Phys_v2_common_heavy.families.self_compression.frame_maximum_distribution.all.p90,90,0.0,0.0,0.0,1.0,0.0,0.0
truth90_validation,all,NeuralMD,Reference_Phys_v2_common_heavy.families.self_compression.frame_maximum_distribution.all.p90,90,0.0,0.0,0.0,1.0,0.0,0.0
truth90_validation,all,Linear,Reference_Phys_v2_common_heavy.families.self_compression.frame_maximum_distribution.all.p95,90,0.0,0.0,0.0,1.0,0.0,0.0
truth90_validation,all,NeuralMD,Reference_Phys_v2_common_heavy.families.self_compression.frame_maximum_distribution.all.p95,90,0.0,0.0,0.0,1.0,0.0,0.0
truth90_validation,all,Linear,Reference_Phys_v2_common_heavy.families.self_compression.frame_maximum_distribution.all.p99,90,0.0,0.0,0.0,1.0,0.0,0.0
truth90_validation,all,NeuralMD,Reference_Phys_v2_common_heavy.families.self_compression.frame_maximum_distribution.all.p99,90,0.0,0.0,0.0,1.0,0.0,0.0
truth90_validation,all,Linear,Reference_Phys_v2_common_heavy.families.self_compression.frame_maximum_distribution.positive.count,90,0.0,0.0,0.0,1.0,0.0,0.0
truth90_validation,all,NeuralMD,Reference_Phys_v2_common_heavy.families.self_compression.frame_maximum_distribution.positive.count,90,0.0,0.0,0.0,1.0,0.0,0.0
truth90_validation,all,Linear,Reference_Phys_v2_common_heavy.families.self_compression.threshold,90,0.0,0.0,0.0,1.0,0.0,0.0
truth90_validation,all,NeuralMD,Reference_Phys_v2_common_heavy.families.self_compression.threshold,90,0.0,0.0,0.0,1.0,0.0,0.0
truth90_validation,all,Linear,Reference_Phys_v2_common_heavy.finite_frame_fraction,90,0.0,0.0,0.0,1.0,0.0,0.0
truth90_validation,all,NeuralMD,Reference_Phys_v2_common_heavy.finite_frame_fraction,90,0.0,0.0,0.0,1.0,0.0,0.0
truth90_validation,all,Linear,Reference_Phys_v2_common_heavy.fixed_environment_valid_frame_fraction,90,0.0,0.0,0.0,1.0,0.0,0.0
truth90_validation,all,NeuralMD,Reference_Phys_v2_common_heavy.fixed_environment_valid_frame_fraction,90,0.0,0.0,0.0,1.0,0.0,0.0
truth90_validation,all,Linear,Reference_Phys_v2_common_heavy.heavy_atoms,90,0.0,0.0,0.0,1.0,0.0,0.0
truth90_validation,all,NeuralMD,Reference_Phys_v2_common_heavy.heavy_atoms,90,0.0,0.0,0.0,1.0,0.0,0.0
truth90_validation,all,Linear,Reference_Phys_v2_common_heavy.intramolecular_tail_valid_frame_fraction,90,0.0,0.0,0.0,1.0,0.0,0.0
truth90_validation,all,NeuralMD,Reference_Phys_v2_common_heavy.intramolecular_tail_valid_frame_fraction,90,0.0,0.0,0.0,1.0,0.0,0.0
truth90_validation,all,Linear,Reference_Phys_v2_common_heavy.physical_excess_distributions.angle.all.count,90,0.0,0.0,0.0,1.0,0.0,0.0
truth90_validation,all,NeuralMD,Reference_Phys_v2_common_heavy.physical_excess_distributions.angle.all.count,90,0.0,0.0,0.0,1.0,0.0,0.0
truth90_validation,all,Linear,Reference_Phys_v2_common_heavy.physical_excess_distributions.angle.all.maximum,90,0.0,0.0,0.0,1.0,0.0,0.0
truth90_validation,all,NeuralMD,Reference_Phys_v2_common_heavy.physical_excess_distributions.angle.all.maximum,90,0.0,0.0,0.0,1.0,0.0,0.0
truth90_validation,all,Linear,Reference_Phys_v2_common_heavy.physical_excess_distributions.angle.all.mean,90,0.0,0.0,0.0,1.0,0.0,0.0
truth90_validation,all,NeuralMD,Reference_Phys_v2_common_heavy.physical_excess_distributions.angle.all.mean,90,0.0,0.0,0.0,1.0,0.0,0.0
truth90_validation,all,Linear,Reference_Phys_v2_common_heavy.physical_excess_distributions.angle.all.p50,90,0.0,0.0,0.0,1.0,0.0,0.0
truth90_validation,all,NeuralMD,Reference_Phys_v2_common_heavy.physical_excess_distributions.angle.all.p50,90,0.0,0.0,0.0,1.0,0.0,0.0
truth90_validation,all,Linear,Reference_Phys_v2_common_heavy.physical_excess_distributions.angle.all.p90,90,0.0,0.0,0.0,1.0,0.0,0.0
truth90_validation,all,NeuralMD,Reference_Phys_v2_common_heavy.physical_excess_distributions.angle.all.p90,90,0.0,0.0,0.0,1.0,0.0,0.0
truth90_validation,all,Linear,Reference_Phys_v2_common_heavy.physical_excess_distributions.angle.all.p95,90,0.0,0.0,0.0,1.0,0.0,0.0
truth90_validation,all,NeuralMD,Reference_Phys_v2_common_heavy.physical_excess_distributions.angle.all.p95,90,0.0,0.0,0.0,1.0,0.0,0.0
truth90_validation,all,Linear,Reference_Phys_v2_common_heavy.physical_excess_distributions.angle.all.p99,90,0.0,0.0,0.0,1.0,0.0,0.0
truth90_validation,all,NeuralMD,Reference_Phys_v2_common_heavy.physical_excess_distributions.angle.all.p99,90,0.0,0.0,0.0,1.0,0.0,0.0
truth90_validation,all,Linear,Reference_Phys_v2_common_heavy.physical_excess_distributions.angle.positive.count,90,0.0,0.0,0.0,1.0,0.0,0.0
truth90_validation,all,NeuralMD,Reference_Phys_v2_common_heavy.physical_excess_distributions.angle.positive.count,90,0.0,0.0,0.0,1.0,0.0,0.0
truth90_validation,all,Linear,Reference_Phys_v2_common_heavy.physical_excess_distributions.angle.positive.maximum,47,0.0,0.0,0.0,1.0,0.0,0.0
truth90_validation,all,NeuralMD,Reference_Phys_v2_common_heavy.physical_excess_distributions.angle.positive.maximum,47,0.0,0.0,0.0,1.0,0.0,0.0
truth90_validation,all,Linear,Reference_Phys_v2_common_heavy.physical_excess_distributions.angle.positive.mean,47,0.0,0.0,0.0,1.0,0.0,0.0
truth90_validation,all,NeuralMD,Reference_Phys_v2_common_heavy.physical_excess_distributions.angle.positive.mean,47,0.0,0.0,0.0,1.0,0.0,0.0
truth90_validation,all,Linear,Reference_Phys_v2_common_heavy.physical_excess_distributions.angle.positive.p50,47,0.0,0.0,0.0,1.0,0.0,0.0
truth90_validation,all,NeuralMD,Reference_Phys_v2_common_heavy.physical_excess_distributions.angle.positive.p50,47,0.0,0.0,0.0,1.0,0.0,0.0
truth90_validation,all,Linear,Reference_Phys_v2_common_heavy.physical_excess_distributions.angle.positive.p90,47,0.0,0.0,0.0,1.0,0.0,0.0
truth90_validation,all,NeuralMD,Reference_Phys_v2_common_heavy.physical_excess_distributions.angle.positive.p90,47,0.0,0.0,0.0,1.0,0.0,0.0
truth90_validation,all,Linear,Reference_Phys_v2_common_heavy.physical_excess_distributions.angle.positive.p95,47,0.0,0.0,0.0,1.0,0.0,0.0
truth90_validation,all,NeuralMD,Reference_Phys_v2_common_heavy.physical_excess_distributions.angle.positive.p95,47,0.0,0.0,0.0,1.0,0.0,0.0
truth90_validation,all,Linear,Reference_Phys_v2_common_heavy.physical_excess_distributions.angle.positive.p99,47,0.0,0.0,0.0,1.0,0.0,0.0
truth90_validation,all,NeuralMD,Reference_Phys_v2_common_heavy.physical_excess_distributions.angle.positive.p99,47,0.0,0.0,0.0,1.0,0.0,0.0
truth90_validation,all,Linear,Reference_Phys_v2_common_heavy.physical_excess_distributions.bond.all.count,90,0.0,0.0,0.0,1.0,0.0,0.0
truth90_validation,all,NeuralMD,Reference_Phys_v2_common_heavy.physical_excess_distributions.bond.all.count,90,0.0,0.0,0.0,1.0,0.0,0.0
truth90_validation,all,Linear,Reference_Phys_v2_common_heavy.physical_excess_distributions.bond.all.maximum,90,0.0,0.0,0.0,1.0,0.0,0.0
truth90_validation,all,NeuralMD,Reference_Phys_v2_common_heavy.physical_excess_distributions.bond.all.maximum,90,0.0,0.0,0.0,1.0,0.0,0.0
truth90_validation,all,Linear,Reference_Phys_v2_common_heavy.physical_excess_distributions.bond.all.mean,90,0.0,0.0,0.0,1.0,0.0,0.0
truth90_validation,all,NeuralMD,Reference_Phys_v2_common_heavy.physical_excess_distributions.bond.all.mean,90,0.0,0.0,0.0,1.0,0.0,0.0
truth90_validation,all,Linear,Reference_Phys_v2_common_heavy.physical_excess_distributions.bond.all.p50,90,0.0,0.0,0.0,1.0,0.0,0.0
truth90_validation,all,NeuralMD,Reference_Phys_v2_common_heavy.physical_excess_distributions.bond.all.p50,90,0.0,0.0,0.0,1.0,0.0,0.0
truth90_validation,all,Linear,Reference_Phys_v2_common_heavy.physical_excess_distributions.bond.all.p90,90,0.0,0.0,0.0,1.0,0.0,0.0
truth90_validation,all,NeuralMD,Reference_Phys_v2_common_heavy.physical_excess_distributions.bond.all.p90,90,0.0,0.0,0.0,1.0,0.0,0.0
truth90_validation,all,Linear,Reference_Phys_v2_common_heavy.physical_excess_distributions.bond.all.p95,90,0.0,0.0,0.0,1.0,0.0,0.0
truth90_validation,all,NeuralMD,Reference_Phys_v2_common_heavy.physical_excess_distributions.bond.all.p95,90,0.0,0.0,0.0,1.0,0.0,0.0
truth90_validation,all,Linear,Reference_Phys_v2_common_heavy.physical_excess_distributions.bond.all.p99,90,0.0,0.0,0.0,1.0,0.0,0.0
truth90_validation,all,NeuralMD,Reference_Phys_v2_common_heavy.physical_excess_distributions.bond.all.p99,90,0.0,0.0,0.0,1.0,0.0,0.0
truth90_validation,all,Linear,Reference_Phys_v2_common_heavy.physical_excess_distributions.bond.positive.count,90,0.0,0.0,0.0,1.0,0.0,0.0
truth90_validation,all,NeuralMD,Reference_Phys_v2_common_heavy.physical_excess_distributions.bond.positive.count,90,0.0,0.0,0.0,1.0,0.0,0.0
truth90_validation,all,Linear,Reference_Phys_v2_common_heavy.physical_excess_distributions.bond.positive.maximum,71,0.0,0.0,0.0,1.0,0.0,0.0
truth90_validation,all,NeuralMD,Reference_Phys_v2_common_heavy.physical_excess_distributions.bond.positive.maximum,71,0.0,0.0,0.0,1.0,0.0,0.0
truth90_validation,all,Linear,Reference_Phys_v2_common_heavy.physical_excess_distributions.bond.positive.mean,71,0.0,0.0,0.0,1.0,0.0,0.0
truth90_validation,all,NeuralMD,Reference_Phys_v2_common_heavy.physical_excess_distributions.bond.positive.mean,71,0.0,0.0,0.0,1.0,0.0,0.0
truth90_validation,all,Linear,Reference_Phys_v2_common_heavy.physical_excess_distributions.bond.positive.p50,71,0.0,0.0,0.0,1.0,0.0,0.0
truth90_validation,all,NeuralMD,Reference_Phys_v2_common_heavy.physical_excess_distributions.bond.positive.p50,71,0.0,0.0,0.0,1.0,0.0,0.0
truth90_validation,all,Linear,Reference_Phys_v2_common_heavy.physical_excess_distributions.bond.positive.p90,71,0.0,0.0,0.0,1.0,0.0,0.0
truth90_validation,all,NeuralMD,Reference_Phys_v2_common_heavy.physical_excess_distributions.bond.positive.p90,71,0.0,0.0,0.0,1.0,0.0,0.0
truth90_validation,all,Linear,Reference_Phys_v2_common_heavy.physical_excess_distributions.bond.positive.p95,71,0.0,0.0,0.0,1.0,0.0,0.0
truth90_validation,all,NeuralMD,Reference_Phys_v2_common_heavy.physical_excess_distributions.bond.positive.p95,71,0.0,0.0,0.0,1.0,0.0,0.0
truth90_validation,all,Linear,Reference_Phys_v2_common_heavy.physical_excess_distributions.bond.positive.p99,71,0.0,0.0,0.0,1.0,0.0,0.0
truth90_validation,all,NeuralMD,Reference_Phys_v2_common_heavy.physical_excess_distributions.bond.positive.p99,71,0.0,0.0,0.0,1.0,0.0,0.0
truth90_validation,all,Linear,Reference_Phys_v2_common_heavy.physical_excess_distributions.environment_depth_angstrom.all.count,90,0.0,0.0,0.0,1.0,0.0,0.0
truth90_validation,all,NeuralMD,Reference_Phys_v2_common_heavy.physical_excess_distributions.environment_depth_angstrom.all.count,90,0.0,0.0,0.0,1.0,0.0,0.0
truth90_validation,all,Linear,Reference_Phys_v2_common_heavy.physical_excess_distributions.environment_depth_angstrom.all.maximum,90,0.0,0.0,0.0,1.0,0.0,0.0
truth90_validation,all,NeuralMD,Reference_Phys_v2_common_heavy.physical_excess_distributions.environment_depth_angstrom.all.maximum,90,0.0,0.0,0.0,1.0,0.0,0.0
truth90_validation,all,Linear,Reference_Phys_v2_common_heavy.physical_excess_distributions.environment_depth_angstrom.all.mean,90,0.0,0.0,0.0,1.0,0.0,0.0
truth90_validation,all,NeuralMD,Reference_Phys_v2_common_heavy.physical_excess_distributions.environment_depth_angstrom.all.mean,90,0.0,0.0,0.0,1.0,0.0,0.0
truth90_validation,all,Linear,Reference_Phys_v2_common_heavy.physical_excess_distributions.environment_depth_angstrom.all.p50,90,0.0,0.0,0.0,1.0,0.0,0.0
truth90_validation,all,NeuralMD,Reference_Phys_v2_common_heavy.physical_excess_distributions.environment_depth_angstrom.all.p50,90,0.0,0.0,0.0,1.0,0.0,0.0
truth90_validation,all,Linear,Reference_Phys_v2_common_heavy.physical_excess_distributions.environment_depth_angstrom.all.p90,90,0.0,0.0,0.0,1.0,0.0,0.0
truth90_validation,all,NeuralMD,Reference_Phys_v2_common_heavy.physical_excess_distributions.environment_depth_angstrom.all.p90,90,0.0,0.0,0.0,1.0,0.0,0.0
truth90_validation,all,Linear,Reference_Phys_v2_common_heavy.physical_excess_distributions.environment_depth_angstrom.all.p95,90,0.0,0.0,0.0,1.0,0.0,0.0
truth90_validation,all,NeuralMD,Reference_Phys_v2_common_heavy.physical_excess_distributions.environment_depth_angstrom.all.p95,90,0.0,0.0,0.0,1.0,0.0,0.0
truth90_validation,all,Linear,Reference_Phys_v2_common_heavy.physical_excess_distributions.environment_depth_angstrom.all.p99,90,0.0,0.0,0.0,1.0,0.0,0.0
truth90_validation,all,NeuralMD,Reference_Phys_v2_common_heavy.physical_excess_distributions.environment_depth_angstrom.all.p99,90,0.0,0.0,0.0,1.0,0.0,0.0
truth90_validation,all,Linear,Reference_Phys_v2_common_heavy.physical_excess_distributions.environment_depth_angstrom.positive.count,90,0.0,0.0,0.0,1.0,0.0,0.0
truth90_validation,all,NeuralMD,Reference_Phys_v2_common_heavy.physical_excess_distributions.environment_depth_angstrom.positive.count,90,0.0,0.0,0.0,1.0,0.0,0.0
truth90_validation,all,Linear,Reference_Phys_v2_common_heavy.physical_excess_distributions.environment_depth_angstrom.positive.maximum,29,0.0,0.0,0.0,1.0,0.0,0.0
truth90_validation,all,NeuralMD,Reference_Phys_v2_common_heavy.physical_excess_distributions.environment_depth_angstrom.positive.maximum,29,0.0,0.0,0.0,1.0,0.0,0.0
truth90_validation,all,Linear,Reference_Phys_v2_common_heavy.physical_excess_distributions.environment_depth_angstrom.positive.mean,29,0.0,0.0,0.0,1.0,0.0,0.0
truth90_validation,all,NeuralMD,Reference_Phys_v2_common_heavy.physical_excess_distributions.environment_depth_angstrom.positive.mean,29,0.0,0.0,0.0,1.0,0.0,0.0
truth90_validation,all,Linear,Reference_Phys_v2_common_heavy.physical_excess_distributions.environment_depth_angstrom.positive.p50,29,0.0,0.0,0.0,1.0,0.0,0.0
truth90_validation,all,NeuralMD,Reference_Phys_v2_common_heavy.physical_excess_distributions.environment_depth_angstrom.positive.p50,29,0.0,0.0,0.0,1.0,0.0,0.0
truth90_validation,all,Linear,Reference_Phys_v2_common_heavy.physical_excess_distributions.environment_depth_angstrom.positive.p90,29,0.0,0.0,0.0,1.0,0.0,0.0
truth90_validation,all,NeuralMD,Reference_Phys_v2_common_heavy.physical_excess_distributions.environment_depth_angstrom.positive.p90,29,0.0,0.0,0.0,1.0,0.0,0.0
truth90_validation,all,Linear,Reference_Phys_v2_common_heavy.physical_excess_distributions.environment_depth_angstrom.positive.p95,29,0.0,0.0,0.0,1.0,0.0,0.0
truth90_validation,all,NeuralMD,Reference_Phys_v2_common_heavy.physical_excess_distributions.environment_depth_angstrom.positive.p95,29,0.0,0.0,0.0,1.0,0.0,0.0
truth90_validation,all,Linear,Reference_Phys_v2_common_heavy.physical_excess_distributions.environment_depth_angstrom.positive.p99,29,0.0,0.0,0.0,1.0,0.0,0.0
truth90_validation,all,NeuralMD,Reference_Phys_v2_common_heavy.physical_excess_distributions.environment_depth_angstrom.positive.p99,29,0.0,0.0,0.0,1.0,0.0,0.0
truth90_validation,all,Linear,Reference_Phys_v2_common_heavy.physical_excess_distributions.self_depth_angstrom.all.count,90,0.0,0.0,0.0,1.0,0.0,0.0
truth90_validation,all,NeuralMD,Reference_Phys_v2_common_heavy.physical_excess_distributions.self_depth_angstrom.all.count,90,0.0,0.0,0.0,1.0,0.0,0.0
truth90_validation,all,Linear,Reference_Phys_v2_common_heavy.physical_excess_distributions.self_depth_angstrom.all.maximum,90,0.0,0.0,0.0,1.0,0.0,0.0
truth90_validation,all,NeuralMD,Reference_Phys_v2_common_heavy.physical_excess_distributions.self_depth_angstrom.all.maximum,90,0.0,0.0,0.0,1.0,0.0,0.0
truth90_validation,all,Linear,Reference_Phys_v2_common_heavy.physical_excess_distributions.self_depth_angstrom.all.mean,90,0.0,0.0,0.0,1.0,0.0,0.0
truth90_validation,all,NeuralMD,Reference_Phys_v2_common_heavy.physical_excess_distributions.self_depth_angstrom.all.mean,90,0.0,0.0,0.0,1.0,0.0,0.0
truth90_validation,all,Linear,Reference_Phys_v2_common_heavy.physical_excess_distributions.self_depth_angstrom.all.p50,90,0.0,0.0,0.0,1.0,0.0,0.0
truth90_validation,all,NeuralMD,Reference_Phys_v2_common_heavy.physical_excess_distributions.self_depth_angstrom.all.p50,90,0.0,0.0,0.0,1.0,0.0,0.0
truth90_validation,all,Linear,Reference_Phys_v2_common_heavy.physical_excess_distributions.self_depth_angstrom.all.p90,90,0.0,0.0,0.0,1.0,0.0,0.0
truth90_validation,all,NeuralMD,Reference_Phys_v2_common_heavy.physical_excess_distributions.self_depth_angstrom.all.p90,90,0.0,0.0,0.0,1.0,0.0,0.0
truth90_validation,all,Linear,Reference_Phys_v2_common_heavy.physical_excess_distributions.self_depth_angstrom.all.p95,90,0.0,0.0,0.0,1.0,0.0,0.0
truth90_validation,all,NeuralMD,Reference_Phys_v2_common_heavy.physical_excess_distributions.self_depth_angstrom.all.p95,90,0.0,0.0,0.0,1.0,0.0,0.0
truth90_validation,all,Linear,Reference_Phys_v2_common_heavy.physical_excess_distributions.self_depth_angstrom.all.p99,90,0.0,0.0,0.0,1.0,0.0,0.0
truth90_validation,all,NeuralMD,Reference_Phys_v2_common_heavy.physical_excess_distributions.self_depth_angstrom.all.p99,90,0.0,0.0,0.0,1.0,0.0,0.0
truth90_validation,all,Linear,Reference_Phys_v2_common_heavy.physical_excess_distributions.self_depth_angstrom.positive.count,90,0.0,0.0,0.0,1.0,0.0,0.0
truth90_validation,all,NeuralMD,Reference_Phys_v2_common_heavy.physical_excess_distributions.self_depth_angstrom.positive.count,90,0.0,0.0,0.0,1.0,0.0,0.0
truth90_validation,all,Linear,Reference_Phys_v2_common_heavy.windows.early.valid_frame_fraction,90,0.0,0.0,0.0,1.0,0.0,0.0
truth90_validation,all,NeuralMD,Reference_Phys_v2_common_heavy.windows.early.valid_frame_fraction,90,0.0,0.0,0.0,1.0,0.0,0.0
truth90_validation,all,Linear,Reference_Phys_v2_common_heavy.windows.late.valid_frame_fraction,90,0.0,0.0,0.0,1.0,0.0,0.0
truth90_validation,all,NeuralMD,Reference_Phys_v2_common_heavy.windows.late.valid_frame_fraction,90,0.0,0.0,0.0,1.0,0.0,0.0
truth90_validation,all,Linear,Reference_Phys_v2_common_heavy.windows.middle.valid_frame_fraction,90,0.0,0.0,0.0,1.0,0.0,0.0
truth90_validation,all,NeuralMD,Reference_Phys_v2_common_heavy.windows.middle.valid_frame_fraction,90,0.0,0.0,0.0,1.0,0.0,0.0
truth90_validation,all,Linear,Stab.early.end_ps,90,0.0,0.0,0.0,1.0,0.0,0.0
truth90_validation,all,NeuralMD,Stab.early.end_ps,90,0.0,0.0,0.0,1.0,0.0,0.0
truth90_validation,all,Linear,Stab.early.geometry.angle_mean_squared_excess,90,-0.023547646988327075,-0.004115254142758287,1.0,0.0,-0.03192123646408484,-0.016470027317099872
truth90_validation,all,NeuralMD,Stab.early.geometry.angle_mean_squared_excess,90,-3.466083090482944e-06,3.825546707530707e-08,0.07777777777777778,0.12222222222222222,-3.433023064698792e-05,1.6227858715035967e-05
truth90_validation,all,Linear,Stab.early.geometry.angle_violations,90,-14.620296884185773,-9.285714285714285,0.9666666666666667,0.011111111111111112,-18.271588036449145,-11.34829328336273
truth90_validation,all,NeuralMD,Stab.early.geometry.angle_violations,90,5.01466784244562,1.455026455026455,0.03333333333333333,0.12222222222222222,3.224725161669606,7.122518738977073
truth90_validation,all,Linear,Stab.early.geometry.assessed_geometry_valid,90,0.3400646678424456,0.1111111111111111,0.0,0.4666666666666667,0.26349720752498534,0.4159854497354497
truth90_validation,all,NeuralMD,Stab.early.geometry.assessed_geometry_valid,90,-0.4558935920047031,-0.4907407407407407,0.7666666666666667,0.1,-0.5498952821869488,-0.34829622281011174
truth90_validation,all,Linear,Stab.early.geometry.bond_mean_squared_excess,90,-1.9117193630227853,-0.16579270373692814,1.0,0.0,-2.7747149416669785,-1.1608418134197602
truth90_validation,all,NeuralMD,Stab.early.geometry.bond_mean_squared_excess,90,-4.0296483612504266e-05,1.1647497721885743e-09,0.3333333333333333,0.12222222222222222,-7.621517544908084e-05,-1.1517126341525163e-05
truth90_validation,all,Linear,Stab.early.geometry.bond_violations,90,-21.953600823045264,-16.07142857142857,0.9888888888888889,0.011111111111111112,-26.04962926219871,-17.807396751910645
truth90_validation,all,NeuralMD,Stab.early.geometry.bond_violations,90,6.620399764844209,2.0,0.1111111111111111,0.13333333333333333,4.384979791299235,9.210150646678425
truth90_validation,all,Linear,Stab.early.geometry.ligand_environment_overlap_violations,90,-1.259950029394474,0.0,0.4111111111111111,0.5222222222222223,-1.8213304673721342,-0.7549000587889478
truth90_validation,all,NeuralMD,Stab.early.geometry.ligand_environment_overlap_violations,90,0.09476778365667254,0.0,0.0,0.8444444444444444,0.023569958847736626,0.1946546149323927
truth90_validation,all,Linear,Stab.early.geometry.ligand_self_overlap_violations,90,-0.05408583186360964,0.0,0.08888888888888889,0.9111111111111111,-0.10032076719576721,-0.01594319517930631
truth90_validation,all,NeuralMD,Stab.early.geometry.ligand_self_overlap_violations,90,0.0,0.0,0.0,1.0,0.0,0.0
truth90_validation,all,Linear,Stab.early.geometry.local_configuration_flips,90,-0.04074074074074074,0.0,0.12222222222222222,0.8666666666666667,-0.07454732510288065,-0.014460611405055857
truth90_validation,all,NeuralMD,Stab.early.geometry.local_configuration_flips,90,0.0069370958259847145,0.0,0.0,0.9222222222222223,0.0020576131687242796,0.012639623750734862
truth90_validation,all,Linear,Stab.early.geometry.severe_overlap_mean_squared,90,-0.005839218968152321,0.0,0.43333333333333335,0.5111111111111111,-0.008441235904884463,-0.003496453990547083
truth90_validation,all,NeuralMD,Stab.early.geometry.severe_overlap_mean_squared,90,9.016201131571575e-05,0.0,0.0,0.8444444444444444,2.2841226721858576e-05,0.00018315637936556364
truth90_validation,all,Linear,Stab.early.predicted_step_rms_angstrom,90,0.7748327955985227,0.6275462886132762,0.0,0.0,0.6718742759648079,0.8892164962067041
truth90_validation,all,NeuralMD,Stab.early.predicted_step_rms_angstrom,90,1.087738959364388,0.903799519891404,0.0,0.0,0.9693035548126607,1.2151558952157555
truth90_validation,all,Linear,Stab.early.reference_geometry.angle_mean_squared_excess,90,0.0,0.0,0.0,1.0,0.0,0.0
truth90_validation,all,NeuralMD,Stab.early.reference_geometry.angle_mean_squared_excess,90,1.0200756258846749e-05,1.1997849991026187e-06,0.03333333333333333,0.3111111111111111,4.651435125483018e-06,1.8491140658015027e-05
truth90_validation,all,Linear,Stab.early.reference_geometry.angle_violations,90,0.0,0.0,0.0,1.0,0.0,0.0
truth90_validation,all,NeuralMD,Stab.early.reference_geometry.angle_violations,90,0.5051440329218106,0.18518518518518517,0.0,0.3111111111111111,0.33063565549676666,0.7202241328630216
truth90_validation,all,Linear,Stab.early.reference_geometry.assessed_geometry_valid,90,0.0,0.0,0.0,1.0,0.0,0.0
truth90_validation,all,NeuralMD,Stab.early.reference_geometry.assessed_geometry_valid,90,-0.1462962962962963,-0.07407407407407407,0.5666666666666667,0.43333333333333335,-0.1918904320987654,-0.10787404467960025
truth90_validation,all,Linear,Stab.early.reference_geometry.bond_mean_squared_excess,90,0.0,0.0,0.0,1.0,0.0,0.0
truth90_validation,all,NeuralMD,Stab.early.reference_geometry.bond_mean_squared_excess,90,-4.29106920925718e-07,-2.8037798179760665e-08,0.5444444444444444,0.45555555555555555,-6.893585268885177e-07,-2.316608878414561e-07
truth90_validation,all,Linear,Stab.early.reference_geometry.bond_violations,90,0.0,0.0,0.0,1.0,0.0,0.0
truth90_validation,all,NeuralMD,Stab.early.reference_geometry.bond_violations,90,0.0,0.0,0.0,1.0,0.0,0.0
truth90_validation,all,Linear,Stab.early.reference_geometry.ligand_environment_overlap_violations,90,0.0,0.0,0.0,1.0,0.0,0.0
truth90_validation,all,NeuralMD,Stab.early.reference_geometry.ligand_environment_overlap_violations,90,0.0,0.0,0.0,1.0,0.0,0.0
truth90_validation,all,Linear,Stab.early.reference_geometry.ligand_self_overlap_violations,90,0.0,0.0,0.0,1.0,0.0,0.0
truth90_validation,all,NeuralMD,Stab.early.reference_geometry.ligand_self_overlap_violations,90,0.0,0.0,0.0,1.0,0.0,0.0
truth90_validation,all,Linear,Stab.early.reference_geometry.local_configuration_flips,90,0.0,0.0,0.0,1.0,0.0,0.0
truth90_validation,all,NeuralMD,Stab.early.reference_geometry.local_configuration_flips,90,0.0,0.0,0.0,1.0,0.0,0.0
truth90_validation,all,Linear,Stab.early.reference_geometry.severe_overlap_mean_squared,90,0.0,0.0,0.0,1.0,0.0,0.0
truth90_validation,all,NeuralMD,Stab.early.reference_geometry.severe_overlap_mean_squared,90,2.2680545516274335e-10,0.0,0.011111111111111112,0.9777777777777777,-1.9849057871871673e-12,6.824012712754172e-10
truth90_validation,all,Linear,Stab.early.rmsd_angstrom,90,-1.4693422704357282,-0.6211686007602204,0.7333333333333333,0.0,-2.1890988057477547,-0.9202685781826531
truth90_validation,all,NeuralMD,Stab.early.rmsd_angstrom,90,0.2858462745032453,0.24350062576157838,0.15555555555555556,0.0,0.2086121284760393,0.3651775293685446
truth90_validation,all,Linear,Stab.early.start_ps,90,0.0,0.0,0.0,1.0,0.0,0.0
truth90_validation,all,NeuralMD,Stab.early.start_ps,90,0.0,0.0,0.0,1.0,0.0,0.0
truth90_validation,all,Linear,Stab.early.true_step_rms_angstrom,90,0.0,0.0,0.0,1.0,0.0,0.0
truth90_validation,all,NeuralMD,Stab.early.true_step_rms_angstrom,90,0.0,0.0,0.0,1.0,0.0,0.0
truth90_validation,all,Linear,Stab.late.end_ps,90,0.0,0.0,0.0,1.0,0.0,0.0
truth90_validation,all,NeuralMD,Stab.late.end_ps,90,0.0,0.0,0.0,1.0,0.0,0.0
truth90_validation,all,Linear,Stab.late.geometry.angle_mean_squared_excess,90,-0.1027648058585808,-0.04886178295025611,1.0,0.0,-0.12355820597529037,-0.08251251479648194
truth90_validation,all,NeuralMD,Stab.late.geometry.angle_mean_squared_excess,90,-0.0017018402914359462,1.7988501504162897e-08,0.3111111111111111,0.05555555555555555,-0.0043571610037966115,-0.00015667231282959164
truth90_validation,all,Linear,Stab.late.geometry.angle_violations,90,-39.25527065527066,-32.5,1.0,0.0,-46.25019943019943,-33.0990349002849
truth90_validation,all,NeuralMD,Stab.late.geometry.angle_violations,90,6.447008547008547,2.0,0.2222222222222222,0.05555555555555555,3.858190883190884,9.674081196581199
truth90_validation,all,Linear,Stab.late.geometry.assessed_geometry_valid,90,0.2518518518518518,0.0,0.0,0.5888888888888889,0.17849002849002846,0.32465099715099716
truth90_validation,all,NeuralMD,Stab.late.geometry.assessed_geometry_valid,90,-0.06851851851851853,0.0,0.32222222222222224,0.4111111111111111,-0.180491452991453,0.05099715099715099
truth90_validation,all,Linear,Stab.late.geometry.bond_mean_squared_excess,90,-38.44413662796808,-2.928865206383587,1.0,0.0,-55.18189506588089,-24.092864384189692
truth90_validation,all,NeuralMD,Stab.late.geometry.bond_mean_squared_excess,90,-0.0029794675127362436,-3.818274013118425e-06,0.6666666666666666,0.044444444444444446,-0.005705741205962868,-0.0011814248863539832
truth90_validation,all,Linear,Stab.late.geometry.bond_violations,90,-35.66709401709401,-31.166666666666664,1.0,0.0,-41.75181623931624,-30.57617521367522
truth90_validation,all,NeuralMD,Stab.late.geometry.bond_violations,90,4.917236467236468,1.25,0.3333333333333333,0.044444444444444446,2.2070441595441594,8.117802706552704
truth90_validation,all,Linear,Stab.late.geometry.ligand_environment_overlap_violations,90,-3.6800569800569796,-2.0,0.8,0.14444444444444443,-4.642514245014245,-2.7720690883190886
truth90_validation,all,NeuralMD,Stab.late.geometry.ligand_environment_overlap_violations,90,0.18703703703703703,0.0,0.0,0.7777777777777778,0.06011039886039885,0.3899145299145298
truth90_validation,all,Linear,Stab.late.geometry.ligand_self_overlap_violations,90,-0.14558404558404558,0.0,0.1111111111111111,0.8777777777777778,-0.30772079772079775,-0.03488247863247873
truth90_validation,all,NeuralMD,Stab.late.geometry.ligand_self_overlap_violations,90,0.02037037037037037,0.0,0.0,0.9777777777777777,0.0,0.05555555555555555
truth90_validation,all,Linear,Stab.late.geometry.local_configuration_flips,90,-0.3914529914529914,0.0,0.23333333333333334,0.6888888888888889,-0.59502849002849,-0.20965099715099733
truth90_validation,all,NeuralMD,Stab.late.geometry.local_configuration_flips,90,0.07094017094017094,0.0,0.0,0.8222222222222222,0.021787749287749292,0.13407051282051266
truth90_validation,all,Linear,Stab.late.geometry.severe_overlap_mean_squared,90,-0.01633723334856733,-0.006121169874351115,0.8,0.14444444444444443,-0.021325350090648322,-0.011828073818033377
truth90_validation,all,NeuralMD,Stab.late.geometry.severe_overlap_mean_squared,90,0.0002563216239987696,0.0,0.0,0.7777777777777778,8.507822451211025e-05,0.0005323337259251373
truth90_validation,all,Linear,Stab.late.predicted_step_rms_angstrom,90,0.881418572598093,0.728901318159088,0.022222222222222223,0.0,0.7534372138765734,1.0311282688253411
truth90_validation,all,NeuralMD,Stab.late.predicted_step_rms_angstrom,90,1.1944932213317176,1.0505970724610711,0.0,0.0,1.054613387320563,1.3635946222929467
truth90_validation,all,Linear,Stab.late.reference_geometry.angle_mean_squared_excess,90,0.0,0.0,0.0,1.0,0.0,0.0
truth90_validation,all,NeuralMD,Stab.late.reference_geometry.angle_mean_squared_excess,90,4.778912462277001e-06,2.0534864511461e-07,0.07777777777777778,0.34444444444444444,2.4125350030841292e-06,7.714831615988295e-06
truth90_validation,all,Linear,Stab.late.reference_geometry.angle_violations,90,0.0,0.0,0.0,1.0,0.0,0.0
truth90_validation,all,NeuralMD,Stab.late.reference_geometry.angle_violations,90,0.3837606837606838,0.16666666666666666,0.0,0.35555555555555557,0.26022435897435897,0.5297756410256411
truth90_validation,all,Linear,Stab.late.reference_geometry.assessed_geometry_valid,90,0.0,0.0,0.0,1.0,0.0,0.0
truth90_validation,all,NeuralMD,Stab.late.reference_geometry.assessed_geometry_valid,90,-0.1537037037037037,-0.0769230769230769,0.5444444444444444,0.45555555555555555,-0.19814814814814813,-0.11424145299145301
truth90_validation,all,Linear,Stab.late.reference_geometry.bond_mean_squared_excess,90,0.0,0.0,0.0,1.0,0.0,0.0
truth90_validation,all,NeuralMD,Stab.late.reference_geometry.bond_mean_squared_excess,90,-6.923046109498983e-07,-4.1174853012114284e-08,0.6555555555555556,0.34444444444444444,-1.3761264120987026e-06,-2.521668418037251e-07
truth90_validation,all,Linear,Stab.late.reference_geometry.bond_violations,90,0.0,0.0,0.0,1.0,0.0,0.0
truth90_validation,all,NeuralMD,Stab.late.reference_geometry.bond_violations,90,0.0,0.0,0.0,1.0,0.0,0.0
truth90_validation,all,Linear,Stab.late.reference_geometry.ligand_environment_overlap_violations,90,0.0,0.0,0.0,1.0,0.0,0.0
truth90_validation,all,NeuralMD,Stab.late.reference_geometry.ligand_environment_overlap_violations,90,0.0,0.0,0.0,1.0,0.0,0.0
truth90_validation,all,Linear,Stab.late.reference_geometry.ligand_self_overlap_violations,90,0.0,0.0,0.0,1.0,0.0,0.0
truth90_validation,all,NeuralMD,Stab.late.reference_geometry.ligand_self_overlap_violations,90,0.0,0.0,0.0,1.0,0.0,0.0
truth90_validation,all,Linear,Stab.late.reference_geometry.local_configuration_flips,90,0.0,0.0,0.0,1.0,0.0,0.0
truth90_validation,all,NeuralMD,Stab.late.reference_geometry.local_configuration_flips,90,0.0,0.0,0.0,1.0,0.0,0.0
truth90_validation,all,Linear,Stab.late.reference_geometry.severe_overlap_mean_squared,90,0.0,0.0,0.0,1.0,0.0,0.0
truth90_validation,all,NeuralMD,Stab.late.reference_geometry.severe_overlap_mean_squared,90,1.3848615538556906e-10,0.0,0.022222222222222223,0.9444444444444444,-2.1341547498040674e-09,2.2170408107517046e-09
truth90_validation,all,Linear,Stab.late.rmsd_angstrom,90,-9.035520994862237,-3.276060200774521,0.9333333333333333,0.0,-12.763974211705705,-6.339800004375057
truth90_validation,all,NeuralMD,Stab.late.rmsd_angstrom,90,0.31883081431420207,0.32855837208440836,0.24444444444444444,0.0,0.18550808603445526,0.45387208087837766
truth90_validation,all,Linear,Stab.late.start_ps,90,0.0,0.0,0.0,1.0,0.0,0.0
truth90_validation,all,NeuralMD,Stab.late.start_ps,90,0.0,0.0,0.0,1.0,0.0,0.0
truth90_validation,all,Linear,Stab.late.true_step_rms_angstrom,90,0.0,0.0,0.0,1.0,0.0,0.0
truth90_validation,all,NeuralMD,Stab.late.true_step_rms_angstrom,90,0.0,0.0,0.0,1.0,0.0,0.0
truth90_validation,all,Linear,Stab.middle.end_ps,90,0.0,0.0,0.0,1.0,0.0,0.0
truth90_validation,all,NeuralMD,Stab.middle.end_ps,90,0.0,0.0,0.0,1.0,0.0,0.0
truth90_validation,all,Linear,Stab.middle.geometry.angle_mean_squared_excess,90,-0.07160950069178698,-0.022882342916422674,1.0,0.0,-0.08829961130514279,-0.055463609673403025
truth90_validation,all,NeuralMD,Stab.middle.geometry.angle_mean_squared_excess,90,-0.0004242338710179812,2.0666294414345842e-08,0.23333333333333334,0.08888888888888889,-0.0012374582906173456,3.3135582895144106e-05
truth90_validation,all,Linear,Stab.middle.geometry.angle_violations,90,-32.27601410934744,-25.555555555555557,1.0,0.0,-38.17034244562023,-26.817538212815997
truth90_validation,all,NeuralMD,Stab.middle.geometry.angle_violations,90,6.658730158730159,1.5634920634920635,0.12222222222222222,0.08888888888888889,4.05115520282187,9.821963550852436
truth90_validation,all,Linear,Stab.middle.geometry.assessed_geometry_valid,90,0.3235155790711346,0.07407407407407407,0.0,0.4777777777777778,0.23833039388594943,0.40893885949441505
truth90_validation,all,NeuralMD,Stab.middle.geometry.assessed_geometry_valid,90,-0.22304526748971193,-0.07142857142857145,0.5,0.25555555555555554,-0.34437977660199875,-0.09576572604350383
truth90_validation,all,Linear,Stab.middle.geometry.bond_mean_squared_excess,90,-14.08063811305418,-1.1381811826237778,1.0,0.0,-20.549877579802622,-8.561324878249396
truth90_validation,all,NeuralMD,Stab.middle.geometry.bond_mean_squared_excess,90,-0.0007253868146830503,0.0,0.45555555555555555,0.1111111111111111,-0.0013183139720229782,-0.00026755148883729745
truth90_validation,all,Linear,Stab.middle.geometry.bond_violations,90,-32.87283950617284,-27.57142857142857,1.0,0.0,-38.39779982363316,-27.885824514991185
truth90_validation,all,NeuralMD,Stab.middle.geometry.bond_violations,90,6.136037624926514,1.8544973544973546,0.2111111111111111,0.1111111111111111,3.509112286890065,9.077106114050558
truth90_validation,all,Linear,Stab.middle.geometry.ligand_environment_overlap_violations,90,-2.6276895943562613,-1.1428571428571428,0.6666666666666666,0.3,-3.4951410934744267,-1.8449485596707822
truth90_validation,all,NeuralMD,Stab.middle.geometry.ligand_environment_overlap_violations,90,0.278424456202234,0.0,0.0,0.8333333333333334,0.05690623162845385,0.5938918283362727
truth90_validation,all,Linear,Stab.middle.geometry.ligand_self_overlap_violations,90,-0.11940035273368606,0.0,0.12222222222222222,0.8555555555555555,-0.22464285714285714,-0.027511757789535556
truth90_validation,all,NeuralMD,Stab.middle.geometry.ligand_self_overlap_violations,90,0.02951205173427396,0.0,0.0,0.9666666666666667,0.0,0.08495002939447384
truth90_validation,all,Linear,Stab.middle.geometry.local_configuration_flips,90,-0.24409171075837743,0.0,0.2,0.7555555555555555,-0.39341710758377424,-0.12110376249265137
truth90_validation,all,NeuralMD,Stab.middle.geometry.local_configuration_flips,90,0.04315108759553204,0.0,0.0,0.8444444444444444,0.012638154027042915,0.08794973544973544
truth90_validation,all,Linear,Stab.middle.geometry.severe_overlap_mean_squared,90,-0.012467469860212143,-0.002400481726027237,0.6666666666666666,0.3,-0.016867720267613424,-0.008765446709839841
truth90_validation,all,NeuralMD,Stab.middle.geometry.severe_overlap_mean_squared,90,0.000353487224867296,0.0,0.0,0.8222222222222222,6.497133794427743e-05,0.0007120119346147713
truth90_validation,all,Linear,Stab.middle.predicted_step_rms_angstrom,90,0.807220408629685,0.6175195740663666,0.011111111111111112,0.0,0.6817695192478355,0.953274609644971
truth90_validation,all,NeuralMD,Stab.middle.predicted_step_rms_angstrom,90,1.1202383189228502,0.9193874797823742,0.0,0.0,0.9772037645877096,1.3011648799602673
truth90_validation,all,Linear,Stab.middle.reference_geometry.angle_mean_squared_excess,90,0.0,0.0,0.0,1.0,0.0,0.0
truth90_validation,all,NeuralMD,Stab.middle.reference_geometry.angle_mean_squared_excess,90,7.024002731111595e-06,7.012297901986564e-07,0.03333333333333333,0.3111111111111111,4.2890204318262315e-06,1.0153333223803333e-05
truth90_validation,all,Linear,Stab.middle.reference_geometry.angle_violations,90,0.0,0.0,0.0,1.0,0.0,0.0
truth90_validation,all,NeuralMD,Stab.middle.reference_geometry.angle_violations,90,0.47154614932392713,0.14814814814814814,0.0,0.32222222222222224,0.2902410346854791,0.7231305114638443
truth90_validation,all,Linear,Stab.middle.reference_geometry.assessed_geometry_valid,90,0.0,0.0,0.0,1.0,0.0,0.0
truth90_validation,all,NeuralMD,Stab.middle.reference_geometry.assessed_geometry_valid,90,-0.1523809523809524,-0.07407407407407407,0.5777777777777777,0.4222222222222222,-0.1911272780717225,-0.11539976484420933
truth90_validation,all,Linear,Stab.middle.reference_geometry.bond_mean_squared_excess,90,0.0,0.0,0.0,1.0,0.0,0.0
truth90_validation,all,NeuralMD,Stab.middle.reference_geometry.bond_mean_squared_excess,90,-4.4633254781092645e-07,-7.738077077785994e-09,0.5222222222222223,0.4777777777777778,-8.157610721495646e-07,-1.7582564321994002e-07
truth90_validation,all,Linear,Stab.middle.reference_geometry.bond_violations,90,0.0,0.0,0.0,1.0,0.0,0.0
truth90_validation,all,NeuralMD,Stab.middle.reference_geometry.bond_violations,90,0.0,0.0,0.0,1.0,0.0,0.0
truth90_validation,all,Linear,Stab.middle.reference_geometry.ligand_environment_overlap_violations,90,0.0,0.0,0.0,1.0,0.0,0.0
truth90_validation,all,NeuralMD,Stab.middle.reference_geometry.ligand_environment_overlap_violations,90,0.0,0.0,0.0,1.0,0.0,0.0
truth90_validation,all,Linear,Stab.middle.reference_geometry.ligand_self_overlap_violations,90,0.0,0.0,0.0,1.0,0.0,0.0
truth90_validation,all,NeuralMD,Stab.middle.reference_geometry.ligand_self_overlap_violations,90,0.0,0.0,0.0,1.0,0.0,0.0
truth90_validation,all,Linear,Stab.middle.reference_geometry.local_configuration_flips,90,0.0,0.0,0.0,1.0,0.0,0.0
truth90_validation,all,NeuralMD,Stab.middle.reference_geometry.local_configuration_flips,90,0.0,0.0,0.0,1.0,0.0,0.0
truth90_validation,all,Linear,Stab.middle.reference_geometry.severe_overlap_mean_squared,90,0.0,0.0,0.0,1.0,0.0,0.0
truth90_validation,all,NeuralMD,Stab.middle.reference_geometry.severe_overlap_mean_squared,90,-2.3562754005111986e-10,0.0,0.022222222222222223,0.9666666666666667,-2.553149422625257e-09,1.6689223953466117e-09
truth90_validation,all,Linear,Stab.middle.rmsd_angstrom,90,-5.289857985873311,-2.183840318158043,0.9333333333333333,0.0,-7.414668728832802,-3.6370994196460744
truth90_validation,all,NeuralMD,Stab.middle.rmsd_angstrom,90,0.2862827530353492,0.25216599334089185,0.23333333333333334,0.0,0.1647877249693286,0.40732091595240777
truth90_validation,all,Linear,Stab.middle.start_ps,90,0.0,0.0,0.0,1.0,0.0,0.0
truth90_validation,all,NeuralMD,Stab.middle.start_ps,90,0.0,0.0,0.0,1.0,0.0,0.0
truth90_validation,all,Linear,Stab.middle.true_step_rms_angstrom,90,0.0,0.0,0.0,1.0,0.0,0.0
truth90_validation,all,NeuralMD,Stab.middle.true_step_rms_angstrom,90,0.0,0.0,0.0,1.0,0.0,0.0
truth90_validation,T1,Linear,Dyn.contacts.all_residues.brier,30,-0.0033979913485080097,-0.0009007154427645792,0.6666666666666666,0.03333333333333333,-0.0063825342187031385,-0.00045807687349063743
truth90_validation,T1,NeuralMD,Dyn.contacts.all_residues.brier,30,0.004752789537408538,0.001821483601144618,0.13333333333333333,0.06666666666666667,0.002365230132237995,0.007824758009695065
truth90_validation,T1,Linear,Dyn.contacts.all_residues.distance_w1_angstrom,30,-0.26954905445859617,-0.3045947766372411,0.7333333333333333,0.0,-0.4043315373039537,-0.14026154994547185
truth90_validation,T1,NeuralMD,Dyn.contacts.all_residues.distance_w1_angstrom,30,0.10820900321046255,0.0810093123371014,0.3333333333333333,0.0,0.04755680868788259,0.17486865595365111
truth90_validation,T1,Linear,Dyn.contacts.all_residues.joint_occurrence_mae_lag_160.0ps,30,-0.004402512501111982,-0.001994413955898784,0.7,0.0,-0.007565317759558206,-0.0018732977698705795
truth90_validation,T1,NeuralMD,Dyn.contacts.all_residues.joint_occurrence_mae_lag_160.0ps,30,0.002999201483993618,0.0009926986159380527,0.3,0.06666666666666667,0.0006690367387705619,0.006124000663610625
truth90_validation,T1,Linear,Dyn.contacts.all_residues.joint_occurrence_mae_lag_320.0ps,30,-0.003921905236441001,-0.0019458462732919258,0.6666666666666666,0.0,-0.006783484545013902,-0.0014365180300756055
truth90_validation,T1,NeuralMD,Dyn.contacts.all_residues.joint_occurrence_mae_lag_320.0ps,30,0.002719947267011491,0.0010039623045620051,0.3,0.03333333333333333,0.0008090504171500558,0.004968965393664357
truth90_validation,T1,Linear,Dyn.contacts.all_residues.joint_occurrence_mae_lag_640.0ps,30,-0.0037072647821590585,-0.0016499889686244452,0.6333333333333333,0.13333333333333333,-0.006857602752697092,-0.0009206998467062687
truth90_validation,T1,NeuralMD,Dyn.contacts.all_residues.joint_occurrence_mae_lag_640.0ps,30,0.0018586955473947654,0.0,0.3,0.3,-0.00011278466328634914,0.004007222655061928
truth90_validation,T1,Linear,Dyn.contacts.all_residues.joint_occurrence_mae_lag_80.0ps,30,-0.004946704645159266,-0.0021580797808020014,0.6333333333333333,0.03333333333333333,-0.008771718545424328,-0.0020203650141676455
truth90_validation,T1,NeuralMD,Dyn.contacts.all_residues.joint_occurrence_mae_lag_80.0ps,30,0.0025416663136029454,0.0007485802027060878,0.3333333333333333,0.1,0.00029091865921172637,0.005311730713604541
truth90_validation,T1,Linear,Dyn.contacts.all_residues.predicted_contact_fraction,30,-0.003661030936844152,-0.0009134134134134125,0.6,0.0,-0.006292357955716457,-0.0013748290463172937
truth90_validation,T1,NeuralMD,Dyn.contacts.all_residues.predicted_contact_fraction,30,-0.0022188821684061377,-0.0007192415427709539,0.6,0.06666666666666667,-0.003869996150048188,-0.0006534473809788995
truth90_validation,T1,Linear,Dyn.contacts.all_residues.residues,30,0.0,0.0,0.0,1.0,0.0,0.0
truth90_validation,T1,NeuralMD,Dyn.contacts.all_residues.residues,30,0.0,0.0,0.0,1.0,0.0,0.0
truth90_validation,T1,Linear,Dyn.contacts.all_residues.true_contact_fraction,30,0.0,0.0,0.0,1.0,0.0,0.0
truth90_validation,T1,NeuralMD,Dyn.contacts.all_residues.true_contact_fraction,30,0.0,0.0,0.0,1.0,0.0,0.0
truth90_validation,T1,Linear,Dyn.contacts.initial_contact_residues,30,0.0,0.0,0.0,1.0,0.0,0.0
truth90_validation,T1,NeuralMD,Dyn.contacts.initial_contact_residues,30,0.0,0.0,0.0,1.0,0.0,0.0
truth90_validation,T1,Linear,Dyn.contacts.observed_pocket.brier,30,-0.027357394727949392,-0.019999999999999976,0.6333333333333333,0.06666666666666667,-0.05682427202684942,0.001750235615065633
truth90_validation,T1,NeuralMD,Dyn.contacts.observed_pocket.brier,30,0.04841994872348496,0.04000000000000001,0.13333333333333333,0.06666666666666667,0.02961458588862193,0.06761788554864133
truth90_validation,T1,Linear,Dyn.contacts.observed_pocket.distance_w1_angstrom,30,-0.2645360385473377,-0.28148321653039343,0.7666666666666667,0.0,-0.3791596712960647,-0.15625293196460738
truth90_validation,T1,NeuralMD,Dyn.contacts.observed_pocket.distance_w1_angstrom,30,0.04554327840738596,0.05348788414494274,0.3,0.0,-0.016266190188428203,0.10774418327631542
truth90_validation,T1,Linear,Dyn.contacts.observed_pocket.joint_occurrence_mae_lag_160.0ps,30,-0.05098109342459246,-0.05681818181818181,0.7,0.0,-0.08075500997057475,-0.023177708640124244
truth90_validation,T1,NeuralMD,Dyn.contacts.observed_pocket.joint_occurrence_mae_lag_160.0ps,30,0.021745711483054212,0.01522435897435898,0.3,0.06666666666666667,0.0015729417889889991,0.042936393830594555
truth90_validation,T1,Linear,Dyn.contacts.observed_pocket.joint_occurrence_mae_lag_320.0ps,30,-0.0496520734078273,-0.05189393939393935,0.6666666666666666,0.0,-0.08134574288481751,-0.019795099198577523
truth90_validation,T1,NeuralMD,Dyn.contacts.observed_pocket.joint_occurrence_mae_lag_320.0ps,30,0.026254076729408916,0.02083333333333333,0.3,0.06666666666666667,0.006533583321536223,0.04602113281356904
truth90_validation,T1,Linear,Dyn.contacts.observed_pocket.joint_occurrence_mae_lag_640.0ps,30,-0.049789464610386,-0.04083333333333335,0.6333333333333333,0.13333333333333333,-0.09013785972243495,-0.015161255226183641
truth90_validation,T1,NeuralMD,Dyn.contacts.observed_pocket.joint_occurrence_mae_lag_640.0ps,30,0.020153776119892712,0.0,0.3,0.3,-0.004056117154313236,0.045239499308778956
truth90_validation,T1,Linear,Dyn.contacts.observed_pocket.joint_occurrence_mae_lag_80.0ps,30,-0.046121184011635216,-0.042929292929292914,0.6333333333333333,0.03333333333333333,-0.07622905156480998,-0.01848009664887118
truth90_validation,T1,NeuralMD,Dyn.contacts.observed_pocket.joint_occurrence_mae_lag_80.0ps,30,0.020620236620478242,0.02012108262108261,0.3,0.13333333333333333,0.001871485844578913,0.04026337383028317
truth90_validation,T1,Linear,Dyn.contacts.observed_pocket.predicted_contact_fraction,30,-0.035026896831477514,-0.013257575757575746,0.5666666666666667,0.0,-0.07316505337641412,-0.0004015717570854485
truth90_validation,T1,NeuralMD,Dyn.contacts.observed_pocket.predicted_contact_fraction,30,-0.03366669937060438,-0.019444444444444375,0.6,0.06666666666666667,-0.060298257915204365,-0.008079822354629196
truth90_validation,T1,Linear,Dyn.contacts.observed_pocket.residues,30,0.0,0.0,0.0,1.0,0.0,0.0
truth90_validation,T1,NeuralMD,Dyn.contacts.observed_pocket.residues,30,0.0,0.0,0.0,1.0,0.0,0.0
truth90_validation,T1,Linear,Dyn.contacts.observed_pocket.true_contact_fraction,30,0.0,0.0,0.0,1.0,0.0,0.0
truth90_validation,T1,NeuralMD,Dyn.contacts.observed_pocket.true_contact_fraction,30,0.0,0.0,0.0,1.0,0.0,0.0
truth90_validation,T1,Linear,Dyn.contacts.retention.generated_right_censored_fraction,30,-0.12725304555900868,-0.10989010989010989,0.6333333333333333,0.23333333333333334,-0.19514224448569586,-0.06026255051751421
truth90_validation,T1,NeuralMD,Dyn.contacts.retention.generated_right_censored_fraction,30,-0.30248671042990605,-0.3076923076923077,0.9666666666666667,0.03333333333333333,-0.35840904627770287,-0.24689098228993403
truth90_validation,T1,Linear,Dyn.contacts.retention.generated_span_ps,30,-108.41613005880069,-98.57142857142856,0.8333333333333334,0.06666666666666667,-151.4033474282855,-67.66187533335332
truth90_validation,T1,NeuralMD,Dyn.contacts.retention.generated_span_ps,30,-185.9238254384573,-182.4313725490196,0.9666666666666667,0.03333333333333333,-221.58402631563754,-149.89018768698338
truth90_validation,T1,Linear,Dyn.contacts.retention.span_mae_ps,30,-13.381772691047152,-15.55555555555555,0.5666666666666667,0.1,-41.39073517220777,15.349095181028805
truth90_validation,T1,NeuralMD,Dyn.contacts.retention.span_mae_ps,30,-1.360137790747558,2.857142857142861,0.4666666666666667,0.03333333333333333,-36.68606243770936,32.12180913869835
truth90_validation,T1,Linear,Dyn.contacts.retention.true_right_censored_fraction,30,0.0,0.0,0.0,1.0,0.0,0.0
truth90_validation,T1,NeuralMD,Dyn.contacts.retention.true_right_censored_fraction,30,0.0,0.0,0.0,1.0,0.0,0.0
truth90_validation,T1,Linear,Dyn.contacts.retention.true_span_ps,30,0.0,0.0,0.0,1.0,0.0,0.0
truth90_validation,T1,NeuralMD,Dyn.contacts.retention.true_span_ps,30,0.0,0.0,0.0,1.0,0.0,0.0
truth90_validation,T1,Linear,Dyn.correlations.160.0ps.absolute_error,30,-0.8014392150441831,-0.8372345206920724,1.0,0.0,-0.8604171859306746,-0.7342027127674855
truth90_validation,T1,NeuralMD,Dyn.correlations.160.0ps.absolute_error,30,-0.8013744736449915,-0.8371359505829705,1.0,0.0,-0.8584468915652013,-0.7326268436318069
truth90_validation,T1,Linear,Dyn.correlations.160.0ps.predicted,30,-1.00782399661681,-1.0039296209447603,1.0,0.0,-1.0655959174958292,-0.9507990853852987
truth90_validation,T1,NeuralMD,Dyn.correlations.160.0ps.predicted,30,-1.0077592552176187,-1.0038790106477071,1.0,0.0,-1.0665535068337741,-0.9476879872984351
truth90_validation,T1,Linear,Dyn.correlations.160.0ps.truth,30,0.0,0.0,0.0,1.0,0.0,0.0
truth90_validation,T1,NeuralMD,Dyn.correlations.160.0ps.truth,30,0.0,0.0,0.0,1.0,0.0,0.0
truth90_validation,T1,Linear,Dyn.correlations.320.0ps.absolute_error,30,-0.7891695323018358,-0.8375932622719775,1.0,0.0,-0.865394757325334,-0.7067276703209782
truth90_validation,T1,NeuralMD,Dyn.correlations.320.0ps.absolute_error,30,-0.7891039039376051,-0.8374632038664906,1.0,0.0,-0.8674086040195019,-0.7035152992650933
truth90_validation,T1,Linear,Dyn.correlations.320.0ps.predicted,30,-0.9241843893502624,-0.931339924494492,1.0,0.0,-1.006113337352776,-0.8453998854228338
truth90_validation,T1,NeuralMD,Dyn.correlations.320.0ps.predicted,30,-0.9241187609860316,-0.9313214787754882,1.0,0.0,-1.0052005681904732,-0.8433257656861449
truth90_validation,T1,Linear,Dyn.correlations.320.0ps.truth,30,0.0,0.0,0.0,1.0,0.0,0.0
truth90_validation,T1,NeuralMD,Dyn.correlations.320.0ps.truth,30,0.0,0.0,0.0,1.0,0.0,0.0
truth90_validation,T1,Linear,Dyn.correlations.640.0ps.absolute_error,30,-0.668324496689318,-0.566759015915176,1.0,0.0,-0.7793262823958568,-0.5619183680720057
truth90_validation,T1,NeuralMD,Dyn.correlations.640.0ps.absolute_error,30,-0.6682643309664215,-0.5666547689726433,1.0,0.0,-0.7774339995831965,-0.5626116635036602
truth90_validation,T1,Linear,Dyn.correlations.640.0ps.predicted,30,-0.880694216209942,-0.9059081194888132,1.0,0.0,-0.9935864240271768,-0.7718000735120054
truth90_validation,T1,NeuralMD,Dyn.correlations.640.0ps.predicted,30,-0.8806340504870452,-0.905880725852785,1.0,0.0,-0.9940077898907266,-0.765183430218958
truth90_validation,T1,Linear,Dyn.correlations.640.0ps.truth,30,0.0,0.0,0.0,1.0,0.0,0.0
truth90_validation,T1,NeuralMD,Dyn.correlations.640.0ps.truth,30,0.0,0.0,0.0,1.0,0.0,0.0
truth90_validation,T1,Linear,Dyn.correlations.80.0ps.absolute_error,30,-1.2908755818317266,-1.300949719930237,1.0,0.0,-1.344129241263255,-1.2331586862949617
truth90_validation,T1,NeuralMD,Dyn.correlations.80.0ps.absolute_error,30,-1.2907759381396382,-1.3008605430635056,1.0,0.0,-1.3461122382034867,-1.235499567523479
truth90_validation,T1,Linear,Dyn.correlations.80.0ps.predicted,30,-1.4391827085172464,-1.4498530375172718,1.0,0.0,-1.4819848881886664,-1.39523859949461
truth90_validation,T1,NeuralMD,Dyn.correlations.80.0ps.predicted,30,-1.4390830648251578,-1.44977335667933,1.0,0.0,-1.481769629332379,-1.3912059342994743
truth90_validation,T1,Linear,Dyn.correlations.80.0ps.truth,30,0.0,0.0,0.0,1.0,0.0,0.0
truth90_validation,T1,NeuralMD,Dyn.correlations.80.0ps.truth,30,0.0,0.0,0.0,1.0,0.0,0.0
truth90_validation,T1,Linear,Dyn.displacement_variogram,30,-0.029946391798061148,-0.04402847188649191,0.7,0.0,-0.06970294667828923,0.012027727800061984
truth90_validation,T1,NeuralMD,Dyn.displacement_variogram,30,-0.617390335046975,-0.6163340856281889,1.0,0.0,-0.6959232289926349,-0.5424166779359864
truth90_validation,T1,Linear,Dyn.ligand_torsions.correlation_160.0ps.defined_torsions,30,0.0,0.0,0.0,1.0,0.0,0.0
truth90_validation,T1,NeuralMD,Dyn.ligand_torsions.correlation_160.0ps.defined_torsions,30,0.0,0.0,0.0,1.0,0.0,0.0
truth90_validation,T1,Linear,Dyn.ligand_torsions.correlation_160.0ps.mae,30,0.000538675659618452,-0.0028487483799077198,0.6333333333333333,0.0,-0.0037159455290257694,0.006295761304460144
truth90_validation,T1,NeuralMD,Dyn.ligand_torsions.correlation_160.0ps.mae,30,-0.002491792271464761,-0.004626652480751201,0.7,0.0,-0.006714318157127627,0.003139268376893737
truth90_validation,T1,Linear,Dyn.ligand_torsions.correlation_320.0ps.defined_torsions,30,0.0,0.0,0.0,1.0,0.0,0.0
truth90_validation,T1,NeuralMD,Dyn.ligand_torsions.correlation_320.0ps.defined_torsions,30,0.0,0.0,0.0,1.0,0.0,0.0
truth90_validation,T1,Linear,Dyn.ligand_torsions.correlation_320.0ps.mae,30,0.005794816846759058,0.0027650007296781947,0.4,0.0,0.00031163689887506266,0.011431659194938933
truth90_validation,T1,NeuralMD,Dyn.ligand_torsions.correlation_320.0ps.mae,30,-0.00273215988934301,-0.003923592498878803,0.6666666666666666,0.0,-0.008339491784433082,0.00297971526675646
truth90_validation,T1,Linear,Dyn.ligand_torsions.correlation_640.0ps.defined_torsions,30,0.0,0.0,0.0,1.0,0.0,0.0
truth90_validation,T1,NeuralMD,Dyn.ligand_torsions.correlation_640.0ps.defined_torsions,30,0.0,0.0,0.0,1.0,0.0,0.0
truth90_validation,T1,Linear,Dyn.ligand_torsions.correlation_640.0ps.mae,30,0.007840531584135559,-0.000884372013390769,0.5666666666666667,0.0,-0.0035182932625824185,0.02116769306910098
truth90_validation,T1,NeuralMD,Dyn.ligand_torsions.correlation_640.0ps.mae,30,0.006734446321790623,0.004884352192202089,0.4,0.0,-0.0017370358579223554,0.016565725993843348
truth90_validation,T1,Linear,Dyn.ligand_torsions.correlation_80.0ps.defined_torsions,30,0.0,0.0,0.0,1.0,0.0,0.0
truth90_validation,T1,NeuralMD,Dyn.ligand_torsions.correlation_80.0ps.defined_torsions,30,0.0,0.0,0.0,1.0,0.0,0.0
truth90_validation,T1,Linear,Dyn.ligand_torsions.correlation_80.0ps.mae,30,-0.0016424426617201735,-0.003959841005268751,0.6,0.0,-0.0059807609136388945,0.004103301947634948
truth90_validation,T1,NeuralMD,Dyn.ligand_torsions.correlation_80.0ps.mae,30,-0.002443371997755445,-0.004612639282864333,0.6333333333333333,0.0,-0.006677616972680738,0.0031666253151018254
truth90_validation,T1,Linear,Dyn.ligand_torsions.histogram_defined_torsions,30,0.0,0.0,0.0,1.0,0.0,0.0
truth90_validation,T1,NeuralMD,Dyn.ligand_torsions.histogram_defined_torsions,30,0.0,0.0,0.0,1.0,0.0,0.0
truth90_validation,T1,Linear,Dyn.ligand_torsions.histogram_js,30,-0.11460305482483021,-0.10938566227104257,0.9666666666666667,0.0,-0.13899778579911026,-0.08934862259692969
truth90_validation,T1,NeuralMD,Dyn.ligand_torsions.histogram_js,30,-0.10456732492581967,-0.10340012151822071,0.9666666666666667,0.0,-0.12473937158073205,-0.08475675139229802
truth90_validation,T1,Linear,Dyn.ligand_torsions.invalid_fraction,30,0.0,0.0,0.0,1.0,0.0,0.0
truth90_validation,T1,NeuralMD,Dyn.ligand_torsions.invalid_fraction,30,0.0,0.0,0.0,1.0,0.0,0.0
truth90_validation,T1,Linear,Dyn.ligand_torsions.torsions,30,0.0,0.0,0.0,1.0,0.0,0.0
truth90_validation,T1,NeuralMD,Dyn.ligand_torsions.torsions,30,0.0,0.0,0.0,1.0,0.0,0.0
truth90_validation,T1,Linear,Dyn.ligand_torsions.true_invalid_fraction,30,0.0,0.0,0.0,1.0,0.0,0.0
truth90_validation,T1,NeuralMD,Dyn.ligand_torsions.true_invalid_fraction,30,0.0,0.0,0.0,1.0,0.0,0.0
truth90_validation,T1,Linear,Dyn.predicted_mean_atom_rmsf_angstrom,30,-0.036597296356760796,-0.06497323084075851,0.5666666666666667,0.0,-0.18024036024875262,0.10621711143379306
truth90_validation,T1,NeuralMD,Dyn.predicted_mean_atom_rmsf_angstrom,30,0.6977945166529002,0.6008450718559641,0.0,0.0,0.5852746752935912,0.8282484833074182
truth90_validation,T1,Linear,Dyn.radius_of_gyration_w1_angstrom,30,-0.2853353194743084,-0.11922141545003272,0.8,0.0,-0.4709706847435667,-0.13174958071103024
truth90_validation,T1,NeuralMD,Dyn.radius_of_gyration_w1_angstrom,30,0.017248959053960917,0.02127675742253483,0.36666666666666664,0.0,-0.004102579862062702,0.03687605254736356
truth90_validation,T1,Linear,Dyn.rmsd_final_angstrom,30,-1.8931507221202954,-1.4841245349821315,0.9,0.0,-2.5183473787364226,-1.3199451105239945
truth90_validation,T1,NeuralMD,Dyn.rmsd_final_angstrom,30,0.3580675968867037,0.3234840151056868,0.23333333333333334,0.0,0.15999647937429523,0.5569346397376654
truth90_validation,T1,Linear,Dyn.rmsd_growth_angstrom,30,-2.1813512446480474,-1.9308190896554227,0.9666666666666667,0.0,-2.704964750103025,-1.6901272427644625
truth90_validation,T1,NeuralMD,Dyn.rmsd_growth_angstrom,30,-0.06770109548069253,-0.13566506043245607,0.5666666666666667,0.0,-0.24984325862152645,0.11669578373039262
truth90_validation,T1,Linear,Dyn.rmsd_time_average_angstrom,30,-0.7404128363526513,-0.5678213373041231,0.7666666666666667,0.0,-1.0587151992990087,-0.43447894323222086
truth90_validation,T1,NeuralMD,Dyn.rmsd_time_average_angstrom,30,0.3883748041254615,0.3502767478749045,0.1,0.0,0.23579233758736368,0.537814886750712
truth90_validation,T1,Linear,Dyn.rmsf_mae_angstrom,30,0.029414132130852012,-0.04401727283252416,0.5666666666666667,0.0,-0.06604400419149434,0.14486189170029395
truth90_validation,T1,NeuralMD,Dyn.rmsf_mae_angstrom,30,-0.44633852861669454,-0.49300740160599926,0.9666666666666667,0.0,-0.5113959362320883,-0.38031691872937495
truth90_validation,T1,Linear,Dyn.step_distribution_w1_angstrom,30,-0.3028461290881982,-0.3153798904357632,0.9333333333333333,0.0,-0.36259362901025094,-0.23545484402965228
truth90_validation,T1,NeuralMD,Dyn.step_distribution_w1_angstrom,30,-0.5456000013091,-0.5709107634037495,0.9666666666666667,0.0,-0.6191874216550884,-0.46617396799454924
truth90_validation,T1,Linear,Dyn.true_mean_atom_rmsf_angstrom,30,0.0,0.0,0.0,1.0,0.0,0.0
truth90_validation,T1,NeuralMD,Dyn.true_mean_atom_rmsf_angstrom,30,0.0,0.0,0.0,1.0,0.0,0.0
truth90_validation,T1,Linear,Geo.auc_angstrom_ps,30,-533.0972421739087,-408.8313628589686,0.7666666666666667,0.0,-764.6199656269707,-316.32872721663495
truth90_validation,T1,NeuralMD,Geo.auc_angstrom_ps,30,279.6298589703323,252.19925846993124,0.1,0.0,180.4595371207324,387.8287522806016
truth90_validation,T1,Linear,Geo.coordinate_energy_score_angstrom,30,-0.8652320114991331,-0.6627455910634159,0.8,0.0,-1.2268554951854473,-0.5095606134324514
truth90_validation,T1,NeuralMD,Geo.coordinate_energy_score_angstrom,30,0.3875626163268132,0.3625429886987553,0.13333333333333333,0.0,0.2307758863254772,0.5389829343831751
truth90_validation,T1,Linear,Geo.final_rmsd_angstrom,30,-1.8931507221202954,-1.4841245349821315,0.9,0.0,-2.466827673826193,-1.3310829599387337
truth90_validation,T1,NeuralMD,Geo.final_rmsd_angstrom,30,0.3580675968867037,0.3234840151056868,0.23333333333333334,0.0,0.15332812466633716,0.5437851607853978
truth90_validation,T1,Linear,Geo.mean_rmsd_angstrom,30,-0.7466190626970132,-0.5670239659437961,0.7666666666666667,0.0,-1.1004348005065736,-0.42978616595849384
truth90_validation,T1,NeuralMD,Geo.mean_rmsd_angstrom,30,0.38872913817562055,0.34716738824988697,0.1,0.0,0.24790355598460076,0.534724876499102
truth90_validation,T1,Linear,Motion.centre_displacement_vector_mae_angstrom,30,-0.45897995491883137,-0.26771751688713247,0.6333333333333333,0.0,-0.7569954822583838,-0.1916672129712226
truth90_validation,T1,Linear,Motion.relative_displacement_amplitude_mae_angstrom,30,-0.15484710951606223,-0.11072393781603465,0.5666666666666667,0.0,-0.3637987003149511,0.06157929969054843
truth90_validation,T1,Linear,Phys.angle_mean_squared_excess,30,-0.011390978741854834,-0.006469320167089565,1.0,0.0,-0.015890979704097318,-0.007480909066647125
truth90_validation,T1,Linear,Phys.angle_violations,30,-20.946666666666665,-12.25,1.0,0.0,-31.517583333333327,-13.406250000000002
truth90_validation,T1,Linear,Phys.assessed_geometry_valid,30,0.22333333333333336,0.0,0.0,0.5333333333333333,0.12000000000000001,0.3366666666666666
truth90_validation,T1,Linear,Phys.bond_mean_squared_excess,30,-0.46191025326677415,-0.23724187576716793,1.0,0.0,-0.6635795711407048,-0.2893519643254685
truth90_validation,T1,Linear,Phys.bond_violations,30,-26.64,-17.849999999999998,1.0,0.0,-38.37025,-17.80583333333334
truth90_validation,T1,Linear,Phys.ligand_environment_overlap_violations,30,-0.4066666666666666,-0.1,0.5333333333333333,0.3,-0.85,0.01674999999999954
truth90_validation,T1,Linear,Phys.ligand_self_overlap_violations,30,-0.10333333333333332,0.0,0.1,0.8666666666666667,-0.29333333333333333,0.013333333333333338
truth90_validation,T1,Linear,Phys.local_configuration_flips,30,0.016666666666666666,0.0,0.0,0.8666666666666667,0.0033333333333333335,0.03666666666666667
truth90_validation,T1,Linear,Phys.severe_overlap_mean_squared,30,-0.002915785922774118,-1.3488504441760819e-05,0.5666666666666667,0.26666666666666666,-0.0059816528545675075,-0.0006315265419370302
truth90_validation,T1,Linear,Phys_common_heavy.angle_mean_squared_excess,30,-0.01140008124310893,-0.005509904158498579,1.0,0.0,-0.015951107370990703,-0.007177681014971479
truth90_validation,T1,NeuralMD,Phys_common_heavy.angle_mean_squared_excess,30,6.748024075840322e-06,3.384045137619058e-07,0.0,0.03333333333333333,2.6239648057105873e-06,1.2108265322775882e-05
truth90_validation,T1,Linear,Phys_common_heavy.angle_violations,30,-8.709999999999999,-5.45,1.0,0.0,-12.787749999999999,-5.486000000000003
truth90_validation,T1,NeuralMD,Phys_common_heavy.angle_violations,30,3.1566666666666663,1.5,0.0,0.03333333333333333,1.4866666666666666,5.496916666666666
truth90_validation,T1,Linear,Phys_common_heavy.assessed_geometry_valid,30,0.21666666666666665,0.1,0.06666666666666667,0.4,0.12000000000000002,0.32
truth90_validation,T1,NeuralMD,Phys_common_heavy.assessed_geometry_valid,30,-0.5666666666666667,-0.6499999999999999,0.9,0.06666666666666667,-0.69,-0.4433333333333334
truth90_validation,T1,Linear,Phys_common_heavy.bond_mean_squared_excess,30,-0.16535402797550497,-0.020286034783500263,1.0,0.0,-0.26626473082351876,-0.07330094709570147
truth90_validation,T1,NeuralMD,Phys_common_heavy.bond_mean_squared_excess,30,1.7726978607290864e-06,2.0183088832247237e-08,0.26666666666666666,0.06666666666666667,-3.730746893667451e-06,7.828197851571993e-06
truth90_validation,T1,Linear,Phys_common_heavy.bond_violations,30,-11.500000000000002,-6.95,1.0,0.0,-16.200416666666666,-7.665666666666673
truth90_validation,T1,NeuralMD,Phys_common_heavy.bond_violations,30,4.383333333333334,1.7000000000000002,0.03333333333333333,0.1,1.9797500000000001,7.5100833333333314
truth90_validation,T1,Linear,Phys_common_heavy.ligand_environment_overlap_violations,30,-0.4066666666666666,-0.1,0.5333333333333333,0.3,-0.8533333333333334,0.006666666666666651
truth90_validation,T1,NeuralMD,Phys_common_heavy.ligand_environment_overlap_violations,30,0.21666666666666667,0.0,0.0,0.7666666666666667,0.043333333333333335,0.5
truth90_validation,T1,Linear,Phys_common_heavy.ligand_self_overlap_violations,30,-0.10333333333333332,0.0,0.1,0.8666666666666667,-0.2866666666666667,0.013333333333333338
truth90_validation,T1,NeuralMD,Phys_common_heavy.ligand_self_overlap_violations,30,0.03666666666666667,0.0,0.0,0.9666666666666667,0.0,0.11000000000000001
truth90_validation,T1,Linear,Phys_common_heavy.local_configuration_flips,30,0.0,0.0,0.0,1.0,0.0,0.0
truth90_validation,T1,NeuralMD,Phys_common_heavy.local_configuration_flips,30,0.0,0.0,0.0,1.0,0.0,0.0
truth90_validation,T1,Linear,Phys_common_heavy.severe_overlap_mean_squared,30,-0.0029157861927107624,-1.3488504441760819e-05,0.5666666666666667,0.26666666666666666,-0.005968432574191171,-0.0006370278465459024
truth90_validation,T1,NeuralMD,Phys_common_heavy.severe_overlap_mean_squared,30,0.00021853312822976372,0.0,0.0,0.7666666666666667,3.681176996476264e-05,0.0005314792320327045
truth90_validation,T1,Linear,Phys_v2.assessed_tail_valid_frame_fraction,30,0.8899999999999999,1.0,0.0,0.0,0.8299166666666665,0.9466666666666667
truth90_validation,T1,Linear,Phys_v2.bonded_distribution_comparison.angle.mean_wasserstein,30,-3.1827414970687586,-2.7704893617964244,1.0,0.0,-3.8088633325379555,-2.5792838555106488
truth90_validation,T1,Linear,Phys_v2.bonded_distribution_comparison.angle.predicted_constraint_variance_mean,30,6.735688260111006,9.549659555588505,0.13333333333333333,0.0,2.7636938260478945,10.028219805297304
truth90_validation,T1,Linear,Phys_v2.bonded_distribution_comparison.angle.predicted_within_path_variance_mean,30,6.735688260111006,9.549659555588505,0.13333333333333333,0.0,2.645313740545571,10.0944442010596
truth90_validation,T1,Linear,Phys_v2.bonded_distribution_comparison.angle.reference_constraint_variance_mean,30,0.0,0.0,0.0,1.0,0.0,0.0
truth90_validation,T1,Linear,Phys_v2.bonded_distribution_comparison.bond.mean_wasserstein,30,-0.3195303196980965,-0.22016215890157576,1.0,0.0,-0.4111464469756909,-0.23142842164540708
truth90_validation,T1,Linear,Phys_v2.bonded_distribution_comparison.bond.predicted_constraint_variance_mean,30,-0.15406073448140628,-0.07353769161978396,1.0,0.0,-0.21361905418745847,-0.09513130320568816
truth90_validation,T1,Linear,Phys_v2.bonded_distribution_comparison.bond.predicted_within_path_variance_mean,30,-0.15406073448140628,-0.07353769161978396,1.0,0.0,-0.2166932093832357,-0.09507893126302541
truth90_validation,T1,Linear,Phys_v2.bonded_distribution_comparison.bond.reference_constraint_variance_mean,30,0.0,0.0,0.0,1.0,0.0,0.0
truth90_validation,T1,Linear,Phys_v2.chemistry.checked_centres,30,0.0,0.0,0.0,1.0,0.0,0.0
truth90_validation,T1,Linear,Phys_v2.extra_mean_squared_severity.angle_degrees,30,-37.394377346609836,-21.237525324780655,1.0,0.0,-51.80287593373014,-25.124853661357804
truth90_validation,T1,Linear,Phys_v2.extra_mean_squared_severity.bond_relative,30,-0.46191025326677404,-0.23724187576716793,1.0,0.0,-0.6621748576949036,-0.2861188153872508
truth90_validation,T1,Linear,Phys_v2.extra_mean_squared_severity.environment_compression,30,-0.0027608910595443023,-1.3488504441760819e-05,0.5666666666666667,0.26666666666666666,-0.005700419894839537,-0.0005318734553740379
truth90_validation,T1,Linear,Phys_v2.extra_mean_squared_severity.self_compression,30,-7.637167613165533e-06,0.0,0.1,0.8666666666666667,-2.277597908592887e-05,2.6001240971283467e-07
truth90_validation,T1,Linear,Phys_v2.families.angle_degrees.anomaly_frame_fraction,30,-0.7233333333333333,-0.75,1.0,0.0,-0.7766666666666667,-0.6666666666666665
truth90_validation,T1,Linear,Phys_v2.families.angle_degrees.constraint_anomaly_fraction,30,-0.09739372275050791,-0.08435897435897435,1.0,0.0,-0.11379187232968674,-0.08166272924407494
truth90_validation,T1,Linear,Phys_v2.families.angle_degrees.constraint_distribution.all.count,30,0.0,0.0,0.0,1.0,0.0,0.0
truth90_validation,T1,Linear,Phys_v2.families.angle_degrees.constraint_distribution.all.maximum,30,-33.23302162784568,-29.661656835500906,1.0,0.0,-38.92365347363564,-28.504740925802267
truth90_validation,T1,Linear,Phys_v2.families.angle_degrees.constraint_distribution.all.mean,30,-2.092103507368379,-1.62532859569448,1.0,0.0,-2.5475931003980676,-1.6776851616408197
truth90_validation,T1,Linear,Phys_v2.families.angle_degrees.constraint_distribution.all.p50,30,0.0,0.0,0.0,1.0,0.0,0.0
truth90_validation,T1,Linear,Phys_v2.families.angle_degrees.constraint_distribution.all.p90,30,-7.512128252153459,-6.4386401513306115,1.0,0.0,-9.037730881991349,-6.139116959701038
truth90_validation,T1,Linear,Phys_v2.families.angle_degrees.constraint_distribution.all.p95,30,-13.255770905723653,-10.552869034265106,1.0,0.0,-15.679320323139507,-10.89552010966047
truth90_validation,T1,Linear,Phys_v2.families.angle_degrees.constraint_distribution.all.p99,30,-23.70128992179274,-20.974585489924642,1.0,0.0,-27.7598200841177,-20.017748690856315
truth90_validation,T1,Linear,Phys_v2.families.angle_degrees.constraint_distribution.positive.count,30,-209.46666666666667,-122.5,1.0,0.0,-313.4291666666666,-129.8966666666667
truth90_validation,T1,Linear,Phys_v2.families.angle_degrees.constraint_distribution.positive.maximum,29,-33.0544067201523,-29.309584812450936,1.0,0.0,-38.59475055130955,-27.898200145744184
truth90_validation,T1,Linear,Phys_v2.families.angle_degrees.constraint_distribution.positive.mean,29,-7.014537690745792,-6.319920020952258,1.0,0.0,-7.944733103039508,-6.188775123633646
truth90_validation,T1,Linear,Phys_v2.families.angle_degrees.constraint_distribution.positive.p50,29,-4.784562382884008,-4.357331360778977,1.0,0.0,-5.218534590737219,-4.346101978342343
truth90_validation,T1,Linear,Phys_v2.families.angle_degrees.constraint_distribution.positive.p90,29,-16.557691212941567,-13.764721122781593,1.0,0.0,-19.183289165584103,-14.199831698876405
truth90_validation,T1,Linear,Phys_v2.families.angle_degrees.constraint_distribution.positive.p95,29,-20.73067895111774,-17.50347569783986,1.0,0.0,-24.296748878462928,-17.631738884323955
truth90_validation,T1,Linear,Phys_v2.families.angle_degrees.constraint_distribution.positive.p99,29,-28.78366541836538,-27.549060243480522,1.0,0.0,-33.20691381580272,-24.677264189468286
truth90_validation,T1,Linear,Phys_v2.families.angle_degrees.finite_mean_squared_severity,30,-37.394377346609836,-21.237525324780655,1.0,0.0,-52.37073172753712,-24.98358039190525
truth90_validation,T1,Linear,Phys_v2.families.angle_degrees.frame_maximum_distribution.all.count,30,0.0,0.0,0.0,1.0,0.0,0.0
truth90_validation,T1,Linear,Phys_v2.families.angle_degrees.frame_maximum_distribution.all.maximum,30,-33.23302162784568,-29.661656835500906,1.0,0.0,-38.669692257339506,-28.11503644156721
truth90_validation,T1,Linear,Phys_v2.families.angle_degrees.frame_maximum_distribution.all.mean,30,-20.321267947695723,-18.334588787977506,1.0,0.0,-24.654367992729057,-16.287078502760924
truth90_validation,T1,Linear,Phys_v2.families.angle_degrees.frame_maximum_distribution.all.p50,30,-22.27262458486495,-19.17173900186122,1.0,0.0,-27.348646924099963,-17.285150176618483
truth90_validation,T1,Linear,Phys_v2.families.angle_degrees.frame_maximum_distribution.all.p90,30,-31.86318333021709,-29.38318034979617,1.0,0.0,-37.338814553590666,-26.961477698744357
truth90_validation,T1,Linear,Phys_v2.families.angle_degrees.frame_maximum_distribution.all.p95,30,-32.54810247903138,-29.627956091185474,1.0,0.0,-38.0254933110232,-27.569196832363073
truth90_validation,T1,Linear,Phys_v2.families.angle_degrees.frame_maximum_distribution.all.p99,30,-33.09603779808281,-29.46332520692223,1.0,0.0,-38.319018017035525,-28.180078048229305
truth90_validation,T1,Linear,Phys_v2.families.angle_degrees.frame_maximum_distribution.positive.count,30,-2.3666666666666667,-1.5,0.5666666666666667,0.4,-3.3666666666666667,-1.4333333333333333
truth90_validation,T1,Linear,Phys_v2.families.angle_degrees.frame_maximum_distribution.positive.maximum,29,-33.0544067201523,-29.309584812450936,1.0,0.0,-38.52205726931747,-27.73469308689006
truth90_validation,T1,Linear,Phys_v2.families.angle_degrees.frame_maximum_distribution.positive.mean,29,-21.249072902443455,-18.704201687303623,1.0,0.0,-25.40808376632531,-17.43665249138309
truth90_validation,T1,Linear,Phys_v2.families.angle_degrees.frame_maximum_distribution.positive.p50,29,-23.34185142771471,-20.277101616653013,1.0,0.0,-28.624446787807564,-18.727921620859586
truth90_validation,T1,Linear,Phys_v2.families.angle_degrees.frame_maximum_distribution.positive.p90,29,-31.698523926190557,-28.666467202922508,1.0,0.0,-37.18878707203167,-26.582181952836393
truth90_validation,T1,Linear,Phys_v2.families.angle_degrees.frame_maximum_distribution.positive.p95,29,-32.37646532317142,-28.811550229797987,1.0,0.0,-37.76212733492114,-27.333459630763258
truth90_validation,T1,Linear,Phys_v2.families.angle_degrees.frame_maximum_distribution.positive.p99,29,-32.91881844075612,-29.157615205850785,1.0,0.0,-38.433005670927415,-28.022723880881067
truth90_validation,T1,Linear,Phys_v2.families.angle_degrees.threshold,30,0.0,0.0,0.0,1.0,0.0,0.0
truth90_validation,T1,Linear,Phys_v2.families.bond_relative.anomaly_frame_fraction,30,-0.9433333333333332,-1.0,1.0,0.0,-0.9766666666666667,-0.9066666666666667
truth90_validation,T1,Linear,Phys_v2.families.bond_relative.constraint_anomaly_fraction,30,-0.47838527256031615,-0.4496180963572268,1.0,0.0,-0.5408012277576928,-0.4154881234569376
truth90_validation,T1,Linear,Phys_v2.families.bond_relative.constraint_distribution.all.count,30,0.0,0.0,0.0,1.0,0.0,0.0
truth90_validation,T1,Linear,Phys_v2.families.bond_relative.constraint_distribution.all.maximum,30,-2.8821732135194025,-3.0005084896453287,1.0,0.0,-3.4938673063456873,-2.2492520176190314
truth90_validation,T1,Linear,Phys_v2.families.bond_relative.constraint_distribution.all.mean,30,-0.2652881711809207,-0.18881545203489059,1.0,0.0,-0.3450367096802442,-0.19160504873571774
truth90_validation,T1,Linear,Phys_v2.families.bond_relative.constraint_distribution.all.p50,30,-0.061885956692925695,-0.024490717899565008,0.7,0.3,-0.09025078818595432,-0.035223124816525814
truth90_validation,T1,Linear,Phys_v2.families.bond_relative.constraint_distribution.all.p90,30,-0.8355224739163857,-0.470328841550019,1.0,0.0,-1.1063512570039826,-0.593081586143153
truth90_validation,T1,Linear,Phys_v2.families.bond_relative.constraint_distribution.all.p95,30,-1.3038955854808365,-1.0776981612079108,1.0,0.0,-1.6822298611280273,-0.9593200185605554
truth90_validation,T1,Linear,Phys_v2.families.bond_relative.constraint_distribution.all.p99,30,-2.260615825365254,-2.308158765510119,1.0,0.0,-2.770802219701102,-1.7333934811551943
truth90_validation,T1,Linear,Phys_v2.families.bond_relative.constraint_distribution.positive.count,30,-266.4,-178.5,1.0,0.0,-380.94666666666666,-178.53166666666667
truth90_validation,T1,Linear,Phys_v2.families.bond_relative.constraint_distribution.positive.maximum,28,-3.066812598341491,-3.291929968755358,1.0,0.0,-3.656371312568865,-2.4113132667596466
truth90_validation,T1,Linear,Phys_v2.families.bond_relative.constraint_distribution.positive.mean,28,-0.4032690572791116,-0.3654265737767781,1.0,0.0,-0.4922689590381081,-0.31278096459501187
truth90_validation,T1,Linear,Phys_v2.families.bond_relative.constraint_distribution.positive.p50,28,-0.15862543616469524,-0.12113120546617019,1.0,0.0,-0.20107637240190138,-0.12124542606780066
truth90_validation,T1,Linear,Phys_v2.families.bond_relative.constraint_distribution.positive.p90,28,-1.1913192105796213,-1.088868133968043,1.0,0.0,-1.5094394577774144,-0.8917658726501336
truth90_validation,T1,Linear,Phys_v2.families.bond_relative.constraint_distribution.positive.p95,28,-1.6928606500907513,-1.83764228403669,1.0,0.0,-2.100860808564341,-1.2967769538499718
truth90_validation,T1,Linear,Phys_v2.families.bond_relative.constraint_distribution.positive.p99,28,-2.582346394066332,-2.7833994650859903,1.0,0.0,-3.108767280976339,-2.0533434237997255
truth90_validation,T1,Linear,Phys_v2.families.bond_relative.finite_mean_squared_severity,30,-0.46191025326677404,-0.23724187576716793,1.0,0.0,-0.6604703989854203,-0.2837017432654862
truth90_validation,T1,Linear,Phys_v2.families.bond_relative.frame_maximum_distribution.all.count,30,0.0,0.0,0.0,1.0,0.0,0.0
truth90_validation,T1,Linear,Phys_v2.families.bond_relative.frame_maximum_distribution.all.maximum,30,-2.8821732135194025,-3.0005084896453287,1.0,0.0,-3.5040791829813513,-2.2852169660563426
truth90_validation,T1,Linear,Phys_v2.families.bond_relative.frame_maximum_distribution.all.mean,30,-1.5332700080373478,-1.6082405481611612,1.0,0.0,-1.8750283307300333,-1.2011384126210412
truth90_validation,T1,Linear,Phys_v2.families.bond_relative.frame_maximum_distribution.all.p50,30,-1.518835637557772,-1.5992604904341317,1.0,0.0,-1.8827593587744293,-1.153878927377645
truth90_validation,T1,Linear,Phys_v2.families.bond_relative.frame_maximum_distribution.all.p90,30,-2.605354515206471,-2.719427118906743,1.0,0.0,-3.1506161692208714,-1.9984260258925204
truth90_validation,T1,Linear,Phys_v2.families.bond_relative.frame_maximum_distribution.all.p95,30,-2.7437638643629367,-2.8599678042760353,1.0,0.0,-3.3288660093769145,-2.141438414472964
truth90_validation,T1,Linear,Phys_v2.families.bond_relative.frame_maximum_distribution.all.p99,30,-2.85449134368811,-2.9724003525714697,1.0,0.0,-3.4707948073038573,-2.247473254510514
truth90_validation,T1,Linear,Phys_v2.families.bond_relative.frame_maximum_distribution.positive.count,30,-2.8666666666666667,-0.5,0.5,0.5,-4.166666666666667,-1.6333333333333333
truth90_validation,T1,Linear,Phys_v2.families.bond_relative.frame_maximum_distribution.positive.maximum,28,-3.066812598341491,-3.291929968755358,1.0,0.0,-3.6715693027170806,-2.4584976453450547
truth90_validation,T1,Linear,Phys_v2.families.bond_relative.frame_maximum_distribution.positive.mean,28,-1.635397122253366,-1.7532729937384743,1.0,0.0,-1.9601328817402353,-1.3028029472712466
truth90_validation,T1,Linear,Phys_v2.families.bond_relative.frame_maximum_distribution.positive.p50,28,-1.6215911702088974,-1.740560685263201,1.0,0.0,-1.967083150092336,-1.270418440758162
truth90_validation,T1,Linear,Phys_v2.families.bond_relative.frame_maximum_distribution.positive.p90,28,-2.7733248701177824,-2.979863304163487,1.0,0.0,-3.3186994052019236,-2.230563614682649
truth90_validation,T1,Linear,Phys_v2.families.bond_relative.frame_maximum_distribution.positive.p95,28,-2.9200687342296368,-3.135896636459422,1.0,0.0,-3.482358124118908,-2.3338844501191076
truth90_validation,T1,Linear,Phys_v2.families.bond_relative.frame_maximum_distribution.positive.p99,28,-3.0374638255191213,-3.260723302296171,1.0,0.0,-3.6328649358998395,-2.3867692598220773
truth90_validation,T1,Linear,Phys_v2.families.bond_relative.threshold,30,0.0,0.0,0.0,1.0,0.0,0.0
truth90_validation,T1,Linear,Phys_v2.families.environment_compression.anomaly_frame_fraction,30,-0.19,-0.1,0.5666666666666667,0.3333333333333333,-0.2733333333333334,-0.11000000000000001
truth90_validation,T1,Linear,Phys_v2.families.environment_compression.constraint_anomaly_fraction,30,-7.1119016936174275e-06,-2.0005446885921117e-06,0.5333333333333333,0.3,-1.1919431384781699e-05,-2.7624555372162723e-06
truth90_validation,T1,Linear,Phys_v2.families.environment_compression.constraint_distribution.all.count,30,0.0,0.0,0.0,1.0,0.0,0.0
truth90_validation,T1,Linear,Phys_v2.families.environment_compression.constraint_distribution.all.maximum,30,-0.16951349612277616,-0.045113417560434424,0.5666666666666667,0.26666666666666666,-0.2833336566282659,-0.06125768346721357
truth90_validation,T1,Linear,Phys_v2.families.environment_compression.constraint_distribution.all.mean,30,-1.5672598378017327e-06,-9.983712124171712e-08,0.5666666666666667,0.26666666666666666,-2.7711893075672814e-06,-5.284547551851076e-07
truth90_validation,T1,Linear,Phys_v2.families.environment_compression.constraint_distribution.all.p50,30,0.0,0.0,0.0,1.0,0.0,0.0
truth90_validation,T1,Linear,Phys_v2.families.environment_compression.constraint_distribution.all.p90,30,0.0,0.0,0.0,1.0,0.0,0.0
truth90_validation,T1,Linear,Phys_v2.families.environment_compression.constraint_distribution.all.p95,30,0.0,0.0,0.0,1.0,0.0,0.0
truth90_validation,T1,Linear,Phys_v2.families.environment_compression.constraint_distribution.all.p99,30,0.0,0.0,0.0,1.0,0.0,0.0
truth90_validation,T1,Linear,Phys_v2.families.environment_compression.constraint_distribution.positive.count,30,-4.066666666666666,-1.0,0.5333333333333333,0.3,-8.466666666666667,0.06749999999999545
truth90_validation,T1,Linear,Phys_v2.families.environment_compression.constraint_distribution.positive.maximum,5,0.07759016111110648,0.1664579112274012,0.4,0.0,-0.11276690292315998,0.26794722514537295
truth90_validation,T1,Linear,Phys_v2.families.environment_compression.constraint_distribution.positive.mean,5,-0.0008855519769524533,0.022733571655790652,0.4,0.0,-0.06328319683725561,0.052063297859500465
truth90_validation,T1,Linear,Phys_v2.families.environment_compression.constraint_distribution.positive.p50,5,-0.0025832674715850546,0.009615500320185044,0.4,0.0,-0.06043689933678301,0.05418389851267337
truth90_validation,T1,Linear,Phys_v2.families.environment_compression.constraint_distribution.positive.p90,5,0.05379525660496722,0.16464323311422685,0.4,0.0,-0.1175684430617315,0.20566654340504242
truth90_validation,T1,Linear,Phys_v2.families.environment_compression.constraint_distribution.positive.p95,5,0.07301989531859229,0.165550572170814,0.4,0.0,-0.11741609134099629,0.2477218058377218
truth90_validation,T1,Linear,Phys_v2.families.environment_compression.constraint_distribution.positive.p99,5,0.07708019891739967,0.16627644341608375,0.4,0.0,-0.1202857710512855,0.2647103232134348
truth90_validation,T1,Linear,Phys_v2.families.environment_compression.finite_mean_squared_severity,30,-0.0027608910595443023,-1.3488504441760819e-05,0.5666666666666667,0.26666666666666666,-0.0058257394160741065,-0.0005431548134980195
truth90_validation,T1,Linear,Phys_v2.families.environment_compression.frame_maximum_distribution.all.count,30,0.0,0.0,0.0,1.0,0.0,0.0
truth90_validation,T1,Linear,Phys_v2.families.environment_compression.frame_maximum_distribution.all.maximum,30,-0.16951349612277616,-0.045113417560434424,0.5666666666666667,0.26666666666666666,-0.28708005604546744,-0.06032084491236766
truth90_validation,T1,Linear,Phys_v2.families.environment_compression.frame_maximum_distribution.all.mean,30,-0.053788679438261634,-0.006272213353957433,0.6,0.26666666666666666,-0.08897129844067339,-0.020555704210516133
truth90_validation,T1,Linear,Phys_v2.families.environment_compression.frame_maximum_distribution.all.p50,30,-0.02433888559762527,0.0,0.2,0.8,-0.053150595307520594,-0.0028112646548836555
truth90_validation,T1,Linear,Phys_v2.families.environment_compression.frame_maximum_distribution.all.p90,30,-0.14723102945040784,-0.005349365821966497,0.6,0.26666666666666666,-0.24045911588503932,-0.05868291651239977
truth90_validation,T1,Linear,Phys_v2.families.environment_compression.frame_maximum_distribution.all.p95,30,-0.15837226278659194,-0.024812379658238883,0.5666666666666667,0.26666666666666666,-0.2574506222335601,-0.05930763882474145
truth90_validation,T1,Linear,Phys_v2.families.environment_compression.frame_maximum_distribution.all.p99,30,-0.16728524945553935,-0.04105320997999533,0.5666666666666667,0.26666666666666666,-0.27832357887443293,-0.05804463996590526
truth90_validation,T1,Linear,Phys_v2.families.environment_compression.frame_maximum_distribution.positive.count,30,-1.9,-1.0,0.5666666666666667,0.3333333333333333,-2.7333333333333334,-1.0658333333333379
truth90_validation,T1,Linear,Phys_v2.families.environment_compression.frame_maximum_distribution.positive.maximum,5,0.07759016111110648,0.1664579112274012,0.4,0.0,-0.12100319097885781,0.26779157041471235
truth90_validation,T1,Linear,Phys_v2.families.environment_compression.frame_maximum_distribution.positive.mean,5,0.12929961717674465,0.1664579112274012,0.2,0.0,-0.019109716829290153,0.2585862429335824
truth90_validation,T1,Linear,Phys_v2.families.environment_compression.frame_maximum_distribution.positive.p50,5,0.12741407075910263,0.16341177838014886,0.2,0.0,-0.007284039322595848,0.24944977063391965
truth90_validation,T1,Linear,Phys_v2.families.environment_compression.frame_maximum_distribution.positive.p90,5,0.09304840818305102,0.1664579112274012,0.4,0.0,-0.09948917522256716,0.26686861436686515
truth90_validation,T1,Linear,Phys_v2.families.environment_compression.frame_maximum_distribution.positive.p95,5,0.08531928464707875,0.1664579112274012,0.4,0.0,-0.09676935046196158,0.26740791975611905
truth90_validation,T1,Linear,Phys_v2.families.environment_compression.frame_maximum_distribution.positive.p99,5,0.07913598581830093,0.1664579112274012,0.4,0.0,-0.10956739243092031,0.2678393640675222
truth90_validation,T1,Linear,Phys_v2.families.environment_compression.threshold,30,0.0,0.0,0.0,1.0,0.0,0.0
truth90_validation,T1,Linear,Phys_v2.families.self_compression.anomaly_frame_fraction,30,-0.060000000000000005,0.0,0.13333333333333333,0.8666666666666667,-0.13333333333333333,-0.0033333333333333327
truth90_validation,T1,Linear,Phys_v2.families.self_compression.constraint_anomaly_fraction,30,-9.732962944994407e-05,0.0,0.1,0.8666666666666667,-0.0002680833816214772,1.341246688797237e-06
truth90_validation,T1,Linear,Phys_v2.families.self_compression.constraint_distribution.all.count,30,0.0,0.0,0.0,1.0,0.0,0.0
truth90_validation,T1,Linear,Phys_v2.families.self_compression.constraint_distribution.all.maximum,30,-0.04116283617639759,0.0,0.1,0.8666666666666667,-0.10896135125605697,0.01608066830351959
truth90_validation,T1,Linear,Phys_v2.families.self_compression.constraint_distribution.all.mean,30,-2.0949986492221812e-05,0.0,0.1,0.8666666666666667,-6.0162556993563886e-05,7.124626625561333e-07
truth90_validation,T1,Linear,Phys_v2.families.self_compression.constraint_distribution.all.p50,30,0.0,0.0,0.0,1.0,0.0,0.0
truth90_validation,T1,Linear,Phys_v2.families.self_compression.constraint_distribution.all.p90,30,0.0,0.0,0.0,1.0,0.0,0.0
truth90_validation,T1,Linear,Phys_v2.families.self_compression.constraint_distribution.all.p95,30,0.0,0.0,0.0,1.0,0.0,0.0
truth90_validation,T1,Linear,Phys_v2.families.self_compression.constraint_distribution.all.p99,30,0.0,0.0,0.0,1.0,0.0,0.0
truth90_validation,T1,Linear,Phys_v2.families.self_compression.constraint_distribution.positive.count,30,-1.0333333333333334,0.0,0.1,0.8666666666666667,-3.033333333333333,0.13333333333333333
truth90_validation,T1,Linear,Phys_v2.families.self_compression.constraint_distribution.positive.maximum,1,0.3073288791118278,0.3073288791118278,0.0,0.0,0.3073288791118278,0.3073288791118278
truth90_validation,T1,Linear,Phys_v2.families.self_compression.constraint_distribution.positive.mean,1,0.17330836243235254,0.17330836243235254,0.0,0.0,0.17330836243235254,0.17330836243235254
truth90_validation,T1,Linear,Phys_v2.families.self_compression.constraint_distribution.positive.p50,1,0.14567104296685007,0.14567104296685007,0.0,0.0,0.14567104296685007,0.14567104296685007
truth90_validation,T1,Linear,Phys_v2.families.self_compression.constraint_distribution.positive.p90,1,0.3448695266174582,0.3448695266174582,0.0,0.0,0.3448695266174582,0.3448695266174582
truth90_validation,T1,Linear,Phys_v2.families.self_compression.constraint_distribution.positive.p95,1,0.3260992028646431,0.3260992028646431,0.0,0.0,0.3260992028646431,0.3260992028646431
truth90_validation,T1,Linear,Phys_v2.families.self_compression.constraint_distribution.positive.p99,1,0.311082943862391,0.311082943862391,0.0,0.0,0.311082943862391,0.311082943862391
truth90_validation,T1,Linear,Phys_v2.families.self_compression.finite_mean_squared_severity,30,-7.637167613165533e-06,0.0,0.1,0.8666666666666667,-2.2013942212865242e-05,2.6001240971283467e-07
truth90_validation,T1,Linear,Phys_v2.families.self_compression.frame_maximum_distribution.all.count,30,0.0,0.0,0.0,1.0,0.0,0.0
truth90_validation,T1,Linear,Phys_v2.families.self_compression.frame_maximum_distribution.all.maximum,30,-0.04116283617639759,0.0,0.1,0.8666666666666667,-0.10896702517228131,0.01024429597039426
truth90_validation,T1,Linear,Phys_v2.families.self_compression.frame_maximum_distribution.all.mean,30,-0.014914360254086153,0.0,0.1,0.8666666666666667,-0.04109277894696535,0.0023571781816968933
truth90_validation,T1,Linear,Phys_v2.families.self_compression.frame_maximum_distribution.all.p50,30,-0.013290639542765182,0.0,0.1,0.9,-0.03872996509432803,0.0
truth90_validation,T1,Linear,Phys_v2.families.self_compression.frame_maximum_distribution.all.p90,30,-0.03604799830000666,0.0,0.1,0.8666666666666667,-0.09008380241290674,0.0046054826461180325
truth90_validation,T1,Linear,Phys_v2.families.self_compression.frame_maximum_distribution.all.p95,30,-0.03860541723820212,0.0,0.1,0.8666666666666667,-0.1006108931556672,0.0074248893082561425
truth90_validation,T1,Linear,Phys_v2.families.self_compression.frame_maximum_distribution.all.p99,30,-0.0406513523887585,0.0,0.1,0.8666666666666667,-0.1102022897479718,0.00968041463796664
truth90_validation,T1,Linear,Phys_v2.families.self_compression.frame_maximum_distribution.positive.count,30,-0.6,0.0,0.13333333333333333,0.8666666666666667,-1.2666666666666666,-0.03333333333333333
truth90_validation,T1,Linear,Phys_v2.families.self_compression.frame_maximum_distribution.positive.maximum,1,0.3073288791118278,0.3073288791118278,0.0,0.0,0.3073288791118278,0.3073288791118278
truth90_validation,T1,Linear,Phys_v2.families.self_compression.frame_maximum_distribution.positive.mean,1,0.15933306969193806,0.15933306969193806,0.0,0.0,0.15933306969193806,0.15933306969193806
truth90_validation,T1,Linear,Phys_v2.families.self_compression.frame_maximum_distribution.positive.p50,1,0.11378334557480567,0.11378334557480567,0.0,0.0,0.11378334557480567,0.11378334557480567
truth90_validation,T1,Linear,Phys_v2.families.self_compression.frame_maximum_distribution.positive.p90,1,0.2688678171064148,0.2688678171064148,0.0,0.0,0.2688678171064148,0.2688678171064148
truth90_validation,T1,Linear,Phys_v2.families.self_compression.frame_maximum_distribution.positive.p95,1,0.2880983481091212,0.2880983481091212,0.0,0.0,0.2880983481091212,0.2880983481091212
truth90_validation,T1,Linear,Phys_v2.families.self_compression.frame_maximum_distribution.positive.p99,1,0.30348277291128645,0.30348277291128645,0.0,0.0,0.30348277291128645,0.30348277291128645
truth90_validation,T1,Linear,Phys_v2.families.self_compression.threshold,30,0.0,0.0,0.0,1.0,0.0,0.0
truth90_validation,T1,Linear,Phys_v2.finite_frame_fraction,30,0.0,0.0,0.0,1.0,0.0,0.0
truth90_validation,T1,Linear,Phys_v2.fixed_environment_valid_frame_fraction,30,0.19000000000000003,0.09999999999999998,0.1,0.3333333333333333,0.11,0.2733333333333334
truth90_validation,T1,Linear,Phys_v2.heavy_atoms,30,0.0,0.0,0.0,1.0,0.0,0.0
truth90_validation,T1,Linear,Phys_v2.intramolecular_tail_valid_frame_fraction,30,0.9266666666666665,1.0,0.0,0.0,0.8833333333333333,0.9666666666666666
truth90_validation,T1,Linear,Phys_v2.physical_excess_distributions.angle.all.count,30,0.0,0.0,0.0,1.0,0.0,0.0
truth90_validation,T1,Linear,Phys_v2.physical_excess_distributions.angle.all.maximum,30,-33.23302162784568,-29.661656835500906,1.0,0.0,-38.36577575322652,-28.37317875910496
truth90_validation,T1,Linear,Phys_v2.physical_excess_distributions.angle.all.mean,30,-2.092103507368379,-1.62532859569448,1.0,0.0,-2.546959521404319,-1.6794244942760161
truth90_validation,T1,Linear,Phys_v2.physical_excess_distributions.angle.all.p50,30,0.0,0.0,0.0,1.0,0.0,0.0
truth90_validation,T1,Linear,Phys_v2.physical_excess_distributions.angle.all.p90,30,-7.512128252153459,-6.4386401513306115,1.0,0.0,-8.994237001431253,-6.197752314002067
truth90_validation,T1,Linear,Phys_v2.physical_excess_distributions.angle.all.p95,30,-13.255770905723653,-10.552869034265106,1.0,0.0,-15.912499173790726,-11.03695678554495
truth90_validation,T1,Linear,Phys_v2.physical_excess_distributions.angle.all.p99,30,-23.70128992179274,-20.974585489924642,1.0,0.0,-27.882354110486318,-20.15375360584671
truth90_validation,T1,Linear,Phys_v2.physical_excess_distributions.angle.positive.count,30,-209.46666666666667,-122.5,1.0,0.0,-312.4675,-131.79333333333338
truth90_validation,T1,Linear,Phys_v2.physical_excess_distributions.angle.positive.maximum,29,-33.0544067201523,-29.309584812450936,1.0,0.0,-38.58126500652925,-28.205610958164158
truth90_validation,T1,Linear,Phys_v2.physical_excess_distributions.angle.positive.mean,29,-7.014537690745792,-6.319920020952258,1.0,0.0,-7.9146092809424,-6.241623410304784
truth90_validation,T1,Linear,Phys_v2.physical_excess_distributions.angle.positive.p50,29,-4.784562382884008,-4.357331360778977,1.0,0.0,-5.238855521621888,-4.336821680130341
truth90_validation,T1,Linear,Phys_v2.physical_excess_distributions.angle.positive.p90,29,-16.557691212941567,-13.764721122781593,1.0,0.0,-19.19467883327852,-14.167452395636179
truth90_validation,T1,Linear,Phys_v2.physical_excess_distributions.angle.positive.p95,29,-20.73067895111774,-17.50347569783986,1.0,0.0,-24.187346653480038,-17.683765610183965
truth90_validation,T1,Linear,Phys_v2.physical_excess_distributions.angle.positive.p99,29,-28.78366541836538,-27.549060243480522,1.0,0.0,-33.27440225124453,-24.62391486181762
truth90_validation,T1,Linear,Phys_v2.physical_excess_distributions.bond.all.count,30,0.0,0.0,0.0,1.0,0.0,0.0
truth90_validation,T1,Linear,Phys_v2.physical_excess_distributions.bond.all.maximum,30,-3.3780603983977078,-3.1005030007674717,1.0,0.0,-4.182922091157775,-2.5661518832754004
truth90_validation,T1,Linear,Phys_v2.physical_excess_distributions.bond.all.mean,30,-0.3116687046012675,-0.2114459477810739,1.0,0.0,-0.4042628486740908,-0.22631599034133537
truth90_validation,T1,Linear,Phys_v2.physical_excess_distributions.bond.all.p50,30,-0.07788673057963914,-0.029715598057748205,0.7,0.3,-0.11311079820536024,-0.0460665303285136
truth90_validation,T1,Linear,Phys_v2.physical_excess_distributions.bond.all.p90,30,-0.9751819787243584,-0.5555008438964109,1.0,0.0,-1.2878888054845035,-0.6820633585514271
truth90_validation,T1,Linear,Phys_v2.physical_excess_distributions.bond.all.p95,30,-1.49863393728509,-1.2202645167574309,1.0,0.0,-1.9250582529173963,-1.084716959551925
truth90_validation,T1,Linear,Phys_v2.physical_excess_distributions.bond.all.p99,30,-2.5617827513852984,-2.3305169134342067,1.0,0.0,-3.172240886934019,-1.9332518570044754
truth90_validation,T1,Linear,Phys_v2.physical_excess_distributions.bond.positive.count,30,-266.4,-178.5,1.0,0.0,-384.28666666666663,-177.16666666666666
truth90_validation,T1,Linear,Phys_v2.physical_excess_distributions.bond.positive.maximum,28,-3.5973323315001755,-3.542747818750849,1.0,0.0,-4.412410558072503,-2.807542594951309
truth90_validation,T1,Linear,Phys_v2.physical_excess_distributions.bond.positive.mean,28,-0.4716999256139304,-0.42037675266093344,1.0,0.0,-0.5864754939695991,-0.3672653306869683
truth90_validation,T1,Linear,Phys_v2.physical_excess_distributions.bond.positive.p50,28,-0.19569826370481394,-0.14769297298631645,1.0,0.0,-0.25051082169622135,-0.1483105450726692
truth90_validation,T1,Linear,Phys_v2.physical_excess_distributions.bond.positive.p90,28,-1.3768810612873885,-1.2999384419338669,1.0,0.0,-1.7358344493119946,-1.043115004135969
truth90_validation,T1,Linear,Phys_v2.physical_excess_distributions.bond.positive.p95,28,-1.9301290236436508,-1.861880881576846,1.0,0.0,-2.4024045561429093,-1.486933026067717
truth90_validation,T1,Linear,Phys_v2.physical_excess_distributions.bond.positive.p99,28,-2.939152374399842,-2.925801498863552,1.0,0.0,-3.5892076720789294,-2.3250177695358616
truth90_validation,T1,Linear,Phys_v2.physical_excess_distributions.environment_depth_angstrom.all.count,30,0.0,0.0,0.0,1.0,0.0,0.0
truth90_validation,T1,Linear,Phys_v2.physical_excess_distributions.environment_depth_angstrom.all.maximum,30,-0.25222760944183176,-0.06406105293581688,0.5666666666666667,0.26666666666666666,-0.42867404332392733,-0.08607501214746874
truth90_validation,T1,Linear,Phys_v2.physical_excess_distributions.environment_depth_angstrom.all.mean,30,-2.3005613509304596e-06,-1.417687121632383e-07,0.5666666666666667,0.26666666666666666,-4.083422771018588e-06,-7.883091183197141e-07
truth90_validation,T1,Linear,Phys_v2.physical_excess_distributions.environment_depth_angstrom.all.p50,30,0.0,0.0,0.0,1.0,0.0,0.0
truth90_validation,T1,Linear,Phys_v2.physical_excess_distributions.environment_depth_angstrom.all.p90,30,0.0,0.0,0.0,1.0,0.0,0.0
truth90_validation,T1,Linear,Phys_v2.physical_excess_distributions.environment_depth_angstrom.all.p95,30,0.0,0.0,0.0,1.0,0.0,0.0
truth90_validation,T1,Linear,Phys_v2.physical_excess_distributions.environment_depth_angstrom.all.p99,30,0.0,0.0,0.0,1.0,0.0,0.0
truth90_validation,T1,Linear,Phys_v2.physical_excess_distributions.environment_depth_angstrom.positive.count,30,-4.066666666666666,-1.0,0.5333333333333333,0.3,-8.735,0.06666666666666667
truth90_validation,T1,Linear,Phys_v2.physical_excess_distributions.environment_depth_angstrom.positive.maximum,5,0.12949662658755692,0.3053601536986932,0.4,0.0,-0.1926827130624569,0.4013508607851504
truth90_validation,T1,Linear,Phys_v2.physical_excess_distributions.environment_depth_angstrom.positive.mean,5,0.0003531052234959642,0.041004525781043466,0.4,0.0,-0.11140201989249957,0.07930000103584017
truth90_validation,T1,Linear,Phys_v2.physical_excess_distributions.environment_depth_angstrom.positive.p50,5,-0.007411317908329984,-0.005831798385154963,0.6,0.0,-0.09706596301513923,0.07687603915144013
truth90_validation,T1,Linear,Phys_v2.physical_excess_distributions.environment_depth_angstrom.positive.p90,5,0.08655194053321669,0.28241798381639394,0.4,0.0,-0.17662138668510247,0.3089477056054338
truth90_validation,T1,Linear,Phys_v2.physical_excess_distributions.environment_depth_angstrom.positive.p95,5,0.11435554221363646,0.2938890687575435,0.4,0.0,-0.18584133925633678,0.374663427885376
truth90_validation,T1,Linear,Phys_v2.physical_excess_distributions.environment_depth_angstrom.positive.p99,5,0.12824747776730788,0.3030659367104632,0.4,0.0,-0.1636408117965641,0.4102235013936375
truth90_validation,T1,Linear,Phys_v2.physical_excess_distributions.self_depth_angstrom.all.count,30,0.0,0.0,0.0,1.0,0.0,0.0
truth90_validation,T1,Linear,Phys_v2.physical_excess_distributions.self_depth_angstrom.all.maximum,30,-0.05402408807168738,0.0,0.1,0.8666666666666667,-0.14405450848678666,0.027430101054930267
truth90_validation,T1,Linear,Phys_v2.physical_excess_distributions.self_depth_angstrom.all.mean,30,-2.9178039505320782e-05,0.0,0.1,0.8666666666666667,-8.496268350285615e-05,1.0700176643023112e-06
truth90_validation,T1,Linear,Phys_v2.physical_excess_distributions.self_depth_angstrom.all.p50,30,0.0,0.0,0.0,1.0,0.0,0.0
truth90_validation,T1,Linear,Phys_v2.physical_excess_distributions.self_depth_angstrom.all.p90,30,0.0,0.0,0.0,1.0,0.0,0.0
truth90_validation,T1,Linear,Phys_v2.physical_excess_distributions.self_depth_angstrom.all.p95,30,0.0,0.0,0.0,1.0,0.0,0.0
truth90_validation,T1,Linear,Phys_v2.physical_excess_distributions.self_depth_angstrom.all.p99,30,0.0,0.0,0.0,1.0,0.0,0.0
truth90_validation,T1,Linear,Phys_v2.physical_excess_distributions.self_depth_angstrom.positive.count,30,-1.0333333333333334,0.0,0.1,0.8666666666666667,-2.933333333333333,0.2
truth90_validation,T1,Linear,Phys_v2.physical_excess_distributions.self_depth_angstrom.positive.maximum,1,0.4750364191742884,0.4750364191742884,0.0,0.0,0.4750364191742884,0.4750364191742884
truth90_validation,T1,Linear,Phys_v2.physical_excess_distributions.self_depth_angstrom.positive.mean,1,0.2622966897424133,0.2622966897424133,0.0,0.0,0.2622966897424133,0.2622966897424133
truth90_validation,T1,Linear,Phys_v2.physical_excess_distributions.self_depth_angstrom.positive.p50,1,0.2131239184796594,0.2131239184796594,0.0,0.0,0.2131239184796594,0.2131239184796594
truth90_validation,T1,Linear,Phys_v2.physical_excess_distributions.self_depth_angstrom.positive.p90,1,0.5429617666647744,0.5429617666647744,0.0,0.0,0.5429617666647744,0.5429617666647744
truth90_validation,T1,Linear,Phys_v2.physical_excess_distributions.self_depth_angstrom.positive.p95,1,0.5089990929195316,0.5089990929195316,0.0,0.0,0.5089990929195316,0.5089990929195316
truth90_validation,T1,Linear,Phys_v2.physical_excess_distributions.self_depth_angstrom.positive.p99,1,0.4818289539233372,0.4818289539233372,0.0,0.0,0.4818289539233372,0.4818289539233372
truth90_validation,T1,Linear,Phys_v2.windows.early.valid_frame_fraction,30,0.8583333333333333,1.0,0.0,0.0,0.7666666666666667,0.9333333333333333
truth90_validation,T1,Linear,Phys_v2.windows.late.valid_frame_fraction,30,0.9,1.0,0.0,0.0,0.8111111111111111,0.9666666666666667
truth90_validation,T1,Linear,Phys_v2.windows.middle.valid_frame_fraction,30,0.9222222222222222,1.0,0.0,0.06666666666666667,0.8222222222222222,1.0
truth90_validation,T1,Linear,Phys_v2_common_heavy.assessed_tail_valid_frame_fraction,30,0.7966666666666667,0.8,0.0,0.0,0.7366666666666666,0.8566666666666667
truth90_validation,T1,NeuralMD,Phys_v2_common_heavy.assessed_tail_valid_frame_fraction,30,-0.02999999999999999,0.0,0.16666666666666666,0.7666666666666667,-0.09333333333333332,0.023333333333333338
truth90_validation,T1,Linear,Phys_v2_common_heavy.bonded_distribution_comparison.angle.mean_wasserstein,30,-3.196979543401432,-2.765991220747143,1.0,0.0,-3.9362849819813173,-2.516578287383966
truth90_validation,T1,NeuralMD,Phys_v2_common_heavy.bonded_distribution_comparison.angle.mean_wasserstein,30,1.2418486830457391,1.2368733263522464,0.0,0.0,1.0575058433548277,1.4317436287086103
truth90_validation,T1,Linear,Phys_v2_common_heavy.bonded_distribution_comparison.angle.predicted_constraint_variance_mean,30,-0.06621574173153372,2.0513097358243844,0.36666666666666664,0.0,-3.924165169846303,3.319592981885638
truth90_validation,T1,NeuralMD,Phys_v2_common_heavy.bonded_distribution_comparison.angle.predicted_constraint_variance_mean,30,17.016392212460776,15.85878731747413,0.0,0.0,15.252254891486716,18.887036460421662
truth90_validation,T1,Linear,Phys_v2_common_heavy.bonded_distribution_comparison.angle.predicted_within_path_variance_mean,30,-0.06621574173153372,2.0513097358243844,0.36666666666666664,0.0,-4.085876319882942,3.2619763787957243
truth90_validation,T1,NeuralMD,Phys_v2_common_heavy.bonded_distribution_comparison.angle.predicted_within_path_variance_mean,30,17.016392212460776,15.85878731747413,0.0,0.0,15.247963819846728,18.851483065476152
truth90_validation,T1,Linear,Phys_v2_common_heavy.bonded_distribution_comparison.angle.reference_constraint_variance_mean,30,0.0,0.0,0.0,1.0,0.0,0.0
truth90_validation,T1,NeuralMD,Phys_v2_common_heavy.bonded_distribution_comparison.angle.reference_constraint_variance_mean,30,0.0,0.0,0.0,1.0,0.0,0.0
truth90_validation,T1,Linear,Phys_v2_common_heavy.bonded_distribution_comparison.bond.mean_wasserstein,30,-0.20200412654199582,-0.12130469669842883,1.0,0.0,-0.28540069884181896,-0.13102298096889897
truth90_validation,T1,NeuralMD,Phys_v2_common_heavy.bonded_distribution_comparison.bond.mean_wasserstein,30,0.015196721770798952,0.015775534460641383,0.06666666666666667,0.0,0.011966135430473836,0.01890017886228586
truth90_validation,T1,Linear,Phys_v2_common_heavy.bonded_distribution_comparison.bond.predicted_constraint_variance_mean,30,-0.0967824018595209,-0.01933867777026696,1.0,0.0,-0.1568633139970589,-0.04582608181098029
truth90_validation,T1,NeuralMD,Phys_v2_common_heavy.bonded_distribution_comparison.bond.predicted_constraint_variance_mean,30,0.0019698919303171654,0.0019479413420481445,0.0,0.0,0.0017534096412723794,0.00218452893992737
truth90_validation,T1,Linear,Phys_v2_common_heavy.bonded_distribution_comparison.bond.predicted_within_path_variance_mean,30,-0.0967824018595209,-0.01933867777026696,1.0,0.0,-0.1579933502234512,-0.04313842547695232
truth90_validation,T1,NeuralMD,Phys_v2_common_heavy.bonded_distribution_comparison.bond.predicted_within_path_variance_mean,30,0.0019698919303171654,0.0019479413420481445,0.0,0.0,0.0017680104896797542,0.00218952779820928
truth90_validation,T1,Linear,Phys_v2_common_heavy.bonded_distribution_comparison.bond.reference_constraint_variance_mean,30,0.0,0.0,0.0,1.0,0.0,0.0
truth90_validation,T1,NeuralMD,Phys_v2_common_heavy.bonded_distribution_comparison.bond.reference_constraint_variance_mean,30,0.0,0.0,0.0,1.0,0.0,0.0
truth90_validation,T1,Linear,Phys_v2_common_heavy.chemistry.checked_centres,30,0.0,0.0,0.0,1.0,0.0,0.0
truth90_validation,T1,NeuralMD,Phys_v2_common_heavy.chemistry.checked_centres,30,0.0,0.0,0.0,1.0,0.0,0.0
truth90_validation,T1,Linear,Phys_v2_common_heavy.extra_mean_squared_severity.angle_degrees,30,-37.42425909552777,-18.08794835947524,1.0,0.0,-53.61339913724838,-23.91472839528918
truth90_validation,T1,NeuralMD,Phys_v2_common_heavy.extra_mean_squared_severity.angle_degrees,30,0.02215245628620075,0.0011109164866502192,0.0,0.03333333333333333,0.008764649542055025,0.03903872568388937
truth90_validation,T1,Linear,Phys_v2_common_heavy.extra_mean_squared_severity.bond_relative,30,-0.165354027975505,-0.02028603478350026,1.0,0.0,-0.267531958849552,-0.07010553814744662
truth90_validation,T1,NeuralMD,Phys_v2_common_heavy.extra_mean_squared_severity.bond_relative,30,1.772697860729086e-06,2.0183088832247237e-08,0.26666666666666666,0.06666666666666667,-3.8503014429565655e-06,8.068650307436833e-06
truth90_validation,T1,Linear,Phys_v2_common_heavy.extra_mean_squared_severity.environment_compression,30,-0.0027608913294809466,-1.3488504441760819e-05,0.5666666666666667,0.26666666666666666,-0.0057866581619800735,-0.0005093932434780904
truth90_validation,T1,NeuralMD,Phys_v2_common_heavy.extra_mean_squared_severity.environment_compression,30,0.00019920719396120532,0.0,0.0,0.7666666666666667,3.49562779382307e-05,0.00045692966779385533
truth90_validation,T1,Linear,Phys_v2_common_heavy.extra_mean_squared_severity.self_compression,30,-7.637167613165533e-06,0.0,0.1,0.8666666666666667,-2.200794209417362e-05,2.6001240971283467e-07
truth90_validation,T1,NeuralMD,Phys_v2_common_heavy.extra_mean_squared_severity.self_compression,30,2.799451297326642e-07,0.0,0.0,0.9666666666666667,0.0,8.398353891979926e-07
truth90_validation,T1,Linear,Phys_v2_common_heavy.families.angle_degrees.anomaly_frame_fraction,30,-0.643333333333333,-0.6,1.0,0.0,-0.7133333333333333,-0.57
truth90_validation,T1,NeuralMD,Phys_v2_common_heavy.families.angle_degrees.anomaly_frame_fraction,30,0.0,0.0,0.0,1.0,0.0,0.0
truth90_validation,T1,Linear,Phys_v2_common_heavy.families.angle_degrees.constraint_anomaly_fraction,30,-0.0977061848623295,-0.0846590909090909,1.0,0.0,-0.11972822310905562,-0.07694444593457103
truth90_validation,T1,NeuralMD,Phys_v2_common_heavy.families.angle_degrees.constraint_anomaly_fraction,30,0.0,0.0,0.0,1.0,0.0,0.0
truth90_validation,T1,Linear,Phys_v2_common_heavy.families.angle_degrees.constraint_distribution.all.count,30,0.0,0.0,0.0,1.0,0.0,0.0
truth90_validation,T1,NeuralMD,Phys_v2_common_heavy.families.angle_degrees.constraint_distribution.all.count,30,0.0,0.0,0.0,1.0,0.0,0.0
truth90_validation,T1,Linear,Phys_v2_common_heavy.families.angle_degrees.constraint_distribution.all.maximum,30,-29.173584288239056,-21.79785233946677,1.0,0.0,-35.39230217530501,-23.1204809728725
truth90_validation,T1,NeuralMD,Phys_v2_common_heavy.families.angle_degrees.constraint_distribution.all.maximum,30,1.1331976713055192,0.3873920500579046,0.0,0.03333333333333333,0.6162048545599297,1.713566274114748
truth90_validation,T1,Linear,Phys_v2_common_heavy.families.angle_degrees.constraint_distribution.all.mean,30,-2.0598064586116487,-1.6198285146729228,1.0,0.0,-2.5848001281540003,-1.5793644427504319
truth90_validation,T1,NeuralMD,Phys_v2_common_heavy.families.angle_degrees.constraint_distribution.all.mean,30,0.01740180822035853,0.004798714328893889,0.0,0.03333333333333333,0.010063744246031342,0.025737180067457836
truth90_validation,T1,Linear,Phys_v2_common_heavy.families.angle_degrees.constraint_distribution.all.p50,30,0.0,0.0,0.0,1.0,0.0,0.0
truth90_validation,T1,NeuralMD,Phys_v2_common_heavy.families.angle_degrees.constraint_distribution.all.p50,30,0.0,0.0,0.0,1.0,0.0,0.0
truth90_validation,T1,Linear,Phys_v2_common_heavy.families.angle_degrees.constraint_distribution.all.p90,30,-7.217552445724452,-5.64271491884185,1.0,0.0,-9.004003294395629,-5.555040052316477
truth90_validation,T1,NeuralMD,Phys_v2_common_heavy.families.angle_degrees.constraint_distribution.all.p90,30,0.014080634748616044,0.0,0.0,0.8,0.0014143208803138966,0.03101564053009055
truth90_validation,T1,Linear,Phys_v2_common_heavy.families.angle_degrees.constraint_distribution.all.p95,30,-12.499034328133162,-9.994383401770564,1.0,0.0,-15.274062022017212,-9.93102337749351
truth90_validation,T1,NeuralMD,Phys_v2_common_heavy.families.angle_degrees.constraint_distribution.all.p95,30,0.07861298072702333,0.0024294692836291697,0.0,0.43333333333333335,0.039943756593719314,0.12426143441659052
truth90_validation,T1,Linear,Phys_v2_common_heavy.families.angle_degrees.constraint_distribution.all.p99,30,-22.501615903664643,-14.858145563330083,1.0,0.0,-27.742911184356938,-17.804869471368388
truth90_validation,T1,NeuralMD,Phys_v2_common_heavy.families.angle_degrees.constraint_distribution.all.p99,30,0.3502139715020512,0.14853826218713492,0.0,0.13333333333333333,0.20268933179160134,0.5072374439554028
truth90_validation,T1,Linear,Phys_v2_common_heavy.families.angle_degrees.constraint_distribution.positive.count,30,-87.1,-54.5,1.0,0.0,-127.08,-55.49833333333334
truth90_validation,T1,NeuralMD,Phys_v2_common_heavy.families.angle_degrees.constraint_distribution.positive.count,30,31.566666666666666,15.0,0.0,0.03333333333333333,15.365833333333335,53.766666666666666
truth90_validation,T1,Linear,Phys_v2_common_heavy.families.angle_degrees.constraint_distribution.positive.maximum,29,-29.288882170040967,-21.291483823192713,1.0,0.0,-35.83819172893256,-23.24426711869966
truth90_validation,T1,Linear,Phys_v2_common_heavy.families.angle_degrees.constraint_distribution.positive.mean,29,-6.795155846092434,-5.990595472797376,1.0,0.0,-7.703498826381739,-5.885463140229734
truth90_validation,T1,Linear,Phys_v2_common_heavy.families.angle_degrees.constraint_distribution.positive.p50,29,-4.759587528900882,-4.187128629289129,1.0,0.0,-5.379282653167849,-4.2367852694439705
truth90_validation,T1,Linear,Phys_v2_common_heavy.families.angle_degrees.constraint_distribution.positive.p90,29,-15.917825494557958,-12.820366423085828,1.0,0.0,-18.874645644528528,-13.260441532236959
truth90_validation,T1,Linear,Phys_v2_common_heavy.families.angle_degrees.constraint_distribution.positive.p95,29,-20.14076806445602,-14.166708877776863,1.0,0.0,-24.16379160539424,-16.26041473135823
truth90_validation,T1,Linear,Phys_v2_common_heavy.families.angle_degrees.constraint_distribution.positive.p99,29,-26.730326742685467,-19.66057525658252,1.0,0.0,-32.55664522459554,-21.376264811202564
truth90_validation,T1,Linear,Phys_v2_common_heavy.families.angle_degrees.finite_mean_squared_severity,30,-37.42425909552777,-18.08794835947524,1.0,0.0,-52.89635507626104,-23.483065029740132
truth90_validation,T1,NeuralMD,Phys_v2_common_heavy.families.angle_degrees.finite_mean_squared_severity,30,0.02215245628620075,0.0011109164866502188,0.0,0.03333333333333333,0.008155566090433318,0.03906845739966816
truth90_validation,T1,Linear,Phys_v2_common_heavy.families.angle_degrees.frame_maximum_distribution.all.count,30,0.0,0.0,0.0,1.0,0.0,0.0
truth90_validation,T1,NeuralMD,Phys_v2_common_heavy.families.angle_degrees.frame_maximum_distribution.all.count,30,0.0,0.0,0.0,1.0,0.0,0.0
truth90_validation,T1,Linear,Phys_v2_common_heavy.families.angle_degrees.frame_maximum_distribution.all.maximum,30,-29.173584288239056,-21.79785233946677,1.0,0.0,-36.00150770164823,-23.36164284698277
truth90_validation,T1,NeuralMD,Phys_v2_common_heavy.families.angle_degrees.frame_maximum_distribution.all.maximum,30,1.1331976713055192,0.3873920500579046,0.0,0.03333333333333333,0.6485120192876165,1.6789819121728067
truth90_validation,T1,Linear,Phys_v2_common_heavy.families.angle_degrees.frame_maximum_distribution.all.mean,30,-16.592717929253986,-10.051686664360428,1.0,0.0,-21.53471917553772,-12.192559630647757
truth90_validation,T1,NeuralMD,Phys_v2_common_heavy.families.angle_degrees.frame_maximum_distribution.all.mean,30,0.388380236328573,0.10396836803771445,0.0,0.03333333333333333,0.18945263466468287,0.6009748641689392
truth90_validation,T1,Linear,Phys_v2_common_heavy.families.angle_degrees.frame_maximum_distribution.all.p50,30,-17.537369143697266,-10.55607199039634,1.0,0.0,-23.313429583875347,-12.645320884680153
truth90_validation,T1,NeuralMD,Phys_v2_common_heavy.families.angle_degrees.frame_maximum_distribution.all.p50,30,0.25835521526944205,0.04798886391101465,0.0,0.3333333333333333,0.10155824740442691,0.44705726220486014
truth90_validation,T1,Linear,Phys_v2_common_heavy.families.angle_degrees.frame_maximum_distribution.all.p90,30,-27.382177557978192,-20.012385196767536,1.0,0.0,-34.022809396709,-21.67474972625467
truth90_validation,T1,NeuralMD,Phys_v2_common_heavy.families.angle_degrees.frame_maximum_distribution.all.p90,30,0.7747624871859123,0.20367845604801954,0.0,0.03333333333333333,0.39124286628029065,1.2195270418025184
truth90_validation,T1,Linear,Phys_v2_common_heavy.families.angle_degrees.frame_maximum_distribution.all.p95,30,-28.277880923108626,-20.905118768117152,1.0,0.0,-34.662739234243965,-22.46292133724244
truth90_validation,T1,NeuralMD,Phys_v2_common_heavy.families.angle_degrees.frame_maximum_distribution.all.p95,30,0.9539800792457153,0.2809630473882821,0.0,0.03333333333333333,0.5047411848297308,1.4611049345217721
truth90_validation,T1,Linear,Phys_v2_common_heavy.families.angle_degrees.frame_maximum_distribution.all.p99,30,-28.994443615212976,-21.619305625196848,1.0,0.0,-35.42914448345352,-23.176658293264598
truth90_validation,T1,NeuralMD,Phys_v2_common_heavy.families.angle_degrees.frame_maximum_distribution.all.p99,30,1.0973541528935584,0.3661062495239802,0.0,0.03333333333333333,0.6144206838337449,1.6481097772912525
truth90_validation,T1,Linear,Phys_v2_common_heavy.families.angle_degrees.frame_maximum_distribution.positive.count,30,-2.466666666666667,-2.0,0.6,0.26666666666666666,-3.533333333333333,-1.4666666666666666
truth90_validation,T1,NeuralMD,Phys_v2_common_heavy.families.angle_degrees.frame_maximum_distribution.positive.count,30,6.166666666666667,6.0,0.0,0.03333333333333333,5.0,7.333333333333333
truth90_validation,T1,Linear,Phys_v2_common_heavy.families.angle_degrees.frame_maximum_distribution.positive.maximum,29,-29.288882170040967,-21.291483823192713,1.0,0.0,-35.75939427798758,-23.43123632287162
truth90_validation,T1,Linear,Phys_v2_common_heavy.families.angle_degrees.frame_maximum_distribution.positive.mean,29,-18.077796432407307,-11.816657949937248,1.0,0.0,-22.666125769762765,-13.883300144884455
truth90_validation,T1,Linear,Phys_v2_common_heavy.families.angle_degrees.frame_maximum_distribution.positive.p50,29,-19.43848170916121,-12.452074012729287,1.0,0.0,-25.002665508331155,-14.273054119215281
truth90_validation,T1,Linear,Phys_v2_common_heavy.families.angle_degrees.frame_maximum_distribution.positive.p90,29,-27.736904363309982,-19.980938880612683,1.0,0.0,-34.38346820716169,-21.945029397866833
truth90_validation,T1,Linear,Phys_v2_common_heavy.families.angle_degrees.frame_maximum_distribution.positive.p95,29,-28.512893266675476,-20.6362113519027,1.0,0.0,-35.14065332105265,-22.568281832721166
truth90_validation,T1,Linear,Phys_v2_common_heavy.families.angle_degrees.frame_maximum_distribution.positive.p99,29,-29.133684389367865,-21.160429328934708,1.0,0.0,-35.904413894220475,-23.318029469005477
truth90_validation,T1,Linear,Phys_v2_common_heavy.families.angle_degrees.threshold,30,0.0,0.0,0.0,1.0,0.0,0.0
truth90_validation,T1,NeuralMD,Phys_v2_common_heavy.families.angle_degrees.threshold,30,0.0,0.0,0.0,1.0,0.0,0.0
truth90_validation,T1,Linear,Phys_v2_common_heavy.families.bond_relative.anomaly_frame_fraction,30,-0.8466666666666668,-0.9,1.0,0.0,-0.8933333333333333,-0.7933333333333334
truth90_validation,T1,NeuralMD,Phys_v2_common_heavy.families.bond_relative.anomaly_frame_fraction,30,-0.020000000000000004,0.0,0.1,0.8666666666666667,-0.06666666666666667,0.019999999999999997
truth90_validation,T1,Linear,Phys_v2_common_heavy.families.bond_relative.constraint_anomaly_fraction,30,-0.36550620312626203,-0.3338235294117647,1.0,0.0,-0.42178534491757724,-0.30784113296402216
truth90_validation,T1,NeuralMD,Phys_v2_common_heavy.families.bond_relative.constraint_anomaly_fraction,30,-0.0002803065670712729,0.0,0.1,0.8666666666666667,-0.0013649626517273576,0.0007638888888888889
truth90_validation,T1,Linear,Phys_v2_common_heavy.families.bond_relative.constraint_distribution.all.count,30,0.0,0.0,0.0,1.0,0.0,0.0
truth90_validation,T1,NeuralMD,Phys_v2_common_heavy.families.bond_relative.constraint_distribution.all.count,30,0.0,0.0,0.0,1.0,0.0,0.0
truth90_validation,T1,Linear,Phys_v2_common_heavy.families.bond_relative.constraint_distribution.all.maximum,30,-1.5749607780031527,-0.5774381636927937,1.0,0.0,-2.1983574186018946,-1.02720170502519
truth90_validation,T1,NeuralMD,Phys_v2_common_heavy.families.bond_relative.constraint_distribution.all.maximum,30,-0.0006808349555329587,0.0010448005119734858,0.3333333333333333,0.06666666666666667,-0.009283741013639768,0.008329640823330329
truth90_validation,T1,Linear,Phys_v2_common_heavy.families.bond_relative.constraint_distribution.all.mean,30,-0.12840744324100414,-0.07903348866431915,1.0,0.0,-0.18223319106467895,-0.08180363126521187
truth90_validation,T1,NeuralMD,Phys_v2_common_heavy.families.bond_relative.constraint_distribution.all.mean,30,0.0002465871076083889,4.72618013046844e-05,0.13333333333333333,0.06666666666666667,7.863471500820072e-05,0.000454560758612761
truth90_validation,T1,Linear,Phys_v2_common_heavy.families.bond_relative.constraint_distribution.all.p50,30,-0.02445565503785844,-0.001991092811672793,0.5,0.5,-0.03909800312100441,-0.011366695572512695
truth90_validation,T1,NeuralMD,Phys_v2_common_heavy.families.bond_relative.constraint_distribution.all.p50,30,0.0,0.0,0.0,1.0,0.0,0.0
truth90_validation,T1,Linear,Phys_v2_common_heavy.families.bond_relative.constraint_distribution.all.p90,30,-0.3711873353423656,-0.20207583896591938,1.0,0.0,-0.5385594610471879,-0.2348325010261464
truth90_validation,T1,NeuralMD,Phys_v2_common_heavy.families.bond_relative.constraint_distribution.all.p90,30,0.0009451016576999694,0.0,0.0,0.5666666666666667,0.00034437976808590127,0.0017033575855214718
truth90_validation,T1,Linear,Phys_v2_common_heavy.families.bond_relative.constraint_distribution.all.p95,30,-0.6346239099964964,-0.29381089418183826,1.0,0.0,-0.9019872174122547,-0.38954635912944074
truth90_validation,T1,NeuralMD,Phys_v2_common_heavy.families.bond_relative.constraint_distribution.all.p95,30,0.0018394161502181315,0.00025791504238240536,0.0,0.3333333333333333,0.0007782315444843294,0.0033030411212106514
truth90_validation,T1,Linear,Phys_v2_common_heavy.families.bond_relative.constraint_distribution.all.p99,30,-1.2063339243251625,-0.4833527494314934,1.0,0.0,-1.6485047253752314,-0.7830311618958269
truth90_validation,T1,NeuralMD,Phys_v2_common_heavy.families.bond_relative.constraint_distribution.all.p99,30,0.0018966866904382915,0.0008209095411201159,0.2,0.06666666666666667,-0.0010430077809877784,0.005338702235607772
truth90_validation,T1,Linear,Phys_v2_common_heavy.families.bond_relative.constraint_distribution.positive.count,30,-115.0,-69.5,1.0,0.0,-157.51083333333332,-76.12666666666671
truth90_validation,T1,NeuralMD,Phys_v2_common_heavy.families.bond_relative.constraint_distribution.positive.count,30,43.833333333333336,17.0,0.03333333333333333,0.1,19.83,78.20249999999999
truth90_validation,T1,Linear,Phys_v2_common_heavy.families.bond_relative.constraint_distribution.positive.maximum,27,-1.7169846677334903,-0.6425580248049267,1.0,0.0,-2.3500637535613866,-1.1265903310915404
truth90_validation,T1,NeuralMD,Phys_v2_common_heavy.families.bond_relative.constraint_distribution.positive.maximum,12,-0.010928426915600238,-0.0036019711953319397,0.75,0.0,-0.027148807968758133,0.0021952445286796936
truth90_validation,T1,Linear,Phys_v2_common_heavy.families.bond_relative.constraint_distribution.positive.mean,27,-0.22746167347630256,-0.1469842858800316,1.0,0.0,-0.30138261838541297,-0.16257722933780033
truth90_validation,T1,NeuralMD,Phys_v2_common_heavy.families.bond_relative.constraint_distribution.positive.mean,12,-0.008184022077925755,-0.003811407525369135,0.9166666666666666,0.0,-0.014192493458096653,-0.003187356378517525
truth90_validation,T1,Linear,Phys_v2_common_heavy.families.bond_relative.constraint_distribution.positive.p50,27,-0.10457197026214526,-0.07424889958671561,1.0,0.0,-0.13467116076315908,-0.0791766595514416
truth90_validation,T1,NeuralMD,Phys_v2_common_heavy.families.bond_relative.constraint_distribution.positive.p50,12,-0.008009426830230358,-0.004025494291092262,1.0,0.0,-0.013548105456333807,-0.0035937048396637106
truth90_validation,T1,Linear,Phys_v2_common_heavy.families.bond_relative.constraint_distribution.positive.p90,27,-0.6158178009197149,-0.3219907741545473,1.0,0.0,-0.8303243922604618,-0.4120390248813571
truth90_validation,T1,NeuralMD,Phys_v2_common_heavy.families.bond_relative.constraint_distribution.positive.p90,12,-0.014509800587560349,-0.005748445707249677,0.9166666666666666,0.0,-0.02807280990603633,-0.0035108111824604304
truth90_validation,T1,Linear,Phys_v2_common_heavy.families.bond_relative.constraint_distribution.positive.p95,27,-0.8977964060023288,-0.442183655695142,1.0,0.0,-1.2433474763710655,-0.6021442770713327
truth90_validation,T1,NeuralMD,Phys_v2_common_heavy.families.bond_relative.constraint_distribution.positive.p95,12,-0.014205637077545996,-0.005116702840210399,0.8333333333333334,0.0,-0.029281280210891006,-0.001985684288236854
truth90_validation,T1,Linear,Phys_v2_common_heavy.families.bond_relative.constraint_distribution.positive.p99,27,-1.4486733968862677,-0.5778422211547039,1.0,0.0,-2.0119506742917523,-0.9766712970667929
truth90_validation,T1,NeuralMD,Phys_v2_common_heavy.families.bond_relative.constraint_distribution.positive.p99,12,-0.012455732304459543,-0.003683472258520151,0.75,0.0,-0.028927393253843865,0.0003877945585552635
truth90_validation,T1,Linear,Phys_v2_common_heavy.families.bond_relative.finite_mean_squared_severity,30,-0.165354027975505,-0.020286034783500263,1.0,0.0,-0.27508450611684565,-0.07732583877400516
truth90_validation,T1,NeuralMD,Phys_v2_common_heavy.families.bond_relative.finite_mean_squared_severity,30,1.7726978607290864e-06,2.0183088832247237e-08,0.26666666666666666,0.06666666666666667,-3.7550651401916065e-06,7.975820461371364e-06
truth90_validation,T1,Linear,Phys_v2_common_heavy.families.bond_relative.frame_maximum_distribution.all.count,30,0.0,0.0,0.0,1.0,0.0,0.0
truth90_validation,T1,NeuralMD,Phys_v2_common_heavy.families.bond_relative.frame_maximum_distribution.all.count,30,0.0,0.0,0.0,1.0,0.0,0.0
truth90_validation,T1,Linear,Phys_v2_common_heavy.families.bond_relative.frame_maximum_distribution.all.maximum,30,-1.5749607780031527,-0.5774381636927937,1.0,0.0,-2.1977426766268393,-1.0222762067967397
truth90_validation,T1,NeuralMD,Phys_v2_common_heavy.families.bond_relative.frame_maximum_distribution.all.maximum,30,-0.0006808349555329587,0.0010448005119734858,0.3333333333333333,0.06666666666666667,-0.00924608773462474,0.0083413611332189
truth90_validation,T1,Linear,Phys_v2_common_heavy.families.bond_relative.frame_maximum_distribution.all.mean,30,-0.8058629401423204,-0.2564918876341986,1.0,0.0,-1.1266793667063708,-0.5033588536970341
truth90_validation,T1,NeuralMD,Phys_v2_common_heavy.families.bond_relative.frame_maximum_distribution.all.mean,30,0.0007934837381036411,0.00029973357334500645,0.2,0.06666666666666667,-0.001832537154258128,0.0033731447104336227
truth90_validation,T1,Linear,Phys_v2_common_heavy.families.bond_relative.frame_maximum_distribution.all.p50,30,-0.7867413124852366,-0.2354289031594873,1.0,0.0,-1.12369395085235,-0.4880479163473975
truth90_validation,T1,NeuralMD,Phys_v2_common_heavy.families.bond_relative.frame_maximum_distribution.all.p50,30,0.0011587834360175394,0.00028731483715947054,0.06666666666666667,0.3333333333333333,-0.0010393209649525394,0.003500051369571821
truth90_validation,T1,Linear,Phys_v2_common_heavy.families.bond_relative.frame_maximum_distribution.all.p90,30,-1.4143833894254507,-0.5042452894430719,1.0,0.0,-1.9675717819846879,-0.9135221497592255
truth90_validation,T1,NeuralMD,Phys_v2_common_heavy.families.bond_relative.frame_maximum_distribution.all.p90,30,-0.0006444587874231336,0.0007965404606639028,0.3,0.06666666666666667,-0.008043099563171115,0.006616810876472787
truth90_validation,T1,Linear,Phys_v2_common_heavy.families.bond_relative.frame_maximum_distribution.all.p95,30,-1.4946720837143017,-0.5408417265679326,1.0,0.0,-2.056779812865296,-0.9683763684989842
truth90_validation,T1,NeuralMD,Phys_v2_common_heavy.families.bond_relative.frame_maximum_distribution.all.p95,30,-0.0006626468714780468,0.0009558441108157641,0.3333333333333333,0.06666666666666667,-0.008442211475551478,0.0076617526668152965
truth90_validation,T1,Linear,Phys_v2_common_heavy.families.bond_relative.frame_maximum_distribution.all.p99,30,-1.558903039145383,-0.5701188762678215,1.0,0.0,-2.1636665383876386,-0.9750106397498215
truth90_validation,T1,NeuralMD,Phys_v2_common_heavy.families.bond_relative.frame_maximum_distribution.all.p99,30,-0.0006771973387219766,0.0009960340903766211,0.3333333333333333,0.06666666666666667,-0.00945865299024357,0.007842420814860678
truth90_validation,T1,Linear,Phys_v2_common_heavy.families.bond_relative.frame_maximum_distribution.positive.count,30,-2.966666666666667,-2.0,0.7,0.23333333333333334,-4.100833333333333,-1.9
truth90_validation,T1,NeuralMD,Phys_v2_common_heavy.families.bond_relative.frame_maximum_distribution.positive.count,30,4.8,5.0,0.06666666666666667,0.13333333333333333,3.5,6.1
truth90_validation,T1,Linear,Phys_v2_common_heavy.families.bond_relative.frame_maximum_distribution.positive.maximum,27,-1.7169846677334903,-0.6425580248049267,1.0,0.0,-2.3557870735850215,-1.099829253200226
truth90_validation,T1,NeuralMD,Phys_v2_common_heavy.families.bond_relative.frame_maximum_distribution.positive.maximum,12,-0.010928426915600238,-0.0036019711953319397,0.75,0.0,-0.02785278240055706,0.0030198979671908315
truth90_validation,T1,Linear,Phys_v2_common_heavy.families.bond_relative.frame_maximum_distribution.positive.mean,27,-0.8926560192984053,-0.317867835057964,1.0,0.0,-1.2341549802084757,-0.5769048629662643
truth90_validation,T1,NeuralMD,Phys_v2_common_heavy.families.bond_relative.frame_maximum_distribution.positive.mean,12,-0.006351287092363372,-0.0031120966903810015,0.9166666666666666,0.0,-0.013383524676961574,-0.00019884389272768776
truth90_validation,T1,Linear,Phys_v2_common_heavy.families.bond_relative.frame_maximum_distribution.positive.p50,27,-0.8769575488365513,-0.29169874992022976,1.0,0.0,-1.2321671585666096,-0.5547360937489267
truth90_validation,T1,NeuralMD,Phys_v2_common_heavy.families.bond_relative.frame_maximum_distribution.positive.p50,12,-0.0068545405811272645,-0.003695792301965003,0.9166666666666666,0.0,-0.013740744132633964,-0.0011007193019126314
truth90_validation,T1,Linear,Phys_v2_common_heavy.families.bond_relative.frame_maximum_distribution.positive.p90,27,-1.5465657822593526,-0.5739311353903868,1.0,0.0,-2.14286692527585,-0.9517423863506577
truth90_validation,T1,NeuralMD,Phys_v2_common_heavy.families.bond_relative.frame_maximum_distribution.positive.p90,12,-0.011467875799084907,-0.005411891790912552,0.8333333333333334,0.0,-0.026008084479518762,6.341818487836793e-05
truth90_validation,T1,Linear,Phys_v2_common_heavy.families.bond_relative.frame_maximum_distribution.positive.p95,27,-1.6317752249964212,-0.6082445800976567,1.0,0.0,-2.2618952412907327,-1.0447438078528073
truth90_validation,T1,NeuralMD,Phys_v2_common_heavy.families.bond_relative.frame_maximum_distribution.positive.p95,12,-0.011198151357342576,-0.004506931493122248,0.8333333333333334,0.0,-0.026523184390237646,0.0012985592756653542
truth90_validation,T1,Linear,Phys_v2_common_heavy.families.bond_relative.frame_maximum_distribution.positive.p99,27,-1.6999427791860768,-0.6356953358634728,1.0,0.0,-2.32028521699274,-1.130894266258052
truth90_validation,T1,NeuralMD,Phys_v2_common_heavy.families.bond_relative.frame_maximum_distribution.positive.p99,12,-0.010982371803948706,-0.00378296325489,0.75,0.0,-0.02625265674377112,0.0030280361484300152
truth90_validation,T1,Linear,Phys_v2_common_heavy.families.bond_relative.threshold,30,0.0,0.0,0.0,1.0,0.0,0.0
truth90_validation,T1,NeuralMD,Phys_v2_common_heavy.families.bond_relative.threshold,30,0.0,0.0,0.0,1.0,0.0,0.0
truth90_validation,T1,Linear,Phys_v2_common_heavy.families.environment_compression.anomaly_frame_fraction,30,-0.19,-0.1,0.5666666666666667,0.3333333333333333,-0.27666666666666667,-0.10333333333333333
truth90_validation,T1,NeuralMD,Phys_v2_common_heavy.families.environment_compression.anomaly_frame_fraction,30,0.04666666666666667,0.0,0.0,0.7666666666666667,0.016666666666666666,0.08333333333333333
truth90_validation,T1,Linear,Phys_v2_common_heavy.families.environment_compression.constraint_anomaly_fraction,30,-7.1119016936174275e-06,-2.0005446885921117e-06,0.5333333333333333,0.3,-1.2054094978237969e-05,-2.6457672313404267e-06
truth90_validation,T1,NeuralMD,Phys_v2_common_heavy.families.environment_compression.constraint_anomaly_fraction,30,1.6603618174968362e-06,0.0,0.0,0.7666666666666667,4.774666949861432e-07,3.1980183621961314e-06
truth90_validation,T1,Linear,Phys_v2_common_heavy.families.environment_compression.constraint_distribution.all.count,30,0.0,0.0,0.0,1.0,0.0,0.0
truth90_validation,T1,NeuralMD,Phys_v2_common_heavy.families.environment_compression.constraint_distribution.all.count,30,0.0,0.0,0.0,1.0,0.0,0.0
truth90_validation,T1,Linear,Phys_v2_common_heavy.families.environment_compression.constraint_distribution.all.maximum,30,-0.16951372754632635,-0.045113417560434424,0.5666666666666667,0.26666666666666666,-0.2880280666407786,-0.056691063418410695
truth90_validation,T1,NeuralMD,Phys_v2_common_heavy.families.environment_compression.constraint_distribution.all.maximum,30,0.08325194394444027,0.0,0.0,0.7666666666666667,0.02627427716918752,0.15487173969050388
truth90_validation,T1,Linear,Phys_v2_common_heavy.families.environment_compression.constraint_distribution.all.mean,30,-1.5672602523199786e-06,-9.983712124171712e-08,0.5666666666666667,0.26666666666666666,-2.768886342699525e-06,-5.409644733281013e-07
truth90_validation,T1,NeuralMD,Phys_v2_common_heavy.families.environment_compression.constraint_distribution.all.mean,30,3.31855097285718e-07,0.0,0.0,0.7666666666666667,6.56541117810061e-08,6.93906219752928e-07
truth90_validation,T1,Linear,Phys_v2_common_heavy.families.environment_compression.constraint_distribution.all.p50,30,0.0,0.0,0.0,1.0,0.0,0.0
truth90_validation,T1,NeuralMD,Phys_v2_common_heavy.families.environment_compression.constraint_distribution.all.p50,30,0.0,0.0,0.0,1.0,0.0,0.0
truth90_validation,T1,Linear,Phys_v2_common_heavy.families.environment_compression.constraint_distribution.all.p90,30,0.0,0.0,0.0,1.0,0.0,0.0
truth90_validation,T1,NeuralMD,Phys_v2_common_heavy.families.environment_compression.constraint_distribution.all.p90,30,0.0,0.0,0.0,1.0,0.0,0.0
truth90_validation,T1,Linear,Phys_v2_common_heavy.families.environment_compression.constraint_distribution.all.p95,30,0.0,0.0,0.0,1.0,0.0,0.0
truth90_validation,T1,NeuralMD,Phys_v2_common_heavy.families.environment_compression.constraint_distribution.all.p95,30,0.0,0.0,0.0,1.0,0.0,0.0
truth90_validation,T1,Linear,Phys_v2_common_heavy.families.environment_compression.constraint_distribution.all.p99,30,0.0,0.0,0.0,1.0,0.0,0.0
truth90_validation,T1,NeuralMD,Phys_v2_common_heavy.families.environment_compression.constraint_distribution.all.p99,30,0.0,0.0,0.0,1.0,0.0,0.0
truth90_validation,T1,Linear,Phys_v2_common_heavy.families.environment_compression.constraint_distribution.positive.count,30,-4.066666666666666,-1.0,0.5333333333333333,0.3,-8.6,-0.032500000000004546
truth90_validation,T1,NeuralMD,Phys_v2_common_heavy.families.environment_compression.constraint_distribution.positive.count,30,2.1666666666666665,0.0,0.0,0.7666666666666667,0.4,5.134166666666663
truth90_validation,T1,Linear,Phys_v2_common_heavy.families.environment_compression.constraint_distribution.positive.maximum,5,0.07758877256980537,0.1664579112274012,0.4,0.0,-0.1210073566027611,0.26779157041471235
truth90_validation,T1,Linear,Phys_v2_common_heavy.families.environment_compression.constraint_distribution.positive.mean,5,-0.000886285898087491,0.022733571655790652,0.4,0.0,-0.0637742052398578,0.052063297859500465
truth90_validation,T1,Linear,Phys_v2_common_heavy.families.environment_compression.constraint_distribution.positive.p50,5,-0.0025832674715850546,0.009615500320185044,0.4,0.0,-0.06043689933678302,0.05229028910047011
truth90_validation,T1,Linear,Phys_v2_common_heavy.families.environment_compression.constraint_distribution.positive.p90,5,0.053794284626056454,0.16464323311422685,0.4,0.0,-0.1175713589984638,0.2082600364035388
truth90_validation,T1,Linear,Phys_v2_common_heavy.families.environment_compression.constraint_distribution.positive.p95,5,0.07301871505848635,0.165550572170814,0.4,0.0,-0.11741963212131408,0.2477218058377218
truth90_validation,T1,Linear,Phys_v2_common_heavy.families.environment_compression.constraint_distribution.positive.p99,5,0.07707885203233761,0.16627644341608375,0.4,0.0,-0.11079604896270237,0.2647103232134348
truth90_validation,T1,Linear,Phys_v2_common_heavy.families.environment_compression.finite_mean_squared_severity,30,-0.0027608913294809466,-1.3488504441760819e-05,0.5666666666666667,0.26666666666666666,-0.005817176439497892,-0.0005726354882986208
truth90_validation,T1,NeuralMD,Phys_v2_common_heavy.families.environment_compression.finite_mean_squared_severity,30,0.00019920719396120532,0.0,0.0,0.7666666666666667,3.655559763888225e-05,0.0004804225398780998
truth90_validation,T1,Linear,Phys_v2_common_heavy.families.environment_compression.frame_maximum_distribution.all.count,30,0.0,0.0,0.0,1.0,0.0,0.0
truth90_validation,T1,NeuralMD,Phys_v2_common_heavy.families.environment_compression.frame_maximum_distribution.all.count,30,0.0,0.0,0.0,1.0,0.0,0.0
truth90_validation,T1,Linear,Phys_v2_common_heavy.families.environment_compression.frame_maximum_distribution.all.maximum,30,-0.16951372754632635,-0.045113417560434424,0.5666666666666667,0.26666666666666666,-0.2818794503941443,-0.06453463327542806
truth90_validation,T1,NeuralMD,Phys_v2_common_heavy.families.environment_compression.frame_maximum_distribution.all.maximum,30,0.08325194394444027,0.0,0.0,0.7666666666666667,0.02617252567865065,0.15215675006619056
truth90_validation,T1,Linear,Phys_v2_common_heavy.families.environment_compression.frame_maximum_distribution.all.mean,30,-0.05378872836633731,-0.006272213353957433,0.6,0.26666666666666666,-0.09205585827230844,-0.019544298685661057
truth90_validation,T1,NeuralMD,Phys_v2_common_heavy.families.environment_compression.frame_maximum_distribution.all.mean,30,0.0154355466360891,0.0,0.0,0.7666666666666667,0.003461959126215976,0.033064720767881764
truth90_validation,T1,Linear,Phys_v2_common_heavy.families.environment_compression.frame_maximum_distribution.all.p50,30,-0.02433888559762527,0.0,0.2,0.8,-0.05196014039892417,-0.002811264654883655
truth90_validation,T1,NeuralMD,Phys_v2_common_heavy.families.environment_compression.frame_maximum_distribution.all.p50,30,0.0,0.0,0.0,1.0,0.0,0.0
truth90_validation,T1,Linear,Phys_v2_common_heavy.families.environment_compression.frame_maximum_distribution.all.p90,30,-0.14723105259276284,-0.005349712957291766,0.6,0.26666666666666666,-0.24446337409178234,-0.05938337742523449
truth90_validation,T1,NeuralMD,Phys_v2_common_heavy.families.environment_compression.frame_maximum_distribution.all.p90,30,0.04194775909266576,0.0,0.0,0.7666666666666667,0.00657120513604066,0.10043556530059618
truth90_validation,T1,Linear,Phys_v2_common_heavy.families.environment_compression.frame_maximum_distribution.all.p95,30,-0.15837239006954457,-0.024812379658238883,0.5666666666666667,0.26666666666666666,-0.2624110851611424,-0.06303578975657656
truth90_validation,T1,NeuralMD,Phys_v2_common_heavy.families.environment_compression.frame_maximum_distribution.all.p95,30,0.06259985151855298,0.0,0.0,0.7666666666666667,0.01563240190440486,0.12555927491253227
truth90_validation,T1,Linear,Phys_v2_common_heavy.families.environment_compression.frame_maximum_distribution.all.p99,30,-0.16728546005097,-0.04105320997999533,0.5666666666666667,0.26666666666666666,-0.27946982800871173,-0.060467709797076
truth90_validation,T1,NeuralMD,Phys_v2_common_heavy.families.environment_compression.frame_maximum_distribution.all.p99,30,0.07912152545926282,0.0,0.0,0.7666666666666667,0.024110401698289353,0.14772546057080485
truth90_validation,T1,Linear,Phys_v2_common_heavy.families.environment_compression.frame_maximum_distribution.positive.count,30,-1.9,-1.0,0.5666666666666667,0.3333333333333333,-2.8,-1.0666666666666667
truth90_validation,T1,NeuralMD,Phys_v2_common_heavy.families.environment_compression.frame_maximum_distribution.positive.count,30,0.4666666666666667,0.0,0.0,0.7666666666666667,0.16666666666666666,0.8666666666666667
truth90_validation,T1,Linear,Phys_v2_common_heavy.families.environment_compression.frame_maximum_distribution.positive.maximum,5,0.07758877256980537,0.1664579112274012,0.4,0.0,-0.1210073566027611,0.26794722514537295
truth90_validation,T1,Linear,Phys_v2_common_heavy.families.environment_compression.frame_maximum_distribution.positive.mean,5,0.12929863861523128,0.1664579112274012,0.2,0.0,-0.016173049064721355,0.2439881780433791
truth90_validation,T1,Linear,Phys_v2_common_heavy.families.environment_compression.frame_maximum_distribution.positive.p50,5,0.12741407075910263,0.16341177838014886,0.2,0.0,-0.007299269986832114,0.2500589972033701
truth90_validation,T1,Linear,Phys_v2_common_heavy.families.environment_compression.frame_maximum_distribution.positive.p90,5,0.09304729735001013,0.1664579112274012,0.4,0.0,-0.09949250772168979,0.26686861436686515
truth90_validation,T1,Linear,Phys_v2_common_heavy.families.environment_compression.frame_maximum_distribution.positive.p95,5,0.08531803495990775,0.1664579112274012,0.4,0.0,-0.11024993216222545,0.273526012300342
truth90_validation,T1,Linear,Phys_v2_common_heavy.families.environment_compression.frame_maximum_distribution.positive.p99,5,0.07913462504782585,0.1664579112274012,0.4,0.0,-0.10957011397187044,0.2678393640675222
truth90_validation,T1,Linear,Phys_v2_common_heavy.families.environment_compression.threshold,30,0.0,0.0,0.0,1.0,0.0,0.0
truth90_validation,T1,NeuralMD,Phys_v2_common_heavy.families.environment_compression.threshold,30,0.0,0.0,0.0,1.0,0.0,0.0
truth90_validation,T1,Linear,Phys_v2_common_heavy.families.self_compression.anomaly_frame_fraction,30,-0.060000000000000005,0.0,0.13333333333333333,0.8666666666666667,-0.12666666666666665,-0.0033333333333333327
truth90_validation,T1,NeuralMD,Phys_v2_common_heavy.families.self_compression.anomaly_frame_fraction,30,0.013333333333333334,0.0,0.0,0.9666666666666667,0.0,0.04000000000000001
truth90_validation,T1,Linear,Phys_v2_common_heavy.families.self_compression.constraint_anomaly_fraction,30,-9.732962944994407e-05,0.0,0.1,0.8666666666666667,-0.00027278842691358016,6.513407500039374e-07
truth90_validation,T1,NeuralMD,Phys_v2_common_heavy.families.self_compression.constraint_anomaly_fraction,30,3.688428394192402e-06,0.0,0.0,0.9666666666666667,0.0,1.1065285182577204e-05
truth90_validation,T1,Linear,Phys_v2_common_heavy.families.self_compression.constraint_distribution.all.count,30,0.0,0.0,0.0,1.0,0.0,0.0
truth90_validation,T1,NeuralMD,Phys_v2_common_heavy.families.self_compression.constraint_distribution.all.count,30,0.0,0.0,0.0,1.0,0.0,0.0
truth90_validation,T1,Linear,Phys_v2_common_heavy.families.self_compression.constraint_distribution.all.maximum,30,-0.04116283617639759,0.0,0.1,0.8666666666666667,-0.11164513021870762,0.01024429597039426
truth90_validation,T1,NeuralMD,Phys_v2_common_heavy.families.self_compression.constraint_distribution.all.maximum,30,0.017998618263694744,0.0,0.0,0.9666666666666667,0.0,0.05399585479108423
truth90_validation,T1,Linear,Phys_v2_common_heavy.families.self_compression.constraint_distribution.all.mean,30,-2.0949986492221812e-05,0.0,0.1,0.8666666666666667,-6.014474542699998e-05,7.124626625561333e-07
truth90_validation,T1,NeuralMD,Phys_v2_common_heavy.families.self_compression.constraint_distribution.all.mean,30,8.406102233730318e-07,0.0,0.0,0.9666666666666667,0.0,2.5218306701190956e-06
truth90_validation,T1,Linear,Phys_v2_common_heavy.families.self_compression.constraint_distribution.all.p50,30,0.0,0.0,0.0,1.0,0.0,0.0
truth90_validation,T1,NeuralMD,Phys_v2_common_heavy.families.self_compression.constraint_distribution.all.p50,30,0.0,0.0,0.0,1.0,0.0,0.0
truth90_validation,T1,Linear,Phys_v2_common_heavy.families.self_compression.constraint_distribution.all.p90,30,0.0,0.0,0.0,1.0,0.0,0.0
truth90_validation,T1,NeuralMD,Phys_v2_common_heavy.families.self_compression.constraint_distribution.all.p90,30,0.0,0.0,0.0,1.0,0.0,0.0
truth90_validation,T1,Linear,Phys_v2_common_heavy.families.self_compression.constraint_distribution.all.p95,30,0.0,0.0,0.0,1.0,0.0,0.0
truth90_validation,T1,NeuralMD,Phys_v2_common_heavy.families.self_compression.constraint_distribution.all.p95,30,0.0,0.0,0.0,1.0,0.0,0.0
truth90_validation,T1,Linear,Phys_v2_common_heavy.families.self_compression.constraint_distribution.all.p99,30,0.0,0.0,0.0,1.0,0.0,0.0
truth90_validation,T1,NeuralMD,Phys_v2_common_heavy.families.self_compression.constraint_distribution.all.p99,30,0.0,0.0,0.0,1.0,0.0,0.0
truth90_validation,T1,Linear,Phys_v2_common_heavy.families.self_compression.constraint_distribution.positive.count,30,-1.0333333333333334,0.0,0.1,0.8666666666666667,-2.966666666666667,0.13333333333333333
truth90_validation,T1,NeuralMD,Phys_v2_common_heavy.families.self_compression.constraint_distribution.positive.count,30,0.36666666666666664,0.0,0.0,0.9666666666666667,0.0,1.1
truth90_validation,T1,Linear,Phys_v2_common_heavy.families.self_compression.constraint_distribution.positive.maximum,1,0.3073288791118278,0.3073288791118278,0.0,0.0,0.3073288791118278,0.3073288791118278
truth90_validation,T1,Linear,Phys_v2_common_heavy.families.self_compression.constraint_distribution.positive.mean,1,0.17330836243235254,0.17330836243235254,0.0,0.0,0.17330836243235254,0.17330836243235254
truth90_validation,T1,Linear,Phys_v2_common_heavy.families.self_compression.constraint_distribution.positive.p50,1,0.14567104296685007,0.14567104296685007,0.0,0.0,0.14567104296685007,0.14567104296685007
truth90_validation,T1,Linear,Phys_v2_common_heavy.families.self_compression.constraint_distribution.positive.p90,1,0.3448695266174582,0.3448695266174582,0.0,0.0,0.3448695266174582,0.3448695266174582
truth90_validation,T1,Linear,Phys_v2_common_heavy.families.self_compression.constraint_distribution.positive.p95,1,0.3260992028646431,0.3260992028646431,0.0,0.0,0.3260992028646431,0.3260992028646431
truth90_validation,T1,Linear,Phys_v2_common_heavy.families.self_compression.constraint_distribution.positive.p99,1,0.311082943862391,0.311082943862391,0.0,0.0,0.311082943862391,0.311082943862391
truth90_validation,T1,Linear,Phys_v2_common_heavy.families.self_compression.finite_mean_squared_severity,30,-7.637167613165533e-06,0.0,0.1,0.8666666666666667,-2.2828133150788842e-05,2.6001240971283467e-07
truth90_validation,T1,NeuralMD,Phys_v2_common_heavy.families.self_compression.finite_mean_squared_severity,30,2.799451297326642e-07,0.0,0.0,0.9666666666666667,0.0,8.398353891979926e-07
truth90_validation,T1,Linear,Phys_v2_common_heavy.families.self_compression.frame_maximum_distribution.all.count,30,0.0,0.0,0.0,1.0,0.0,0.0
truth90_validation,T1,NeuralMD,Phys_v2_common_heavy.families.self_compression.frame_maximum_distribution.all.count,30,0.0,0.0,0.0,1.0,0.0,0.0
truth90_validation,T1,Linear,Phys_v2_common_heavy.families.self_compression.frame_maximum_distribution.all.maximum,30,-0.04116283617639759,0.0,0.1,0.8666666666666667,-0.10837562388320132,0.01024429597039426
truth90_validation,T1,NeuralMD,Phys_v2_common_heavy.families.self_compression.frame_maximum_distribution.all.maximum,30,0.017998618263694744,0.0,0.0,0.9666666666666667,0.0,0.05399585479108423
truth90_validation,T1,Linear,Phys_v2_common_heavy.families.self_compression.frame_maximum_distribution.all.mean,30,-0.014914360254086153,0.0,0.1,0.8666666666666667,-0.03921404091637395,0.0018833584677047338
truth90_validation,T1,NeuralMD,Phys_v2_common_heavy.families.self_compression.frame_maximum_distribution.all.mean,30,0.003088770775310269,0.0,0.0,0.9666666666666667,0.0,0.009266312325930807
truth90_validation,T1,Linear,Phys_v2_common_heavy.families.self_compression.frame_maximum_distribution.all.p50,30,-0.013290639542765182,0.0,0.1,0.9,-0.03930021350972187,0.0
truth90_validation,T1,NeuralMD,Phys_v2_common_heavy.families.self_compression.frame_maximum_distribution.all.p50,30,0.0,0.0,0.0,1.0,0.0,0.0
truth90_validation,T1,Linear,Phys_v2_common_heavy.families.self_compression.frame_maximum_distribution.all.p90,30,-0.03604799830000666,0.0,0.1,0.8666666666666667,-0.09163470489051079,0.0046054826461180325
truth90_validation,T1,NeuralMD,Phys_v2_common_heavy.families.self_compression.frame_maximum_distribution.all.p90,30,0.006981683568213766,0.0,0.0,0.9666666666666667,0.0,0.020945050704641296
truth90_validation,T1,Linear,Phys_v2_common_heavy.families.self_compression.frame_maximum_distribution.all.p95,30,-0.03860541723820212,0.0,0.1,0.8666666666666667,-0.10127599188395149,0.007948199803079183
truth90_validation,T1,NeuralMD,Phys_v2_common_heavy.families.self_compression.frame_maximum_distribution.all.p95,30,0.012490150915954243,0.0,0.0,0.9666666666666667,0.0,0.03747045274786273
truth90_validation,T1,Linear,Phys_v2_common_heavy.families.self_compression.frame_maximum_distribution.all.p99,30,-0.0406513523887585,0.0,0.1,0.8666666666666667,-0.1078962886901928,0.014513620502487692
truth90_validation,T1,NeuralMD,Phys_v2_common_heavy.families.self_compression.frame_maximum_distribution.all.p99,30,0.01689692479414665,0.0,0.0,0.9666666666666667,0.0,0.05069077438243994
truth90_validation,T1,Linear,Phys_v2_common_heavy.families.self_compression.frame_maximum_distribution.positive.count,30,-0.6,0.0,0.13333333333333333,0.8666666666666667,-1.3333333333333333,-0.06666666666666667
truth90_validation,T1,NeuralMD,Phys_v2_common_heavy.families.self_compression.frame_maximum_distribution.positive.count,30,0.13333333333333333,0.0,0.0,0.9666666666666667,0.0,0.4
truth90_validation,T1,Linear,Phys_v2_common_heavy.families.self_compression.frame_maximum_distribution.positive.maximum,1,0.3073288791118278,0.3073288791118278,0.0,0.0,0.3073288791118278,0.3073288791118278
truth90_validation,T1,Linear,Phys_v2_common_heavy.families.self_compression.frame_maximum_distribution.positive.mean,1,0.15933306969193806,0.15933306969193806,0.0,0.0,0.15933306969193806,0.15933306969193806
truth90_validation,T1,Linear,Phys_v2_common_heavy.families.self_compression.frame_maximum_distribution.positive.p50,1,0.11378334557480567,0.11378334557480567,0.0,0.0,0.11378334557480567,0.11378334557480567
truth90_validation,T1,Linear,Phys_v2_common_heavy.families.self_compression.frame_maximum_distribution.positive.p90,1,0.2688678171064148,0.2688678171064148,0.0,0.0,0.2688678171064148,0.2688678171064148
truth90_validation,T1,Linear,Phys_v2_common_heavy.families.self_compression.frame_maximum_distribution.positive.p95,1,0.2880983481091212,0.2880983481091212,0.0,0.0,0.2880983481091212,0.2880983481091212
truth90_validation,T1,Linear,Phys_v2_common_heavy.families.self_compression.frame_maximum_distribution.positive.p99,1,0.30348277291128645,0.30348277291128645,0.0,0.0,0.30348277291128645,0.30348277291128645
truth90_validation,T1,Linear,Phys_v2_common_heavy.families.self_compression.threshold,30,0.0,0.0,0.0,1.0,0.0,0.0
truth90_validation,T1,NeuralMD,Phys_v2_common_heavy.families.self_compression.threshold,30,0.0,0.0,0.0,1.0,0.0,0.0
truth90_validation,T1,Linear,Phys_v2_common_heavy.finite_frame_fraction,30,0.0,0.0,0.0,1.0,0.0,0.0
truth90_validation,T1,NeuralMD,Phys_v2_common_heavy.finite_frame_fraction,30,0.0,0.0,0.0,1.0,0.0,0.0
truth90_validation,T1,Linear,Phys_v2_common_heavy.fixed_environment_valid_frame_fraction,30,0.19000000000000003,0.09999999999999998,0.1,0.3333333333333333,0.10333333333333333,0.27666666666666667
truth90_validation,T1,NeuralMD,Phys_v2_common_heavy.fixed_environment_valid_frame_fraction,30,-0.04666666666666666,0.0,0.23333333333333334,0.7666666666666667,-0.08666666666666667,-0.016666666666666663
truth90_validation,T1,Linear,Phys_v2_common_heavy.heavy_atoms,30,0.0,0.0,0.0,1.0,0.0,0.0
truth90_validation,T1,NeuralMD,Phys_v2_common_heavy.heavy_atoms,30,0.0,0.0,0.0,1.0,0.0,0.0
truth90_validation,T1,Linear,Phys_v2_common_heavy.intramolecular_tail_valid_frame_fraction,30,0.8333333333333334,0.8500000000000001,0.0,0.0,0.7833333333333333,0.8833333333333333
truth90_validation,T1,NeuralMD,Phys_v2_common_heavy.intramolecular_tail_valid_frame_fraction,30,0.006666666666666665,0.0,0.06666666666666667,0.8333333333333334,-0.043333333333333335,0.05674999999999955
truth90_validation,T1,Linear,Phys_v2_common_heavy.physical_excess_distributions.angle.all.count,30,0.0,0.0,0.0,1.0,0.0,0.0
truth90_validation,T1,NeuralMD,Phys_v2_common_heavy.physical_excess_distributions.angle.all.count,30,0.0,0.0,0.0,1.0,0.0,0.0
truth90_validation,T1,Linear,Phys_v2_common_heavy.physical_excess_distributions.angle.all.maximum,30,-29.173584288239056,-21.79785233946677,1.0,0.0,-35.54216259947906,-23.18914367955495
truth90_validation,T1,NeuralMD,Phys_v2_common_heavy.physical_excess_distributions.angle.all.maximum,30,1.1331976713055192,0.3873920500579046,0.0,0.03333333333333333,0.6471899983306967,1.7244296453206427
truth90_validation,T1,Linear,Phys_v2_common_heavy.physical_excess_distributions.angle.all.mean,30,-2.0598064586116487,-1.6198285146729228,1.0,0.0,-2.6071864826104254,-1.5756932143253095
truth90_validation,T1,NeuralMD,Phys_v2_common_heavy.physical_excess_distributions.angle.all.mean,30,0.01740180822035853,0.004798714328893889,0.0,0.03333333333333333,0.01014985963674486,0.02557707723616219
truth90_validation,T1,Linear,Phys_v2_common_heavy.physical_excess_distributions.angle.all.p50,30,0.0,0.0,0.0,1.0,0.0,0.0
truth90_validation,T1,NeuralMD,Phys_v2_common_heavy.physical_excess_distributions.angle.all.p50,30,0.0,0.0,0.0,1.0,0.0,0.0
truth90_validation,T1,Linear,Phys_v2_common_heavy.physical_excess_distributions.angle.all.p90,30,-7.217552445724452,-5.64271491884185,1.0,0.0,-9.027973940025284,-5.687427892017773
truth90_validation,T1,NeuralMD,Phys_v2_common_heavy.physical_excess_distributions.angle.all.p90,30,0.014080634748616044,0.0,0.0,0.8,0.0021096753540505307,0.030256678799803004
truth90_validation,T1,Linear,Phys_v2_common_heavy.physical_excess_distributions.angle.all.p95,30,-12.499034328133162,-9.994383401770564,1.0,0.0,-15.384685035360528,-9.936978118894432
truth90_validation,T1,NeuralMD,Phys_v2_common_heavy.physical_excess_distributions.angle.all.p95,30,0.07861298072702333,0.0024294692836291697,0.0,0.43333333333333335,0.039465830825229954,0.1220190059778152
truth90_validation,T1,Linear,Phys_v2_common_heavy.physical_excess_distributions.angle.all.p99,30,-22.501615903664643,-14.858145563330083,1.0,0.0,-27.432341892610552,-17.740271646175177
truth90_validation,T1,NeuralMD,Phys_v2_common_heavy.physical_excess_distributions.angle.all.p99,30,0.3502139715020512,0.14853826218713492,0.0,0.13333333333333333,0.21137318991138404,0.5170406343728952
truth90_validation,T1,Linear,Phys_v2_common_heavy.physical_excess_distributions.angle.positive.count,30,-87.1,-54.5,1.0,0.0,-127.56666666666666,-55.93166666666667
truth90_validation,T1,NeuralMD,Phys_v2_common_heavy.physical_excess_distributions.angle.positive.count,30,31.566666666666666,15.0,0.0,0.03333333333333333,15.065833333333334,53.94166666666662
truth90_validation,T1,Linear,Phys_v2_common_heavy.physical_excess_distributions.angle.positive.maximum,29,-29.288882170040967,-21.291483823192713,1.0,0.0,-36.292569425929194,-22.9030402412137
truth90_validation,T1,Linear,Phys_v2_common_heavy.physical_excess_distributions.angle.positive.mean,29,-6.795155846092434,-5.990595472797376,1.0,0.0,-7.786612240530477,-5.941427034426143
truth90_validation,T1,Linear,Phys_v2_common_heavy.physical_excess_distributions.angle.positive.p50,29,-4.759587528900882,-4.187128629289129,1.0,0.0,-5.342067903894159,-4.225705781814814
truth90_validation,T1,Linear,Phys_v2_common_heavy.physical_excess_distributions.angle.positive.p90,29,-15.917825494557958,-12.820366423085828,1.0,0.0,-18.848516746331768,-13.361655675568775
truth90_validation,T1,Linear,Phys_v2_common_heavy.physical_excess_distributions.angle.positive.p95,29,-20.14076806445602,-14.166708877776863,1.0,0.0,-24.380294328195614,-16.34235527970729
truth90_validation,T1,Linear,Phys_v2_common_heavy.physical_excess_distributions.angle.positive.p99,29,-26.730326742685467,-19.66057525658252,1.0,0.0,-32.284983954206076,-21.58560044783629
truth90_validation,T1,Linear,Phys_v2_common_heavy.physical_excess_distributions.bond.all.count,30,0.0,0.0,0.0,1.0,0.0,0.0
truth90_validation,T1,NeuralMD,Phys_v2_common_heavy.physical_excess_distributions.bond.all.count,30,0.0,0.0,0.0,1.0,0.0,0.0
truth90_validation,T1,Linear,Phys_v2_common_heavy.physical_excess_distributions.bond.all.maximum,30,-2.3343879528862828,-0.8475229398348725,1.0,0.0,-3.23358925420888,-1.4804378862499274
truth90_validation,T1,NeuralMD,Phys_v2_common_heavy.physical_excess_distributions.bond.all.maximum,30,-0.002311771091916522,0.0014590868537531776,0.3333333333333333,0.06666666666666667,-0.015562358355032013,0.01162514025885344
truth90_validation,T1,Linear,Phys_v2_common_heavy.physical_excess_distributions.bond.all.mean,30,-0.1897501209062324,-0.108679373062697,1.0,0.0,-0.2728310620807017,-0.11855882048198178
truth90_validation,T1,NeuralMD,Phys_v2_common_heavy.physical_excess_distributions.bond.all.mean,30,0.00036151496166021094,6.928485303678868e-05,0.13333333333333333,0.06666666666666667,0.00011981116870729927,0.0006503154487108449
truth90_validation,T1,Linear,Phys_v2_common_heavy.physical_excess_distributions.bond.all.p50,30,-0.03572267488741862,-0.0030330180726244604,0.5,0.5,-0.05870331815172272,-0.016448367045727646
truth90_validation,T1,NeuralMD,Phys_v2_common_heavy.physical_excess_distributions.bond.all.p50,30,0.0,0.0,0.0,1.0,0.0,0.0
truth90_validation,T1,Linear,Phys_v2_common_heavy.physical_excess_distributions.bond.all.p90,30,-0.5523321370189888,-0.2976851788759932,1.0,0.0,-0.8012251491400683,-0.33737431914617005
truth90_validation,T1,NeuralMD,Phys_v2_common_heavy.physical_excess_distributions.bond.all.p90,30,0.001431087612628013,0.0,0.0,0.5666666666666667,0.0005386567484271823,0.0026123462860122887
truth90_validation,T1,Linear,Phys_v2_common_heavy.physical_excess_distributions.bond.all.p95,30,-0.9374266864253763,-0.46337698357109836,1.0,0.0,-1.3712460064501528,-0.5976210507043106
truth90_validation,T1,NeuralMD,Phys_v2_common_heavy.physical_excess_distributions.bond.all.p95,30,0.0027643515465309303,0.00037887749110693795,0.0,0.3333333333333333,0.0010873973860496076,0.004746110155328365
truth90_validation,T1,Linear,Phys_v2_common_heavy.physical_excess_distributions.bond.all.p99,30,-1.7789616480856334,-0.7292324175204428,1.0,0.0,-2.4753600102377953,-1.1759054661933188
truth90_validation,T1,NeuralMD,Phys_v2_common_heavy.physical_excess_distributions.bond.all.p99,30,0.002835068522790066,0.0012042954991975403,0.2,0.06666666666666667,-0.0015743612211310855,0.008070151103713315
truth90_validation,T1,Linear,Phys_v2_common_heavy.physical_excess_distributions.bond.positive.count,30,-115.0,-69.5,1.0,0.0,-163.24666666666664,-77.1616666666667
truth90_validation,T1,NeuralMD,Phys_v2_common_heavy.physical_excess_distributions.bond.positive.count,30,43.833333333333336,17.0,0.03333333333333333,0.1,19.989166666666666,75.3116666666666
truth90_validation,T1,Linear,Phys_v2_common_heavy.physical_excess_distributions.bond.positive.maximum,27,-2.5458406880877478,-0.9795170905406554,1.0,0.0,-3.5725462115763538,-1.664653514393778
truth90_validation,T1,NeuralMD,Phys_v2_common_heavy.physical_excess_distributions.bond.positive.maximum,12,-0.019009581434085505,-0.005114971233740606,0.75,0.0,-0.0435353024620995,0.0020172192027963338
truth90_validation,T1,Linear,Phys_v2_common_heavy.physical_excess_distributions.bond.positive.mean,27,-0.33476555809426867,-0.2065576656458789,1.0,0.0,-0.44518351772593573,-0.24051810884531055
truth90_validation,T1,NeuralMD,Phys_v2_common_heavy.physical_excess_distributions.bond.positive.mean,12,-0.013312397247039068,-0.005424476930655247,0.9166666666666666,0.0,-0.024535545433321565,-0.004693877389102975
truth90_validation,T1,Linear,Phys_v2_common_heavy.physical_excess_distributions.bond.positive.p50,27,-0.1529131533476855,-0.11076550029611287,1.0,0.0,-0.20061686774984677,-0.11389694832030976
truth90_validation,T1,NeuralMD,Phys_v2_common_heavy.physical_excess_distributions.bond.positive.p50,12,-0.01295460591317757,-0.005830959482173381,0.9166666666666666,0.0,-0.02308449505093921,-0.0055716164410478134
truth90_validation,T1,Linear,Phys_v2_common_heavy.physical_excess_distributions.bond.positive.p90,27,-0.9040174943608064,-0.464677897438906,1.0,0.0,-1.233165697285087,-0.5997243385276674
truth90_validation,T1,NeuralMD,Phys_v2_common_heavy.physical_excess_distributions.bond.positive.p90,12,-0.023432889544494965,-0.008332614407521578,0.9166666666666666,0.0,-0.044769499364828894,-0.006047962079804142
truth90_validation,T1,Linear,Phys_v2_common_heavy.physical_excess_distributions.bond.positive.p95,27,-1.319615613445123,-0.6291623433564562,1.0,0.0,-1.8356626608979028,-0.8768728604709163
truth90_validation,T1,NeuralMD,Phys_v2_common_heavy.physical_excess_distributions.bond.positive.p95,12,-0.023703321923371615,-0.007258368744177783,0.8333333333333334,0.0,-0.04675066216440087,-0.004716237924920395
truth90_validation,T1,Linear,Phys_v2_common_heavy.physical_excess_distributions.bond.positive.p99,27,-2.134224640817669,-0.8515009206999842,1.0,0.0,-2.9349903324813864,-1.3840941141311933
truth90_validation,T1,NeuralMD,Phys_v2_common_heavy.physical_excess_distributions.bond.positive.p99,12,-0.020804995934408498,-0.00498446664845607,0.75,0.0,-0.04468129109120661,0.0008952486684900127
truth90_validation,T1,Linear,Phys_v2_common_heavy.physical_excess_distributions.environment_depth_angstrom.all.count,30,0.0,0.0,0.0,1.0,0.0,0.0
truth90_validation,T1,NeuralMD,Phys_v2_common_heavy.physical_excess_distributions.environment_depth_angstrom.all.count,30,0.0,0.0,0.0,1.0,0.0,0.0
truth90_validation,T1,Linear,Phys_v2_common_heavy.physical_excess_distributions.environment_depth_angstrom.all.maximum,30,-0.2522279523360113,-0.06406105293581688,0.5666666666666667,0.26666666666666666,-0.42248022932996504,-0.08537319902911863
truth90_validation,T1,NeuralMD,Phys_v2_common_heavy.physical_excess_distributions.environment_depth_angstrom.all.maximum,30,0.1215651043671567,0.0,0.0,0.7666666666666667,0.03492928775741606,0.22622682747476686
truth90_validation,T1,Linear,Phys_v2_common_heavy.physical_excess_distributions.environment_depth_angstrom.all.mean,30,-2.3005619319297814e-06,-1.417687121632383e-07,0.5666666666666667,0.26666666666666666,-4.125389403968589e-06,-7.972465473793227e-07
truth90_validation,T1,NeuralMD,Phys_v2_common_heavy.physical_excess_distributions.environment_depth_angstrom.all.mean,30,4.7595221173218417e-07,0.0,0.0,0.7666666666666667,1.0813626841759042e-07,9.767063417974363e-07
truth90_validation,T1,Linear,Phys_v2_common_heavy.physical_excess_distributions.environment_depth_angstrom.all.p50,30,0.0,0.0,0.0,1.0,0.0,0.0
truth90_validation,T1,NeuralMD,Phys_v2_common_heavy.physical_excess_distributions.environment_depth_angstrom.all.p50,30,0.0,0.0,0.0,1.0,0.0,0.0
truth90_validation,T1,Linear,Phys_v2_common_heavy.physical_excess_distributions.environment_depth_angstrom.all.p90,30,0.0,0.0,0.0,1.0,0.0,0.0
truth90_validation,T1,NeuralMD,Phys_v2_common_heavy.physical_excess_distributions.environment_depth_angstrom.all.p90,30,0.0,0.0,0.0,1.0,0.0,0.0
truth90_validation,T1,Linear,Phys_v2_common_heavy.physical_excess_distributions.environment_depth_angstrom.all.p95,30,0.0,0.0,0.0,1.0,0.0,0.0
truth90_validation,T1,NeuralMD,Phys_v2_common_heavy.physical_excess_distributions.environment_depth_angstrom.all.p95,30,0.0,0.0,0.0,1.0,0.0,0.0
truth90_validation,T1,Linear,Phys_v2_common_heavy.physical_excess_distributions.environment_depth_angstrom.all.p99,30,0.0,0.0,0.0,1.0,0.0,0.0
truth90_validation,T1,NeuralMD,Phys_v2_common_heavy.physical_excess_distributions.environment_depth_angstrom.all.p99,30,0.0,0.0,0.0,1.0,0.0,0.0
truth90_validation,T1,Linear,Phys_v2_common_heavy.physical_excess_distributions.environment_depth_angstrom.positive.count,30,-4.066666666666666,-1.0,0.5333333333333333,0.3,-8.566666666666666,0.3341666666666621
truth90_validation,T1,NeuralMD,Phys_v2_common_heavy.physical_excess_distributions.environment_depth_angstrom.positive.count,30,2.1666666666666665,0.0,0.0,0.7666666666666667,0.4,5.367499999999995
truth90_validation,T1,Linear,Phys_v2_common_heavy.physical_excess_distributions.environment_depth_angstrom.positive.maximum,5,0.1294945692224793,0.3053601536986932,0.4,0.0,-0.1655946099356012,0.41466584963436526
truth90_validation,T1,Linear,Phys_v2_common_heavy.physical_excess_distributions.environment_depth_angstrom.positive.mean,5,0.0003520765409571469,0.041004525781043466,0.4,0.0,-0.09832407705296978,0.08389586987052991
truth90_validation,T1,Linear,Phys_v2_common_heavy.physical_excess_distributions.environment_depth_angstrom.positive.p50,5,-0.007411317908329984,-0.005831798385154963,0.6,0.0,-0.09207987787799207,0.0772572420613321
truth90_validation,T1,Linear,Phys_v2_common_heavy.physical_excess_distributions.environment_depth_angstrom.positive.p90,5,0.08655050037766235,0.28241798381639394,0.4,0.0,-0.1765696957208389,0.3057017431976341
truth90_validation,T1,Linear,Phys_v2_common_heavy.physical_excess_distributions.environment_depth_angstrom.positive.p95,5,0.11435379345332046,0.2938890687575435,0.4,0.0,-0.1816123354237789,0.374663427885376
truth90_validation,T1,Linear,Phys_v2_common_heavy.physical_excess_distributions.environment_depth_angstrom.positive.p99,5,0.12824548212318257,0.3030659367104632,0.4,0.0,-0.16364679872894,0.4102235013936376
truth90_validation,T1,Linear,Phys_v2_common_heavy.physical_excess_distributions.self_depth_angstrom.all.count,30,0.0,0.0,0.0,1.0,0.0,0.0
truth90_validation,T1,NeuralMD,Phys_v2_common_heavy.physical_excess_distributions.self_depth_angstrom.all.count,30,0.0,0.0,0.0,1.0,0.0,0.0
truth90_validation,T1,Linear,Phys_v2_common_heavy.physical_excess_distributions.self_depth_angstrom.all.maximum,30,-0.05402408807168738,0.0,0.1,0.8666666666666667,-0.143838840390661,0.015834547305809615
truth90_validation,T1,NeuralMD,Phys_v2_common_heavy.physical_excess_distributions.self_depth_angstrom.all.maximum,30,0.026457968847631276,0.0,0.0,0.9666666666666667,0.0,0.07937390654289382
truth90_validation,T1,Linear,Phys_v2_common_heavy.physical_excess_distributions.self_depth_angstrom.all.mean,30,-2.9178039505320782e-05,0.0,0.1,0.8666666666666667,-8.625508490035963e-05,1.0700176643023112e-06
truth90_validation,T1,NeuralMD,Phys_v2_common_heavy.physical_excess_distributions.self_depth_angstrom.all.mean,30,1.2494891000713195e-06,0.0,0.0,0.9666666666666667,0.0,3.748467300213958e-06
truth90_validation,T1,Linear,Phys_v2_common_heavy.physical_excess_distributions.self_depth_angstrom.all.p50,30,0.0,0.0,0.0,1.0,0.0,0.0
truth90_validation,T1,NeuralMD,Phys_v2_common_heavy.physical_excess_distributions.self_depth_angstrom.all.p50,30,0.0,0.0,0.0,1.0,0.0,0.0
truth90_validation,T1,Linear,Phys_v2_common_heavy.physical_excess_distributions.self_depth_angstrom.all.p90,30,0.0,0.0,0.0,1.0,0.0,0.0
truth90_validation,T1,NeuralMD,Phys_v2_common_heavy.physical_excess_distributions.self_depth_angstrom.all.p90,30,0.0,0.0,0.0,1.0,0.0,0.0
truth90_validation,T1,Linear,Phys_v2_common_heavy.physical_excess_distributions.self_depth_angstrom.all.p95,30,0.0,0.0,0.0,1.0,0.0,0.0
truth90_validation,T1,NeuralMD,Phys_v2_common_heavy.physical_excess_distributions.self_depth_angstrom.all.p95,30,0.0,0.0,0.0,1.0,0.0,0.0
truth90_validation,T1,Linear,Phys_v2_common_heavy.physical_excess_distributions.self_depth_angstrom.all.p99,30,0.0,0.0,0.0,1.0,0.0,0.0
truth90_validation,T1,NeuralMD,Phys_v2_common_heavy.physical_excess_distributions.self_depth_angstrom.all.p99,30,0.0,0.0,0.0,1.0,0.0,0.0
truth90_validation,T1,Linear,Phys_v2_common_heavy.physical_excess_distributions.self_depth_angstrom.positive.count,30,-1.0333333333333334,0.0,0.1,0.8666666666666667,-3.0,0.13333333333333333
truth90_validation,T1,NeuralMD,Phys_v2_common_heavy.physical_excess_distributions.self_depth_angstrom.positive.count,30,0.36666666666666664,0.0,0.0,0.9666666666666667,0.0,1.1
truth90_validation,T1,Linear,Phys_v2_common_heavy.physical_excess_distributions.self_depth_angstrom.positive.maximum,1,0.4750364191742884,0.4750364191742884,0.0,0.0,0.4750364191742884,0.4750364191742884
truth90_validation,T1,Linear,Phys_v2_common_heavy.physical_excess_distributions.self_depth_angstrom.positive.mean,1,0.2622966897424133,0.2622966897424133,0.0,0.0,0.2622966897424133,0.2622966897424133
truth90_validation,T1,Linear,Phys_v2_common_heavy.physical_excess_distributions.self_depth_angstrom.positive.p50,1,0.2131239184796594,0.2131239184796594,0.0,0.0,0.2131239184796594,0.2131239184796594
truth90_validation,T1,Linear,Phys_v2_common_heavy.physical_excess_distributions.self_depth_angstrom.positive.p90,1,0.5429617666647744,0.5429617666647744,0.0,0.0,0.5429617666647744,0.5429617666647744
truth90_validation,T1,Linear,Phys_v2_common_heavy.physical_excess_distributions.self_depth_angstrom.positive.p95,1,0.5089990929195316,0.5089990929195316,0.0,0.0,0.5089990929195316,0.5089990929195316
truth90_validation,T1,Linear,Phys_v2_common_heavy.physical_excess_distributions.self_depth_angstrom.positive.p99,1,0.4818289539233372,0.4818289539233372,0.0,0.0,0.4818289539233372,0.4818289539233372
truth90_validation,T1,Linear,Phys_v2_common_heavy.windows.early.valid_frame_fraction,30,0.625,0.75,0.0,0.13333333333333333,0.5083333333333333,0.7416666666666667
truth90_validation,T1,NeuralMD,Phys_v2_common_heavy.windows.early.valid_frame_fraction,30,-0.03333333333333333,0.0,0.1,0.9,-0.075,0.0
truth90_validation,T1,Linear,Phys_v2_common_heavy.windows.late.valid_frame_fraction,30,0.9,1.0,0.0,0.0,0.8222222222222222,0.9666666666666667
truth90_validation,T1,NeuralMD,Phys_v2_common_heavy.windows.late.valid_frame_fraction,30,-0.011111111111111117,0.0,0.16666666666666666,0.7333333333333333,-0.13333333333333336,0.12222222222222222
truth90_validation,T1,Linear,Phys_v2_common_heavy.windows.middle.valid_frame_fraction,30,0.9222222222222223,1.0,0.0,0.06666666666666667,0.8222222222222223,1.0
truth90_validation,T1,NeuralMD,Phys_v2_common_heavy.windows.middle.valid_frame_fraction,30,-0.04444444444444444,0.0,0.06666666666666667,0.9,-0.14444444444444443,0.044444444444444446
truth90_validation,T1,Linear,Probability.feature_energy_score,30,-0.1986395170214151,-0.09299235767949653,0.7333333333333333,0.0,-0.33119109713797124,-0.06795062614208955
truth90_validation,T1,NeuralMD,Probability.feature_energy_score,30,0.01725283802677741,0.0037537885307108027,0.4666666666666667,0.0,-0.057489976350790166,0.10200874561643002
truth90_validation,T1,Linear,Probability.features.ligand_gyration.crps,30,-0.2771874541548703,-0.11813619286884847,0.7666666666666667,0.0,-0.4655341255491471,-0.12850189096764214
truth90_validation,T1,NeuralMD,Probability.features.ligand_gyration.crps,30,0.030619181610441873,0.024204572677102187,0.23333333333333334,0.0,0.01203802597746102,0.0490159724888046
truth90_validation,T1,Linear,Probability.features.ligand_relative_displacement.crps,30,-0.15484710951606223,-0.11072393781603465,0.5666666666666667,0.0,-0.3591390490625017,0.044850179952746407
truth90_validation,T1,NeuralMD,Probability.features.ligand_relative_displacement.crps,30,-0.6361647224491219,-0.6598588995903201,0.9666666666666667,0.0,-0.7995024649428562,-0.4860803724852407
truth90_validation,T1,Linear,Probability.features.pocket_contact_strength.crps,30,-0.017577135906860043,-0.006236506096360032,0.6,0.0,-0.03427026336755226,-0.002847670450495253
truth90_validation,T1,NeuralMD,Probability.features.pocket_contact_strength.crps,30,0.007167386860622839,0.006283332843021355,0.36666666666666664,0.0,-0.0016594227839077452,0.01653322252172869
truth90_validation,T1,Linear,Reference_Phys.angle_mean_squared_excess,30,0.0,0.0,0.0,1.0,0.0,0.0
truth90_validation,T1,Linear,Reference_Phys.angle_violations,30,0.0,0.0,0.0,1.0,0.0,0.0
truth90_validation,T1,Linear,Reference_Phys.assessed_geometry_valid,30,0.0,0.0,0.0,1.0,0.0,0.0
truth90_validation,T1,Linear,Reference_Phys.bond_mean_squared_excess,30,0.0,0.0,0.0,1.0,0.0,0.0
truth90_validation,T1,Linear,Reference_Phys.bond_violations,30,0.0,0.0,0.0,1.0,0.0,0.0
truth90_validation,T1,Linear,Reference_Phys.ligand_environment_overlap_violations,30,0.0,0.0,0.0,1.0,0.0,0.0
truth90_validation,T1,Linear,Reference_Phys.ligand_self_overlap_violations,30,0.0,0.0,0.0,1.0,0.0,0.0
truth90_validation,T1,Linear,Reference_Phys.local_configuration_flips,30,0.0,0.0,0.0,1.0,0.0,0.0
truth90_validation,T1,Linear,Reference_Phys.severe_overlap_mean_squared,30,0.0,0.0,0.0,1.0,0.0,0.0
truth90_validation,T1,Linear,Reference_Phys_common_heavy.angle_mean_squared_excess,30,0.0,0.0,0.0,1.0,0.0,0.0
truth90_validation,T1,NeuralMD,Reference_Phys_common_heavy.angle_mean_squared_excess,30,0.0,0.0,0.0,1.0,0.0,0.0
truth90_validation,T1,Linear,Reference_Phys_common_heavy.angle_violations,30,0.0,0.0,0.0,1.0,0.0,0.0
truth90_validation,T1,NeuralMD,Reference_Phys_common_heavy.angle_violations,30,0.0,0.0,0.0,1.0,0.0,0.0
truth90_validation,T1,Linear,Reference_Phys_common_heavy.assessed_geometry_valid,30,0.0,0.0,0.0,1.0,0.0,0.0
truth90_validation,T1,NeuralMD,Reference_Phys_common_heavy.assessed_geometry_valid,30,0.0,0.0,0.0,1.0,0.0,0.0
truth90_validation,T1,Linear,Reference_Phys_common_heavy.bond_mean_squared_excess,30,0.0,0.0,0.0,1.0,0.0,0.0
truth90_validation,T1,NeuralMD,Reference_Phys_common_heavy.bond_mean_squared_excess,30,0.0,0.0,0.0,1.0,0.0,0.0
truth90_validation,T1,Linear,Reference_Phys_common_heavy.bond_violations,30,0.0,0.0,0.0,1.0,0.0,0.0
truth90_validation,T1,NeuralMD,Reference_Phys_common_heavy.bond_violations,30,0.0,0.0,0.0,1.0,0.0,0.0
truth90_validation,T1,Linear,Reference_Phys_common_heavy.ligand_environment_overlap_violations,30,0.0,0.0,0.0,1.0,0.0,0.0
truth90_validation,T1,NeuralMD,Reference_Phys_common_heavy.ligand_environment_overlap_violations,30,0.0,0.0,0.0,1.0,0.0,0.0
truth90_validation,T1,Linear,Reference_Phys_common_heavy.ligand_self_overlap_violations,30,0.0,0.0,0.0,1.0,0.0,0.0
truth90_validation,T1,NeuralMD,Reference_Phys_common_heavy.ligand_self_overlap_violations,30,0.0,0.0,0.0,1.0,0.0,0.0
truth90_validation,T1,Linear,Reference_Phys_common_heavy.local_configuration_flips,30,0.0,0.0,0.0,1.0,0.0,0.0
truth90_validation,T1,NeuralMD,Reference_Phys_common_heavy.local_configuration_flips,30,0.0,0.0,0.0,1.0,0.0,0.0
truth90_validation,T1,Linear,Reference_Phys_common_heavy.severe_overlap_mean_squared,30,0.0,0.0,0.0,1.0,0.0,0.0
truth90_validation,T1,NeuralMD,Reference_Phys_common_heavy.severe_overlap_mean_squared,30,0.0,0.0,0.0,1.0,0.0,0.0
truth90_validation,T1,Linear,Reference_Phys_v2_common_heavy.assessed_tail_valid_frame_fraction,30,0.0,0.0,0.0,1.0,0.0,0.0
truth90_validation,T1,NeuralMD,Reference_Phys_v2_common_heavy.assessed_tail_valid_frame_fraction,30,0.0,0.0,0.0,1.0,0.0,0.0
truth90_validation,T1,Linear,Reference_Phys_v2_common_heavy.chemistry.checked_centres,30,0.0,0.0,0.0,1.0,0.0,0.0
truth90_validation,T1,NeuralMD,Reference_Phys_v2_common_heavy.chemistry.checked_centres,30,0.0,0.0,0.0,1.0,0.0,0.0
truth90_validation,T1,Linear,Reference_Phys_v2_common_heavy.families.angle_degrees.anomaly_frame_fraction,30,0.0,0.0,0.0,1.0,0.0,0.0
truth90_validation,T1,NeuralMD,Reference_Phys_v2_common_heavy.families.angle_degrees.anomaly_frame_fraction,30,0.0,0.0,0.0,1.0,0.0,0.0
truth90_validation,T1,Linear,Reference_Phys_v2_common_heavy.families.angle_degrees.constraint_anomaly_fraction,30,0.0,0.0,0.0,1.0,0.0,0.0
truth90_validation,T1,NeuralMD,Reference_Phys_v2_common_heavy.families.angle_degrees.constraint_anomaly_fraction,30,0.0,0.0,0.0,1.0,0.0,0.0
truth90_validation,T1,Linear,Reference_Phys_v2_common_heavy.families.angle_degrees.constraint_distribution.all.count,30,0.0,0.0,0.0,1.0,0.0,0.0
truth90_validation,T1,NeuralMD,Reference_Phys_v2_common_heavy.families.angle_degrees.constraint_distribution.all.count,30,0.0,0.0,0.0,1.0,0.0,0.0
truth90_validation,T1,Linear,Reference_Phys_v2_common_heavy.families.angle_degrees.constraint_distribution.all.maximum,30,0.0,0.0,0.0,1.0,0.0,0.0
truth90_validation,T1,NeuralMD,Reference_Phys_v2_common_heavy.families.angle_degrees.constraint_distribution.all.maximum,30,0.0,0.0,0.0,1.0,0.0,0.0
truth90_validation,T1,Linear,Reference_Phys_v2_common_heavy.families.angle_degrees.constraint_distribution.all.mean,30,0.0,0.0,0.0,1.0,0.0,0.0
truth90_validation,T1,NeuralMD,Reference_Phys_v2_common_heavy.families.angle_degrees.constraint_distribution.all.mean,30,0.0,0.0,0.0,1.0,0.0,0.0
truth90_validation,T1,Linear,Reference_Phys_v2_common_heavy.families.angle_degrees.constraint_distribution.all.p50,30,0.0,0.0,0.0,1.0,0.0,0.0
truth90_validation,T1,NeuralMD,Reference_Phys_v2_common_heavy.families.angle_degrees.constraint_distribution.all.p50,30,0.0,0.0,0.0,1.0,0.0,0.0
truth90_validation,T1,Linear,Reference_Phys_v2_common_heavy.families.angle_degrees.constraint_distribution.all.p90,30,0.0,0.0,0.0,1.0,0.0,0.0
truth90_validation,T1,NeuralMD,Reference_Phys_v2_common_heavy.families.angle_degrees.constraint_distribution.all.p90,30,0.0,0.0,0.0,1.0,0.0,0.0
truth90_validation,T1,Linear,Reference_Phys_v2_common_heavy.families.angle_degrees.constraint_distribution.all.p95,30,0.0,0.0,0.0,1.0,0.0,0.0
truth90_validation,T1,NeuralMD,Reference_Phys_v2_common_heavy.families.angle_degrees.constraint_distribution.all.p95,30,0.0,0.0,0.0,1.0,0.0,0.0
truth90_validation,T1,Linear,Reference_Phys_v2_common_heavy.families.angle_degrees.constraint_distribution.all.p99,30,0.0,0.0,0.0,1.0,0.0,0.0
truth90_validation,T1,NeuralMD,Reference_Phys_v2_common_heavy.families.angle_degrees.constraint_distribution.all.p99,30,0.0,0.0,0.0,1.0,0.0,0.0
truth90_validation,T1,Linear,Reference_Phys_v2_common_heavy.families.angle_degrees.constraint_distribution.positive.count,30,0.0,0.0,0.0,1.0,0.0,0.0
truth90_validation,T1,NeuralMD,Reference_Phys_v2_common_heavy.families.angle_degrees.constraint_distribution.positive.count,30,0.0,0.0,0.0,1.0,0.0,0.0
truth90_validation,T1,Linear,Reference_Phys_v2_common_heavy.families.angle_degrees.constraint_distribution.positive.maximum,18,0.0,0.0,0.0,1.0,0.0,0.0
truth90_validation,T1,NeuralMD,Reference_Phys_v2_common_heavy.families.angle_degrees.constraint_distribution.positive.maximum,18,0.0,0.0,0.0,1.0,0.0,0.0
truth90_validation,T1,Linear,Reference_Phys_v2_common_heavy.families.angle_degrees.constraint_distribution.positive.mean,18,0.0,0.0,0.0,1.0,0.0,0.0
truth90_validation,T1,NeuralMD,Reference_Phys_v2_common_heavy.families.angle_degrees.constraint_distribution.positive.mean,18,0.0,0.0,0.0,1.0,0.0,0.0
truth90_validation,T1,Linear,Reference_Phys_v2_common_heavy.families.angle_degrees.constraint_distribution.positive.p50,18,0.0,0.0,0.0,1.0,0.0,0.0
truth90_validation,T1,NeuralMD,Reference_Phys_v2_common_heavy.families.angle_degrees.constraint_distribution.positive.p50,18,0.0,0.0,0.0,1.0,0.0,0.0
truth90_validation,T1,Linear,Reference_Phys_v2_common_heavy.families.angle_degrees.constraint_distribution.positive.p90,18,0.0,0.0,0.0,1.0,0.0,0.0
truth90_validation,T1,NeuralMD,Reference_Phys_v2_common_heavy.families.angle_degrees.constraint_distribution.positive.p90,18,0.0,0.0,0.0,1.0,0.0,0.0
truth90_validation,T1,Linear,Reference_Phys_v2_common_heavy.families.angle_degrees.constraint_distribution.positive.p95,18,0.0,0.0,0.0,1.0,0.0,0.0
truth90_validation,T1,NeuralMD,Reference_Phys_v2_common_heavy.families.angle_degrees.constraint_distribution.positive.p95,18,0.0,0.0,0.0,1.0,0.0,0.0
truth90_validation,T1,Linear,Reference_Phys_v2_common_heavy.families.angle_degrees.constraint_distribution.positive.p99,18,0.0,0.0,0.0,1.0,0.0,0.0
truth90_validation,T1,NeuralMD,Reference_Phys_v2_common_heavy.families.angle_degrees.constraint_distribution.positive.p99,18,0.0,0.0,0.0,1.0,0.0,0.0
truth90_validation,T1,Linear,Reference_Phys_v2_common_heavy.families.angle_degrees.finite_mean_squared_severity,30,0.0,0.0,0.0,1.0,0.0,0.0
truth90_validation,T1,NeuralMD,Reference_Phys_v2_common_heavy.families.angle_degrees.finite_mean_squared_severity,30,0.0,0.0,0.0,1.0,0.0,0.0
truth90_validation,T1,Linear,Reference_Phys_v2_common_heavy.families.angle_degrees.frame_maximum_distribution.all.count,30,0.0,0.0,0.0,1.0,0.0,0.0
truth90_validation,T1,NeuralMD,Reference_Phys_v2_common_heavy.families.angle_degrees.frame_maximum_distribution.all.count,30,0.0,0.0,0.0,1.0,0.0,0.0
truth90_validation,T1,Linear,Reference_Phys_v2_common_heavy.families.angle_degrees.frame_maximum_distribution.all.maximum,30,0.0,0.0,0.0,1.0,0.0,0.0
truth90_validation,T1,NeuralMD,Reference_Phys_v2_common_heavy.families.angle_degrees.frame_maximum_distribution.all.maximum,30,0.0,0.0,0.0,1.0,0.0,0.0
truth90_validation,T1,Linear,Reference_Phys_v2_common_heavy.families.angle_degrees.frame_maximum_distribution.all.mean,30,0.0,0.0,0.0,1.0,0.0,0.0
truth90_validation,T1,NeuralMD,Reference_Phys_v2_common_heavy.families.angle_degrees.frame_maximum_distribution.all.mean,30,0.0,0.0,0.0,1.0,0.0,0.0
truth90_validation,T1,Linear,Reference_Phys_v2_common_heavy.families.angle_degrees.frame_maximum_distribution.all.p50,30,0.0,0.0,0.0,1.0,0.0,0.0
truth90_validation,T1,NeuralMD,Reference_Phys_v2_common_heavy.families.angle_degrees.frame_maximum_distribution.all.p50,30,0.0,0.0,0.0,1.0,0.0,0.0
truth90_validation,T1,Linear,Reference_Phys_v2_common_heavy.families.angle_degrees.frame_maximum_distribution.all.p90,30,0.0,0.0,0.0,1.0,0.0,0.0
truth90_validation,T1,NeuralMD,Reference_Phys_v2_common_heavy.families.angle_degrees.frame_maximum_distribution.all.p90,30,0.0,0.0,0.0,1.0,0.0,0.0
truth90_validation,T1,Linear,Reference_Phys_v2_common_heavy.families.angle_degrees.frame_maximum_distribution.all.p95,30,0.0,0.0,0.0,1.0,0.0,0.0
truth90_validation,T1,NeuralMD,Reference_Phys_v2_common_heavy.families.angle_degrees.frame_maximum_distribution.all.p95,30,0.0,0.0,0.0,1.0,0.0,0.0
truth90_validation,T1,Linear,Reference_Phys_v2_common_heavy.families.angle_degrees.frame_maximum_distribution.all.p99,30,0.0,0.0,0.0,1.0,0.0,0.0
truth90_validation,T1,NeuralMD,Reference_Phys_v2_common_heavy.families.angle_degrees.frame_maximum_distribution.all.p99,30,0.0,0.0,0.0,1.0,0.0,0.0
truth90_validation,T1,Linear,Reference_Phys_v2_common_heavy.families.angle_degrees.frame_maximum_distribution.positive.count,30,0.0,0.0,0.0,1.0,0.0,0.0
truth90_validation,T1,NeuralMD,Reference_Phys_v2_common_heavy.families.angle_degrees.frame_maximum_distribution.positive.count,30,0.0,0.0,0.0,1.0,0.0,0.0
truth90_validation,T1,Linear,Reference_Phys_v2_common_heavy.families.angle_degrees.frame_maximum_distribution.positive.maximum,18,0.0,0.0,0.0,1.0,0.0,0.0
truth90_validation,T1,NeuralMD,Reference_Phys_v2_common_heavy.families.angle_degrees.frame_maximum_distribution.positive.maximum,18,0.0,0.0,0.0,1.0,0.0,0.0
truth90_validation,T1,Linear,Reference_Phys_v2_common_heavy.families.angle_degrees.frame_maximum_distribution.positive.mean,18,0.0,0.0,0.0,1.0,0.0,0.0
truth90_validation,T1,NeuralMD,Reference_Phys_v2_common_heavy.families.angle_degrees.frame_maximum_distribution.positive.mean,18,0.0,0.0,0.0,1.0,0.0,0.0
truth90_validation,T1,Linear,Reference_Phys_v2_common_heavy.families.angle_degrees.frame_maximum_distribution.positive.p50,18,0.0,0.0,0.0,1.0,0.0,0.0
truth90_validation,T1,NeuralMD,Reference_Phys_v2_common_heavy.families.angle_degrees.frame_maximum_distribution.positive.p50,18,0.0,0.0,0.0,1.0,0.0,0.0
truth90_validation,T1,Linear,Reference_Phys_v2_common_heavy.families.angle_degrees.frame_maximum_distribution.positive.p90,18,0.0,0.0,0.0,1.0,0.0,0.0
truth90_validation,T1,NeuralMD,Reference_Phys_v2_common_heavy.families.angle_degrees.frame_maximum_distribution.positive.p90,18,0.0,0.0,0.0,1.0,0.0,0.0
truth90_validation,T1,Linear,Reference_Phys_v2_common_heavy.families.angle_degrees.frame_maximum_distribution.positive.p95,18,0.0,0.0,0.0,1.0,0.0,0.0
truth90_validation,T1,NeuralMD,Reference_Phys_v2_common_heavy.families.angle_degrees.frame_maximum_distribution.positive.p95,18,0.0,0.0,0.0,1.0,0.0,0.0
truth90_validation,T1,Linear,Reference_Phys_v2_common_heavy.families.angle_degrees.frame_maximum_distribution.positive.p99,18,0.0,0.0,0.0,1.0,0.0,0.0
truth90_validation,T1,NeuralMD,Reference_Phys_v2_common_heavy.families.angle_degrees.frame_maximum_distribution.positive.p99,18,0.0,0.0,0.0,1.0,0.0,0.0
truth90_validation,T1,Linear,Reference_Phys_v2_common_heavy.families.angle_degrees.threshold,30,0.0,0.0,0.0,1.0,0.0,0.0
truth90_validation,T1,NeuralMD,Reference_Phys_v2_common_heavy.families.angle_degrees.threshold,30,0.0,0.0,0.0,1.0,0.0,0.0
truth90_validation,T1,Linear,Reference_Phys_v2_common_heavy.families.bond_relative.anomaly_frame_fraction,30,0.0,0.0,0.0,1.0,0.0,0.0
truth90_validation,T1,NeuralMD,Reference_Phys_v2_common_heavy.families.bond_relative.anomaly_frame_fraction,30,0.0,0.0,0.0,1.0,0.0,0.0
truth90_validation,T1,Linear,Reference_Phys_v2_common_heavy.families.bond_relative.constraint_anomaly_fraction,30,0.0,0.0,0.0,1.0,0.0,0.0
truth90_validation,T1,NeuralMD,Reference_Phys_v2_common_heavy.families.bond_relative.constraint_anomaly_fraction,30,0.0,0.0,0.0,1.0,0.0,0.0
truth90_validation,T1,Linear,Reference_Phys_v2_common_heavy.families.bond_relative.constraint_distribution.all.count,30,0.0,0.0,0.0,1.0,0.0,0.0
truth90_validation,T1,NeuralMD,Reference_Phys_v2_common_heavy.families.bond_relative.constraint_distribution.all.count,30,0.0,0.0,0.0,1.0,0.0,0.0
truth90_validation,T1,Linear,Reference_Phys_v2_common_heavy.families.bond_relative.constraint_distribution.all.maximum,30,0.0,0.0,0.0,1.0,0.0,0.0
truth90_validation,T1,NeuralMD,Reference_Phys_v2_common_heavy.families.bond_relative.constraint_distribution.all.maximum,30,0.0,0.0,0.0,1.0,0.0,0.0
truth90_validation,T1,Linear,Reference_Phys_v2_common_heavy.families.bond_relative.constraint_distribution.all.mean,30,0.0,0.0,0.0,1.0,0.0,0.0
truth90_validation,T1,NeuralMD,Reference_Phys_v2_common_heavy.families.bond_relative.constraint_distribution.all.mean,30,0.0,0.0,0.0,1.0,0.0,0.0
truth90_validation,T1,Linear,Reference_Phys_v2_common_heavy.families.bond_relative.constraint_distribution.all.p50,30,0.0,0.0,0.0,1.0,0.0,0.0
truth90_validation,T1,NeuralMD,Reference_Phys_v2_common_heavy.families.bond_relative.constraint_distribution.all.p50,30,0.0,0.0,0.0,1.0,0.0,0.0
truth90_validation,T1,Linear,Reference_Phys_v2_common_heavy.families.bond_relative.constraint_distribution.all.p90,30,0.0,0.0,0.0,1.0,0.0,0.0
truth90_validation,T1,NeuralMD,Reference_Phys_v2_common_heavy.families.bond_relative.constraint_distribution.all.p90,30,0.0,0.0,0.0,1.0,0.0,0.0
truth90_validation,T1,Linear,Reference_Phys_v2_common_heavy.families.bond_relative.constraint_distribution.all.p95,30,0.0,0.0,0.0,1.0,0.0,0.0
truth90_validation,T1,NeuralMD,Reference_Phys_v2_common_heavy.families.bond_relative.constraint_distribution.all.p95,30,0.0,0.0,0.0,1.0,0.0,0.0
truth90_validation,T1,Linear,Reference_Phys_v2_common_heavy.families.bond_relative.constraint_distribution.all.p99,30,0.0,0.0,0.0,1.0,0.0,0.0
truth90_validation,T1,NeuralMD,Reference_Phys_v2_common_heavy.families.bond_relative.constraint_distribution.all.p99,30,0.0,0.0,0.0,1.0,0.0,0.0
truth90_validation,T1,Linear,Reference_Phys_v2_common_heavy.families.bond_relative.constraint_distribution.positive.count,30,0.0,0.0,0.0,1.0,0.0,0.0
truth90_validation,T1,NeuralMD,Reference_Phys_v2_common_heavy.families.bond_relative.constraint_distribution.positive.count,30,0.0,0.0,0.0,1.0,0.0,0.0
truth90_validation,T1,Linear,Reference_Phys_v2_common_heavy.families.bond_relative.constraint_distribution.positive.maximum,28,0.0,0.0,0.0,1.0,0.0,0.0
truth90_validation,T1,NeuralMD,Reference_Phys_v2_common_heavy.families.bond_relative.constraint_distribution.positive.maximum,28,0.0,0.0,0.0,1.0,0.0,0.0
truth90_validation,T1,Linear,Reference_Phys_v2_common_heavy.families.bond_relative.constraint_distribution.positive.mean,28,0.0,0.0,0.0,1.0,0.0,0.0
truth90_validation,T1,NeuralMD,Reference_Phys_v2_common_heavy.families.bond_relative.constraint_distribution.positive.mean,28,0.0,0.0,0.0,1.0,0.0,0.0
truth90_validation,T1,Linear,Reference_Phys_v2_common_heavy.families.bond_relative.constraint_distribution.positive.p50,28,0.0,0.0,0.0,1.0,0.0,0.0
truth90_validation,T1,NeuralMD,Reference_Phys_v2_common_heavy.families.bond_relative.constraint_distribution.positive.p50,28,0.0,0.0,0.0,1.0,0.0,0.0
truth90_validation,T1,Linear,Reference_Phys_v2_common_heavy.families.bond_relative.constraint_distribution.positive.p90,28,0.0,0.0,0.0,1.0,0.0,0.0
truth90_validation,T1,NeuralMD,Reference_Phys_v2_common_heavy.families.bond_relative.constraint_distribution.positive.p90,28,0.0,0.0,0.0,1.0,0.0,0.0
truth90_validation,T1,Linear,Reference_Phys_v2_common_heavy.families.bond_relative.constraint_distribution.positive.p95,28,0.0,0.0,0.0,1.0,0.0,0.0
truth90_validation,T1,NeuralMD,Reference_Phys_v2_common_heavy.families.bond_relative.constraint_distribution.positive.p95,28,0.0,0.0,0.0,1.0,0.0,0.0
truth90_validation,T1,Linear,Reference_Phys_v2_common_heavy.families.bond_relative.constraint_distribution.positive.p99,28,0.0,0.0,0.0,1.0,0.0,0.0
truth90_validation,T1,NeuralMD,Reference_Phys_v2_common_heavy.families.bond_relative.constraint_distribution.positive.p99,28,0.0,0.0,0.0,1.0,0.0,0.0
truth90_validation,T1,Linear,Reference_Phys_v2_common_heavy.families.bond_relative.finite_mean_squared_severity,30,0.0,0.0,0.0,1.0,0.0,0.0
truth90_validation,T1,NeuralMD,Reference_Phys_v2_common_heavy.families.bond_relative.finite_mean_squared_severity,30,0.0,0.0,0.0,1.0,0.0,0.0
truth90_validation,T1,Linear,Reference_Phys_v2_common_heavy.families.bond_relative.frame_maximum_distribution.all.count,30,0.0,0.0,0.0,1.0,0.0,0.0
truth90_validation,T1,NeuralMD,Reference_Phys_v2_common_heavy.families.bond_relative.frame_maximum_distribution.all.count,30,0.0,0.0,0.0,1.0,0.0,0.0
truth90_validation,T1,Linear,Reference_Phys_v2_common_heavy.families.bond_relative.frame_maximum_distribution.all.maximum,30,0.0,0.0,0.0,1.0,0.0,0.0
truth90_validation,T1,NeuralMD,Reference_Phys_v2_common_heavy.families.bond_relative.frame_maximum_distribution.all.maximum,30,0.0,0.0,0.0,1.0,0.0,0.0
truth90_validation,T1,Linear,Reference_Phys_v2_common_heavy.families.bond_relative.frame_maximum_distribution.all.mean,30,0.0,0.0,0.0,1.0,0.0,0.0
truth90_validation,T1,NeuralMD,Reference_Phys_v2_common_heavy.families.bond_relative.frame_maximum_distribution.all.mean,30,0.0,0.0,0.0,1.0,0.0,0.0
truth90_validation,T1,Linear,Reference_Phys_v2_common_heavy.families.bond_relative.frame_maximum_distribution.all.p50,30,0.0,0.0,0.0,1.0,0.0,0.0
truth90_validation,T1,NeuralMD,Reference_Phys_v2_common_heavy.families.bond_relative.frame_maximum_distribution.all.p50,30,0.0,0.0,0.0,1.0,0.0,0.0
truth90_validation,T1,Linear,Reference_Phys_v2_common_heavy.families.bond_relative.frame_maximum_distribution.all.p90,30,0.0,0.0,0.0,1.0,0.0,0.0
truth90_validation,T1,NeuralMD,Reference_Phys_v2_common_heavy.families.bond_relative.frame_maximum_distribution.all.p90,30,0.0,0.0,0.0,1.0,0.0,0.0
truth90_validation,T1,Linear,Reference_Phys_v2_common_heavy.families.bond_relative.frame_maximum_distribution.all.p95,30,0.0,0.0,0.0,1.0,0.0,0.0
truth90_validation,T1,NeuralMD,Reference_Phys_v2_common_heavy.families.bond_relative.frame_maximum_distribution.all.p95,30,0.0,0.0,0.0,1.0,0.0,0.0
truth90_validation,T1,Linear,Reference_Phys_v2_common_heavy.families.bond_relative.frame_maximum_distribution.all.p99,30,0.0,0.0,0.0,1.0,0.0,0.0
truth90_validation,T1,NeuralMD,Reference_Phys_v2_common_heavy.families.bond_relative.frame_maximum_distribution.all.p99,30,0.0,0.0,0.0,1.0,0.0,0.0
truth90_validation,T1,Linear,Reference_Phys_v2_common_heavy.families.bond_relative.frame_maximum_distribution.positive.count,30,0.0,0.0,0.0,1.0,0.0,0.0
truth90_validation,T1,NeuralMD,Reference_Phys_v2_common_heavy.families.bond_relative.frame_maximum_distribution.positive.count,30,0.0,0.0,0.0,1.0,0.0,0.0
truth90_validation,T1,Linear,Reference_Phys_v2_common_heavy.families.bond_relative.frame_maximum_distribution.positive.maximum,28,0.0,0.0,0.0,1.0,0.0,0.0
truth90_validation,T1,NeuralMD,Reference_Phys_v2_common_heavy.families.bond_relative.frame_maximum_distribution.positive.maximum,28,0.0,0.0,0.0,1.0,0.0,0.0
truth90_validation,T1,Linear,Reference_Phys_v2_common_heavy.families.bond_relative.frame_maximum_distribution.positive.mean,28,0.0,0.0,0.0,1.0,0.0,0.0
truth90_validation,T1,NeuralMD,Reference_Phys_v2_common_heavy.families.bond_relative.frame_maximum_distribution.positive.mean,28,0.0,0.0,0.0,1.0,0.0,0.0
truth90_validation,T1,Linear,Reference_Phys_v2_common_heavy.families.bond_relative.frame_maximum_distribution.positive.p50,28,0.0,0.0,0.0,1.0,0.0,0.0
truth90_validation,T1,NeuralMD,Reference_Phys_v2_common_heavy.families.bond_relative.frame_maximum_distribution.positive.p50,28,0.0,0.0,0.0,1.0,0.0,0.0
truth90_validation,T1,Linear,Reference_Phys_v2_common_heavy.families.bond_relative.frame_maximum_distribution.positive.p90,28,0.0,0.0,0.0,1.0,0.0,0.0
truth90_validation,T1,NeuralMD,Reference_Phys_v2_common_heavy.families.bond_relative.frame_maximum_distribution.positive.p90,28,0.0,0.0,0.0,1.0,0.0,0.0
truth90_validation,T1,Linear,Reference_Phys_v2_common_heavy.families.bond_relative.frame_maximum_distribution.positive.p95,28,0.0,0.0,0.0,1.0,0.0,0.0
truth90_validation,T1,NeuralMD,Reference_Phys_v2_common_heavy.families.bond_relative.frame_maximum_distribution.positive.p95,28,0.0,0.0,0.0,1.0,0.0,0.0
truth90_validation,T1,Linear,Reference_Phys_v2_common_heavy.families.bond_relative.frame_maximum_distribution.positive.p99,28,0.0,0.0,0.0,1.0,0.0,0.0
truth90_validation,T1,NeuralMD,Reference_Phys_v2_common_heavy.families.bond_relative.frame_maximum_distribution.positive.p99,28,0.0,0.0,0.0,1.0,0.0,0.0
truth90_validation,T1,Linear,Reference_Phys_v2_common_heavy.families.bond_relative.threshold,30,0.0,0.0,0.0,1.0,0.0,0.0
truth90_validation,T1,NeuralMD,Reference_Phys_v2_common_heavy.families.bond_relative.threshold,30,0.0,0.0,0.0,1.0,0.0,0.0
truth90_validation,T1,Linear,Reference_Phys_v2_common_heavy.families.environment_compression.anomaly_frame_fraction,30,0.0,0.0,0.0,1.0,0.0,0.0
truth90_validation,T1,NeuralMD,Reference_Phys_v2_common_heavy.families.environment_compression.anomaly_frame_fraction,30,0.0,0.0,0.0,1.0,0.0,0.0
truth90_validation,T1,Linear,Reference_Phys_v2_common_heavy.families.environment_compression.constraint_anomaly_fraction,30,0.0,0.0,0.0,1.0,0.0,0.0
truth90_validation,T1,NeuralMD,Reference_Phys_v2_common_heavy.families.environment_compression.constraint_anomaly_fraction,30,0.0,0.0,0.0,1.0,0.0,0.0
truth90_validation,T1,Linear,Reference_Phys_v2_common_heavy.families.environment_compression.constraint_distribution.all.count,30,0.0,0.0,0.0,1.0,0.0,0.0
truth90_validation,T1,NeuralMD,Reference_Phys_v2_common_heavy.families.environment_compression.constraint_distribution.all.count,30,0.0,0.0,0.0,1.0,0.0,0.0
truth90_validation,T1,Linear,Reference_Phys_v2_common_heavy.families.environment_compression.constraint_distribution.all.maximum,30,0.0,0.0,0.0,1.0,0.0,0.0
truth90_validation,T1,NeuralMD,Reference_Phys_v2_common_heavy.families.environment_compression.constraint_distribution.all.maximum,30,0.0,0.0,0.0,1.0,0.0,0.0
truth90_validation,T1,Linear,Reference_Phys_v2_common_heavy.families.environment_compression.constraint_distribution.all.mean,30,0.0,0.0,0.0,1.0,0.0,0.0
truth90_validation,T1,NeuralMD,Reference_Phys_v2_common_heavy.families.environment_compression.constraint_distribution.all.mean,30,0.0,0.0,0.0,1.0,0.0,0.0
truth90_validation,T1,Linear,Reference_Phys_v2_common_heavy.families.environment_compression.constraint_distribution.all.p50,30,0.0,0.0,0.0,1.0,0.0,0.0
truth90_validation,T1,NeuralMD,Reference_Phys_v2_common_heavy.families.environment_compression.constraint_distribution.all.p50,30,0.0,0.0,0.0,1.0,0.0,0.0
truth90_validation,T1,Linear,Reference_Phys_v2_common_heavy.families.environment_compression.constraint_distribution.all.p90,30,0.0,0.0,0.0,1.0,0.0,0.0
truth90_validation,T1,NeuralMD,Reference_Phys_v2_common_heavy.families.environment_compression.constraint_distribution.all.p90,30,0.0,0.0,0.0,1.0,0.0,0.0
truth90_validation,T1,Linear,Reference_Phys_v2_common_heavy.families.environment_compression.constraint_distribution.all.p95,30,0.0,0.0,0.0,1.0,0.0,0.0
truth90_validation,T1,NeuralMD,Reference_Phys_v2_common_heavy.families.environment_compression.constraint_distribution.all.p95,30,0.0,0.0,0.0,1.0,0.0,0.0
truth90_validation,T1,Linear,Reference_Phys_v2_common_heavy.families.environment_compression.constraint_distribution.all.p99,30,0.0,0.0,0.0,1.0,0.0,0.0
truth90_validation,T1,NeuralMD,Reference_Phys_v2_common_heavy.families.environment_compression.constraint_distribution.all.p99,30,0.0,0.0,0.0,1.0,0.0,0.0
truth90_validation,T1,Linear,Reference_Phys_v2_common_heavy.families.environment_compression.constraint_distribution.positive.count,30,0.0,0.0,0.0,1.0,0.0,0.0
truth90_validation,T1,NeuralMD,Reference_Phys_v2_common_heavy.families.environment_compression.constraint_distribution.positive.count,30,0.0,0.0,0.0,1.0,0.0,0.0
truth90_validation,T1,Linear,Reference_Phys_v2_common_heavy.families.environment_compression.constraint_distribution.positive.maximum,3,0.0,0.0,0.0,1.0,0.0,0.0
truth90_validation,T1,NeuralMD,Reference_Phys_v2_common_heavy.families.environment_compression.constraint_distribution.positive.maximum,3,0.0,0.0,0.0,1.0,0.0,0.0
truth90_validation,T1,Linear,Reference_Phys_v2_common_heavy.families.environment_compression.constraint_distribution.positive.mean,3,0.0,0.0,0.0,1.0,0.0,0.0
truth90_validation,T1,NeuralMD,Reference_Phys_v2_common_heavy.families.environment_compression.constraint_distribution.positive.mean,3,0.0,0.0,0.0,1.0,0.0,0.0
truth90_validation,T1,Linear,Reference_Phys_v2_common_heavy.families.environment_compression.constraint_distribution.positive.p50,3,0.0,0.0,0.0,1.0,0.0,0.0
truth90_validation,T1,NeuralMD,Reference_Phys_v2_common_heavy.families.environment_compression.constraint_distribution.positive.p50,3,0.0,0.0,0.0,1.0,0.0,0.0
truth90_validation,T1,Linear,Reference_Phys_v2_common_heavy.families.environment_compression.constraint_distribution.positive.p90,3,0.0,0.0,0.0,1.0,0.0,0.0
truth90_validation,T1,NeuralMD,Reference_Phys_v2_common_heavy.families.environment_compression.constraint_distribution.positive.p90,3,0.0,0.0,0.0,1.0,0.0,0.0
truth90_validation,T1,Linear,Reference_Phys_v2_common_heavy.families.environment_compression.constraint_distribution.positive.p95,3,0.0,0.0,0.0,1.0,0.0,0.0
truth90_validation,T1,NeuralMD,Reference_Phys_v2_common_heavy.families.environment_compression.constraint_distribution.positive.p95,3,0.0,0.0,0.0,1.0,0.0,0.0
truth90_validation,T1,Linear,Reference_Phys_v2_common_heavy.families.environment_compression.constraint_distribution.positive.p99,3,0.0,0.0,0.0,1.0,0.0,0.0
truth90_validation,T1,NeuralMD,Reference_Phys_v2_common_heavy.families.environment_compression.constraint_distribution.positive.p99,3,0.0,0.0,0.0,1.0,0.0,0.0
truth90_validation,T1,Linear,Reference_Phys_v2_common_heavy.families.environment_compression.finite_mean_squared_severity,30,0.0,0.0,0.0,1.0,0.0,0.0
truth90_validation,T1,NeuralMD,Reference_Phys_v2_common_heavy.families.environment_compression.finite_mean_squared_severity,30,0.0,0.0,0.0,1.0,0.0,0.0
truth90_validation,T1,Linear,Reference_Phys_v2_common_heavy.families.environment_compression.frame_maximum_distribution.all.count,30,0.0,0.0,0.0,1.0,0.0,0.0
truth90_validation,T1,NeuralMD,Reference_Phys_v2_common_heavy.families.environment_compression.frame_maximum_distribution.all.count,30,0.0,0.0,0.0,1.0,0.0,0.0
truth90_validation,T1,Linear,Reference_Phys_v2_common_heavy.families.environment_compression.frame_maximum_distribution.all.maximum,30,0.0,0.0,0.0,1.0,0.0,0.0
truth90_validation,T1,NeuralMD,Reference_Phys_v2_common_heavy.families.environment_compression.frame_maximum_distribution.all.maximum,30,0.0,0.0,0.0,1.0,0.0,0.0
truth90_validation,T1,Linear,Reference_Phys_v2_common_heavy.families.environment_compression.frame_maximum_distribution.all.mean,30,0.0,0.0,0.0,1.0,0.0,0.0
truth90_validation,T1,NeuralMD,Reference_Phys_v2_common_heavy.families.environment_compression.frame_maximum_distribution.all.mean,30,0.0,0.0,0.0,1.0,0.0,0.0
truth90_validation,T1,Linear,Reference_Phys_v2_common_heavy.families.environment_compression.frame_maximum_distribution.all.p50,30,0.0,0.0,0.0,1.0,0.0,0.0
truth90_validation,T1,NeuralMD,Reference_Phys_v2_common_heavy.families.environment_compression.frame_maximum_distribution.all.p50,30,0.0,0.0,0.0,1.0,0.0,0.0
truth90_validation,T1,Linear,Reference_Phys_v2_common_heavy.families.environment_compression.frame_maximum_distribution.all.p90,30,0.0,0.0,0.0,1.0,0.0,0.0
truth90_validation,T1,NeuralMD,Reference_Phys_v2_common_heavy.families.environment_compression.frame_maximum_distribution.all.p90,30,0.0,0.0,0.0,1.0,0.0,0.0
truth90_validation,T1,Linear,Reference_Phys_v2_common_heavy.families.environment_compression.frame_maximum_distribution.all.p95,30,0.0,0.0,0.0,1.0,0.0,0.0
truth90_validation,T1,NeuralMD,Reference_Phys_v2_common_heavy.families.environment_compression.frame_maximum_distribution.all.p95,30,0.0,0.0,0.0,1.0,0.0,0.0
truth90_validation,T1,Linear,Reference_Phys_v2_common_heavy.families.environment_compression.frame_maximum_distribution.all.p99,30,0.0,0.0,0.0,1.0,0.0,0.0
truth90_validation,T1,NeuralMD,Reference_Phys_v2_common_heavy.families.environment_compression.frame_maximum_distribution.all.p99,30,0.0,0.0,0.0,1.0,0.0,0.0
truth90_validation,T1,Linear,Reference_Phys_v2_common_heavy.families.environment_compression.frame_maximum_distribution.positive.count,30,0.0,0.0,0.0,1.0,0.0,0.0
truth90_validation,T1,NeuralMD,Reference_Phys_v2_common_heavy.families.environment_compression.frame_maximum_distribution.positive.count,30,0.0,0.0,0.0,1.0,0.0,0.0
truth90_validation,T1,Linear,Reference_Phys_v2_common_heavy.families.environment_compression.frame_maximum_distribution.positive.maximum,3,0.0,0.0,0.0,1.0,0.0,0.0
truth90_validation,T1,NeuralMD,Reference_Phys_v2_common_heavy.families.environment_compression.frame_maximum_distribution.positive.maximum,3,0.0,0.0,0.0,1.0,0.0,0.0
truth90_validation,T1,Linear,Reference_Phys_v2_common_heavy.families.environment_compression.frame_maximum_distribution.positive.mean,3,0.0,0.0,0.0,1.0,0.0,0.0
truth90_validation,T1,NeuralMD,Reference_Phys_v2_common_heavy.families.environment_compression.frame_maximum_distribution.positive.mean,3,0.0,0.0,0.0,1.0,0.0,0.0
truth90_validation,T1,Linear,Reference_Phys_v2_common_heavy.families.environment_compression.frame_maximum_distribution.positive.p50,3,0.0,0.0,0.0,1.0,0.0,0.0
truth90_validation,T1,NeuralMD,Reference_Phys_v2_common_heavy.families.environment_compression.frame_maximum_distribution.positive.p50,3,0.0,0.0,0.0,1.0,0.0,0.0
truth90_validation,T1,Linear,Reference_Phys_v2_common_heavy.families.environment_compression.frame_maximum_distribution.positive.p90,3,0.0,0.0,0.0,1.0,0.0,0.0
truth90_validation,T1,NeuralMD,Reference_Phys_v2_common_heavy.families.environment_compression.frame_maximum_distribution.positive.p90,3,0.0,0.0,0.0,1.0,0.0,0.0
truth90_validation,T1,Linear,Reference_Phys_v2_common_heavy.families.environment_compression.frame_maximum_distribution.positive.p95,3,0.0,0.0,0.0,1.0,0.0,0.0
truth90_validation,T1,NeuralMD,Reference_Phys_v2_common_heavy.families.environment_compression.frame_maximum_distribution.positive.p95,3,0.0,0.0,0.0,1.0,0.0,0.0
truth90_validation,T1,Linear,Reference_Phys_v2_common_heavy.families.environment_compression.frame_maximum_distribution.positive.p99,3,0.0,0.0,0.0,1.0,0.0,0.0
truth90_validation,T1,NeuralMD,Reference_Phys_v2_common_heavy.families.environment_compression.frame_maximum_distribution.positive.p99,3,0.0,0.0,0.0,1.0,0.0,0.0
truth90_validation,T1,Linear,Reference_Phys_v2_common_heavy.families.environment_compression.threshold,30,0.0,0.0,0.0,1.0,0.0,0.0
truth90_validation,T1,NeuralMD,Reference_Phys_v2_common_heavy.families.environment_compression.threshold,30,0.0,0.0,0.0,1.0,0.0,0.0
truth90_validation,T1,Linear,Reference_Phys_v2_common_heavy.families.self_compression.anomaly_frame_fraction,30,0.0,0.0,0.0,1.0,0.0,0.0
truth90_validation,T1,NeuralMD,Reference_Phys_v2_common_heavy.families.self_compression.anomaly_frame_fraction,30,0.0,0.0,0.0,1.0,0.0,0.0
truth90_validation,T1,Linear,Reference_Phys_v2_common_heavy.families.self_compression.constraint_anomaly_fraction,30,0.0,0.0,0.0,1.0,0.0,0.0
truth90_validation,T1,NeuralMD,Reference_Phys_v2_common_heavy.families.self_compression.constraint_anomaly_fraction,30,0.0,0.0,0.0,1.0,0.0,0.0
truth90_validation,T1,Linear,Reference_Phys_v2_common_heavy.families.self_compression.constraint_distribution.all.count,30,0.0,0.0,0.0,1.0,0.0,0.0
truth90_validation,T1,NeuralMD,Reference_Phys_v2_common_heavy.families.self_compression.constraint_distribution.all.count,30,0.0,0.0,0.0,1.0,0.0,0.0
truth90_validation,T1,Linear,Reference_Phys_v2_common_heavy.families.self_compression.constraint_distribution.all.maximum,30,0.0,0.0,0.0,1.0,0.0,0.0
truth90_validation,T1,NeuralMD,Reference_Phys_v2_common_heavy.families.self_compression.constraint_distribution.all.maximum,30,0.0,0.0,0.0,1.0,0.0,0.0
truth90_validation,T1,Linear,Reference_Phys_v2_common_heavy.families.self_compression.constraint_distribution.all.mean,30,0.0,0.0,0.0,1.0,0.0,0.0
truth90_validation,T1,NeuralMD,Reference_Phys_v2_common_heavy.families.self_compression.constraint_distribution.all.mean,30,0.0,0.0,0.0,1.0,0.0,0.0
truth90_validation,T1,Linear,Reference_Phys_v2_common_heavy.families.self_compression.constraint_distribution.all.p50,30,0.0,0.0,0.0,1.0,0.0,0.0
truth90_validation,T1,NeuralMD,Reference_Phys_v2_common_heavy.families.self_compression.constraint_distribution.all.p50,30,0.0,0.0,0.0,1.0,0.0,0.0
truth90_validation,T1,Linear,Reference_Phys_v2_common_heavy.families.self_compression.constraint_distribution.all.p90,30,0.0,0.0,0.0,1.0,0.0,0.0
truth90_validation,T1,NeuralMD,Reference_Phys_v2_common_heavy.families.self_compression.constraint_distribution.all.p90,30,0.0,0.0,0.0,1.0,0.0,0.0
truth90_validation,T1,Linear,Reference_Phys_v2_common_heavy.families.self_compression.constraint_distribution.all.p95,30,0.0,0.0,0.0,1.0,0.0,0.0
truth90_validation,T1,NeuralMD,Reference_Phys_v2_common_heavy.families.self_compression.constraint_distribution.all.p95,30,0.0,0.0,0.0,1.0,0.0,0.0
truth90_validation,T1,Linear,Reference_Phys_v2_common_heavy.families.self_compression.constraint_distribution.all.p99,30,0.0,0.0,0.0,1.0,0.0,0.0
truth90_validation,T1,NeuralMD,Reference_Phys_v2_common_heavy.families.self_compression.constraint_distribution.all.p99,30,0.0,0.0,0.0,1.0,0.0,0.0
truth90_validation,T1,Linear,Reference_Phys_v2_common_heavy.families.self_compression.constraint_distribution.positive.count,30,0.0,0.0,0.0,1.0,0.0,0.0
truth90_validation,T1,NeuralMD,Reference_Phys_v2_common_heavy.families.self_compression.constraint_distribution.positive.count,30,0.0,0.0,0.0,1.0,0.0,0.0
truth90_validation,T1,Linear,Reference_Phys_v2_common_heavy.families.self_compression.finite_mean_squared_severity,30,0.0,0.0,0.0,1.0,0.0,0.0
truth90_validation,T1,NeuralMD,Reference_Phys_v2_common_heavy.families.self_compression.finite_mean_squared_severity,30,0.0,0.0,0.0,1.0,0.0,0.0
truth90_validation,T1,Linear,Reference_Phys_v2_common_heavy.families.self_compression.frame_maximum_distribution.all.count,30,0.0,0.0,0.0,1.0,0.0,0.0
truth90_validation,T1,NeuralMD,Reference_Phys_v2_common_heavy.families.self_compression.frame_maximum_distribution.all.count,30,0.0,0.0,0.0,1.0,0.0,0.0
truth90_validation,T1,Linear,Reference_Phys_v2_common_heavy.families.self_compression.frame_maximum_distribution.all.maximum,30,0.0,0.0,0.0,1.0,0.0,0.0
truth90_validation,T1,NeuralMD,Reference_Phys_v2_common_heavy.families.self_compression.frame_maximum_distribution.all.maximum,30,0.0,0.0,0.0,1.0,0.0,0.0
truth90_validation,T1,Linear,Reference_Phys_v2_common_heavy.families.self_compression.frame_maximum_distribution.all.mean,30,0.0,0.0,0.0,1.0,0.0,0.0
truth90_validation,T1,NeuralMD,Reference_Phys_v2_common_heavy.families.self_compression.frame_maximum_distribution.all.mean,30,0.0,0.0,0.0,1.0,0.0,0.0
truth90_validation,T1,Linear,Reference_Phys_v2_common_heavy.families.self_compression.frame_maximum_distribution.all.p50,30,0.0,0.0,0.0,1.0,0.0,0.0
truth90_validation,T1,NeuralMD,Reference_Phys_v2_common_heavy.families.self_compression.frame_maximum_distribution.all.p50,30,0.0,0.0,0.0,1.0,0.0,0.0
truth90_validation,T1,Linear,Reference_Phys_v2_common_heavy.families.self_compression.frame_maximum_distribution.all.p90,30,0.0,0.0,0.0,1.0,0.0,0.0
truth90_validation,T1,NeuralMD,Reference_Phys_v2_common_heavy.families.self_compression.frame_maximum_distribution.all.p90,30,0.0,0.0,0.0,1.0,0.0,0.0
truth90_validation,T1,Linear,Reference_Phys_v2_common_heavy.families.self_compression.frame_maximum_distribution.all.p95,30,0.0,0.0,0.0,1.0,0.0,0.0
truth90_validation,T1,NeuralMD,Reference_Phys_v2_common_heavy.families.self_compression.frame_maximum_distribution.all.p95,30,0.0,0.0,0.0,1.0,0.0,0.0
truth90_validation,T1,Linear,Reference_Phys_v2_common_heavy.families.self_compression.frame_maximum_distribution.all.p99,30,0.0,0.0,0.0,1.0,0.0,0.0
truth90_validation,T1,NeuralMD,Reference_Phys_v2_common_heavy.families.self_compression.frame_maximum_distribution.all.p99,30,0.0,0.0,0.0,1.0,0.0,0.0
truth90_validation,T1,Linear,Reference_Phys_v2_common_heavy.families.self_compression.frame_maximum_distribution.positive.count,30,0.0,0.0,0.0,1.0,0.0,0.0
truth90_validation,T1,NeuralMD,Reference_Phys_v2_common_heavy.families.self_compression.frame_maximum_distribution.positive.count,30,0.0,0.0,0.0,1.0,0.0,0.0
truth90_validation,T1,Linear,Reference_Phys_v2_common_heavy.families.self_compression.threshold,30,0.0,0.0,0.0,1.0,0.0,0.0
truth90_validation,T1,NeuralMD,Reference_Phys_v2_common_heavy.families.self_compression.threshold,30,0.0,0.0,0.0,1.0,0.0,0.0
truth90_validation,T1,Linear,Reference_Phys_v2_common_heavy.finite_frame_fraction,30,0.0,0.0,0.0,1.0,0.0,0.0
truth90_validation,T1,NeuralMD,Reference_Phys_v2_common_heavy.finite_frame_fraction,30,0.0,0.0,0.0,1.0,0.0,0.0
truth90_validation,T1,Linear,Reference_Phys_v2_common_heavy.fixed_environment_valid_frame_fraction,30,0.0,0.0,0.0,1.0,0.0,0.0
truth90_validation,T1,NeuralMD,Reference_Phys_v2_common_heavy.fixed_environment_valid_frame_fraction,30,0.0,0.0,0.0,1.0,0.0,0.0
truth90_validation,T1,Linear,Reference_Phys_v2_common_heavy.heavy_atoms,30,0.0,0.0,0.0,1.0,0.0,0.0
truth90_validation,T1,NeuralMD,Reference_Phys_v2_common_heavy.heavy_atoms,30,0.0,0.0,0.0,1.0,0.0,0.0
truth90_validation,T1,Linear,Reference_Phys_v2_common_heavy.intramolecular_tail_valid_frame_fraction,30,0.0,0.0,0.0,1.0,0.0,0.0
truth90_validation,T1,NeuralMD,Reference_Phys_v2_common_heavy.intramolecular_tail_valid_frame_fraction,30,0.0,0.0,0.0,1.0,0.0,0.0
truth90_validation,T1,Linear,Reference_Phys_v2_common_heavy.physical_excess_distributions.angle.all.count,30,0.0,0.0,0.0,1.0,0.0,0.0
truth90_validation,T1,NeuralMD,Reference_Phys_v2_common_heavy.physical_excess_distributions.angle.all.count,30,0.0,0.0,0.0,1.0,0.0,0.0
truth90_validation,T1,Linear,Reference_Phys_v2_common_heavy.physical_excess_distributions.angle.all.maximum,30,0.0,0.0,0.0,1.0,0.0,0.0
truth90_validation,T1,NeuralMD,Reference_Phys_v2_common_heavy.physical_excess_distributions.angle.all.maximum,30,0.0,0.0,0.0,1.0,0.0,0.0
truth90_validation,T1,Linear,Reference_Phys_v2_common_heavy.physical_excess_distributions.angle.all.mean,30,0.0,0.0,0.0,1.0,0.0,0.0
truth90_validation,T1,NeuralMD,Reference_Phys_v2_common_heavy.physical_excess_distributions.angle.all.mean,30,0.0,0.0,0.0,1.0,0.0,0.0
truth90_validation,T1,Linear,Reference_Phys_v2_common_heavy.physical_excess_distributions.angle.all.p50,30,0.0,0.0,0.0,1.0,0.0,0.0
truth90_validation,T1,NeuralMD,Reference_Phys_v2_common_heavy.physical_excess_distributions.angle.all.p50,30,0.0,0.0,0.0,1.0,0.0,0.0
truth90_validation,T1,Linear,Reference_Phys_v2_common_heavy.physical_excess_distributions.angle.all.p90,30,0.0,0.0,0.0,1.0,0.0,0.0
truth90_validation,T1,NeuralMD,Reference_Phys_v2_common_heavy.physical_excess_distributions.angle.all.p90,30,0.0,0.0,0.0,1.0,0.0,0.0
truth90_validation,T1,Linear,Reference_Phys_v2_common_heavy.physical_excess_distributions.angle.all.p95,30,0.0,0.0,0.0,1.0,0.0,0.0
truth90_validation,T1,NeuralMD,Reference_Phys_v2_common_heavy.physical_excess_distributions.angle.all.p95,30,0.0,0.0,0.0,1.0,0.0,0.0
truth90_validation,T1,Linear,Reference_Phys_v2_common_heavy.physical_excess_distributions.angle.all.p99,30,0.0,0.0,0.0,1.0,0.0,0.0
truth90_validation,T1,NeuralMD,Reference_Phys_v2_common_heavy.physical_excess_distributions.angle.all.p99,30,0.0,0.0,0.0,1.0,0.0,0.0
truth90_validation,T1,Linear,Reference_Phys_v2_common_heavy.physical_excess_distributions.angle.positive.count,30,0.0,0.0,0.0,1.0,0.0,0.0
truth90_validation,T1,NeuralMD,Reference_Phys_v2_common_heavy.physical_excess_distributions.angle.positive.count,30,0.0,0.0,0.0,1.0,0.0,0.0
truth90_validation,T1,Linear,Reference_Phys_v2_common_heavy.physical_excess_distributions.angle.positive.maximum,18,0.0,0.0,0.0,1.0,0.0,0.0
truth90_validation,T1,NeuralMD,Reference_Phys_v2_common_heavy.physical_excess_distributions.angle.positive.maximum,18,0.0,0.0,0.0,1.0,0.0,0.0
truth90_validation,T1,Linear,Reference_Phys_v2_common_heavy.physical_excess_distributions.angle.positive.mean,18,0.0,0.0,0.0,1.0,0.0,0.0
truth90_validation,T1,NeuralMD,Reference_Phys_v2_common_heavy.physical_excess_distributions.angle.positive.mean,18,0.0,0.0,0.0,1.0,0.0,0.0
truth90_validation,T1,Linear,Reference_Phys_v2_common_heavy.physical_excess_distributions.angle.positive.p50,18,0.0,0.0,0.0,1.0,0.0,0.0
truth90_validation,T1,NeuralMD,Reference_Phys_v2_common_heavy.physical_excess_distributions.angle.positive.p50,18,0.0,0.0,0.0,1.0,0.0,0.0
truth90_validation,T1,Linear,Reference_Phys_v2_common_heavy.physical_excess_distributions.angle.positive.p90,18,0.0,0.0,0.0,1.0,0.0,0.0
truth90_validation,T1,NeuralMD,Reference_Phys_v2_common_heavy.physical_excess_distributions.angle.positive.p90,18,0.0,0.0,0.0,1.0,0.0,0.0
truth90_validation,T1,Linear,Reference_Phys_v2_common_heavy.physical_excess_distributions.angle.positive.p95,18,0.0,0.0,0.0,1.0,0.0,0.0
truth90_validation,T1,NeuralMD,Reference_Phys_v2_common_heavy.physical_excess_distributions.angle.positive.p95,18,0.0,0.0,0.0,1.0,0.0,0.0
truth90_validation,T1,Linear,Reference_Phys_v2_common_heavy.physical_excess_distributions.angle.positive.p99,18,0.0,0.0,0.0,1.0,0.0,0.0
truth90_validation,T1,NeuralMD,Reference_Phys_v2_common_heavy.physical_excess_distributions.angle.positive.p99,18,0.0,0.0,0.0,1.0,0.0,0.0
truth90_validation,T1,Linear,Reference_Phys_v2_common_heavy.physical_excess_distributions.bond.all.count,30,0.0,0.0,0.0,1.0,0.0,0.0
truth90_validation,T1,NeuralMD,Reference_Phys_v2_common_heavy.physical_excess_distributions.bond.all.count,30,0.0,0.0,0.0,1.0,0.0,0.0
truth90_validation,T1,Linear,Reference_Phys_v2_common_heavy.physical_excess_distributions.bond.all.maximum,30,0.0,0.0,0.0,1.0,0.0,0.0
truth90_validation,T1,NeuralMD,Reference_Phys_v2_common_heavy.physical_excess_distributions.bond.all.maximum,30,0.0,0.0,0.0,1.0,0.0,0.0
truth90_validation,T1,Linear,Reference_Phys_v2_common_heavy.physical_excess_distributions.bond.all.mean,30,0.0,0.0,0.0,1.0,0.0,0.0
truth90_validation,T1,NeuralMD,Reference_Phys_v2_common_heavy.physical_excess_distributions.bond.all.mean,30,0.0,0.0,0.0,1.0,0.0,0.0
truth90_validation,T1,Linear,Reference_Phys_v2_common_heavy.physical_excess_distributions.bond.all.p50,30,0.0,0.0,0.0,1.0,0.0,0.0
truth90_validation,T1,NeuralMD,Reference_Phys_v2_common_heavy.physical_excess_distributions.bond.all.p50,30,0.0,0.0,0.0,1.0,0.0,0.0
truth90_validation,T1,Linear,Reference_Phys_v2_common_heavy.physical_excess_distributions.bond.all.p90,30,0.0,0.0,0.0,1.0,0.0,0.0
truth90_validation,T1,NeuralMD,Reference_Phys_v2_common_heavy.physical_excess_distributions.bond.all.p90,30,0.0,0.0,0.0,1.0,0.0,0.0
truth90_validation,T1,Linear,Reference_Phys_v2_common_heavy.physical_excess_distributions.bond.all.p95,30,0.0,0.0,0.0,1.0,0.0,0.0
truth90_validation,T1,NeuralMD,Reference_Phys_v2_common_heavy.physical_excess_distributions.bond.all.p95,30,0.0,0.0,0.0,1.0,0.0,0.0
truth90_validation,T1,Linear,Reference_Phys_v2_common_heavy.physical_excess_distributions.bond.all.p99,30,0.0,0.0,0.0,1.0,0.0,0.0
truth90_validation,T1,NeuralMD,Reference_Phys_v2_common_heavy.physical_excess_distributions.bond.all.p99,30,0.0,0.0,0.0,1.0,0.0,0.0
truth90_validation,T1,Linear,Reference_Phys_v2_common_heavy.physical_excess_distributions.bond.positive.count,30,0.0,0.0,0.0,1.0,0.0,0.0
truth90_validation,T1,NeuralMD,Reference_Phys_v2_common_heavy.physical_excess_distributions.bond.positive.count,30,0.0,0.0,0.0,1.0,0.0,0.0
truth90_validation,T1,Linear,Reference_Phys_v2_common_heavy.physical_excess_distributions.bond.positive.maximum,28,0.0,0.0,0.0,1.0,0.0,0.0
truth90_validation,T1,NeuralMD,Reference_Phys_v2_common_heavy.physical_excess_distributions.bond.positive.maximum,28,0.0,0.0,0.0,1.0,0.0,0.0
truth90_validation,T1,Linear,Reference_Phys_v2_common_heavy.physical_excess_distributions.bond.positive.mean,28,0.0,0.0,0.0,1.0,0.0,0.0
truth90_validation,T1,NeuralMD,Reference_Phys_v2_common_heavy.physical_excess_distributions.bond.positive.mean,28,0.0,0.0,0.0,1.0,0.0,0.0
truth90_validation,T1,Linear,Reference_Phys_v2_common_heavy.physical_excess_distributions.bond.positive.p50,28,0.0,0.0,0.0,1.0,0.0,0.0
truth90_validation,T1,NeuralMD,Reference_Phys_v2_common_heavy.physical_excess_distributions.bond.positive.p50,28,0.0,0.0,0.0,1.0,0.0,0.0
truth90_validation,T1,Linear,Reference_Phys_v2_common_heavy.physical_excess_distributions.bond.positive.p90,28,0.0,0.0,0.0,1.0,0.0,0.0
truth90_validation,T1,NeuralMD,Reference_Phys_v2_common_heavy.physical_excess_distributions.bond.positive.p90,28,0.0,0.0,0.0,1.0,0.0,0.0
truth90_validation,T1,Linear,Reference_Phys_v2_common_heavy.physical_excess_distributions.bond.positive.p95,28,0.0,0.0,0.0,1.0,0.0,0.0
truth90_validation,T1,NeuralMD,Reference_Phys_v2_common_heavy.physical_excess_distributions.bond.positive.p95,28,0.0,0.0,0.0,1.0,0.0,0.0
truth90_validation,T1,Linear,Reference_Phys_v2_common_heavy.physical_excess_distributions.bond.positive.p99,28,0.0,0.0,0.0,1.0,0.0,0.0
truth90_validation,T1,NeuralMD,Reference_Phys_v2_common_heavy.physical_excess_distributions.bond.positive.p99,28,0.0,0.0,0.0,1.0,0.0,0.0
truth90_validation,T1,Linear,Reference_Phys_v2_common_heavy.physical_excess_distributions.environment_depth_angstrom.all.count,30,0.0,0.0,0.0,1.0,0.0,0.0
truth90_validation,T1,NeuralMD,Reference_Phys_v2_common_heavy.physical_excess_distributions.environment_depth_angstrom.all.count,30,0.0,0.0,0.0,1.0,0.0,0.0
truth90_validation,T1,Linear,Reference_Phys_v2_common_heavy.physical_excess_distributions.environment_depth_angstrom.all.maximum,30,0.0,0.0,0.0,1.0,0.0,0.0
truth90_validation,T1,NeuralMD,Reference_Phys_v2_common_heavy.physical_excess_distributions.environment_depth_angstrom.all.maximum,30,0.0,0.0,0.0,1.0,0.0,0.0
truth90_validation,T1,Linear,Reference_Phys_v2_common_heavy.physical_excess_distributions.environment_depth_angstrom.all.mean,30,0.0,0.0,0.0,1.0,0.0,0.0
truth90_validation,T1,NeuralMD,Reference_Phys_v2_common_heavy.physical_excess_distributions.environment_depth_angstrom.all.mean,30,0.0,0.0,0.0,1.0,0.0,0.0
truth90_validation,T1,Linear,Reference_Phys_v2_common_heavy.physical_excess_distributions.environment_depth_angstrom.all.p50,30,0.0,0.0,0.0,1.0,0.0,0.0
truth90_validation,T1,NeuralMD,Reference_Phys_v2_common_heavy.physical_excess_distributions.environment_depth_angstrom.all.p50,30,0.0,0.0,0.0,1.0,0.0,0.0
truth90_validation,T1,Linear,Reference_Phys_v2_common_heavy.physical_excess_distributions.environment_depth_angstrom.all.p90,30,0.0,0.0,0.0,1.0,0.0,0.0
truth90_validation,T1,NeuralMD,Reference_Phys_v2_common_heavy.physical_excess_distributions.environment_depth_angstrom.all.p90,30,0.0,0.0,0.0,1.0,0.0,0.0
truth90_validation,T1,Linear,Reference_Phys_v2_common_heavy.physical_excess_distributions.environment_depth_angstrom.all.p95,30,0.0,0.0,0.0,1.0,0.0,0.0
truth90_validation,T1,NeuralMD,Reference_Phys_v2_common_heavy.physical_excess_distributions.environment_depth_angstrom.all.p95,30,0.0,0.0,0.0,1.0,0.0,0.0
truth90_validation,T1,Linear,Reference_Phys_v2_common_heavy.physical_excess_distributions.environment_depth_angstrom.all.p99,30,0.0,0.0,0.0,1.0,0.0,0.0
truth90_validation,T1,NeuralMD,Reference_Phys_v2_common_heavy.physical_excess_distributions.environment_depth_angstrom.all.p99,30,0.0,0.0,0.0,1.0,0.0,0.0
truth90_validation,T1,Linear,Reference_Phys_v2_common_heavy.physical_excess_distributions.environment_depth_angstrom.positive.count,30,0.0,0.0,0.0,1.0,0.0,0.0
truth90_validation,T1,NeuralMD,Reference_Phys_v2_common_heavy.physical_excess_distributions.environment_depth_angstrom.positive.count,30,0.0,0.0,0.0,1.0,0.0,0.0
truth90_validation,T1,Linear,Reference_Phys_v2_common_heavy.physical_excess_distributions.environment_depth_angstrom.positive.maximum,3,0.0,0.0,0.0,1.0,0.0,0.0
truth90_validation,T1,NeuralMD,Reference_Phys_v2_common_heavy.physical_excess_distributions.environment_depth_angstrom.positive.maximum,3,0.0,0.0,0.0,1.0,0.0,0.0
truth90_validation,T1,Linear,Reference_Phys_v2_common_heavy.physical_excess_distributions.environment_depth_angstrom.positive.mean,3,0.0,0.0,0.0,1.0,0.0,0.0
truth90_validation,T1,NeuralMD,Reference_Phys_v2_common_heavy.physical_excess_distributions.environment_depth_angstrom.positive.mean,3,0.0,0.0,0.0,1.0,0.0,0.0
truth90_validation,T1,Linear,Reference_Phys_v2_common_heavy.physical_excess_distributions.environment_depth_angstrom.positive.p50,3,0.0,0.0,0.0,1.0,0.0,0.0
truth90_validation,T1,NeuralMD,Reference_Phys_v2_common_heavy.physical_excess_distributions.environment_depth_angstrom.positive.p50,3,0.0,0.0,0.0,1.0,0.0,0.0
truth90_validation,T1,Linear,Reference_Phys_v2_common_heavy.physical_excess_distributions.environment_depth_angstrom.positive.p90,3,0.0,0.0,0.0,1.0,0.0,0.0
truth90_validation,T1,NeuralMD,Reference_Phys_v2_common_heavy.physical_excess_distributions.environment_depth_angstrom.positive.p90,3,0.0,0.0,0.0,1.0,0.0,0.0
truth90_validation,T1,Linear,Reference_Phys_v2_common_heavy.physical_excess_distributions.environment_depth_angstrom.positive.p95,3,0.0,0.0,0.0,1.0,0.0,0.0
truth90_validation,T1,NeuralMD,Reference_Phys_v2_common_heavy.physical_excess_distributions.environment_depth_angstrom.positive.p95,3,0.0,0.0,0.0,1.0,0.0,0.0
truth90_validation,T1,Linear,Reference_Phys_v2_common_heavy.physical_excess_distributions.environment_depth_angstrom.positive.p99,3,0.0,0.0,0.0,1.0,0.0,0.0
truth90_validation,T1,NeuralMD,Reference_Phys_v2_common_heavy.physical_excess_distributions.environment_depth_angstrom.positive.p99,3,0.0,0.0,0.0,1.0,0.0,0.0
truth90_validation,T1,Linear,Reference_Phys_v2_common_heavy.physical_excess_distributions.self_depth_angstrom.all.count,30,0.0,0.0,0.0,1.0,0.0,0.0
truth90_validation,T1,NeuralMD,Reference_Phys_v2_common_heavy.physical_excess_distributions.self_depth_angstrom.all.count,30,0.0,0.0,0.0,1.0,0.0,0.0
truth90_validation,T1,Linear,Reference_Phys_v2_common_heavy.physical_excess_distributions.self_depth_angstrom.all.maximum,30,0.0,0.0,0.0,1.0,0.0,0.0
truth90_validation,T1,NeuralMD,Reference_Phys_v2_common_heavy.physical_excess_distributions.self_depth_angstrom.all.maximum,30,0.0,0.0,0.0,1.0,0.0,0.0
truth90_validation,T1,Linear,Reference_Phys_v2_common_heavy.physical_excess_distributions.self_depth_angstrom.all.mean,30,0.0,0.0,0.0,1.0,0.0,0.0
truth90_validation,T1,NeuralMD,Reference_Phys_v2_common_heavy.physical_excess_distributions.self_depth_angstrom.all.mean,30,0.0,0.0,0.0,1.0,0.0,0.0
truth90_validation,T1,Linear,Reference_Phys_v2_common_heavy.physical_excess_distributions.self_depth_angstrom.all.p50,30,0.0,0.0,0.0,1.0,0.0,0.0
truth90_validation,T1,NeuralMD,Reference_Phys_v2_common_heavy.physical_excess_distributions.self_depth_angstrom.all.p50,30,0.0,0.0,0.0,1.0,0.0,0.0
truth90_validation,T1,Linear,Reference_Phys_v2_common_heavy.physical_excess_distributions.self_depth_angstrom.all.p90,30,0.0,0.0,0.0,1.0,0.0,0.0
truth90_validation,T1,NeuralMD,Reference_Phys_v2_common_heavy.physical_excess_distributions.self_depth_angstrom.all.p90,30,0.0,0.0,0.0,1.0,0.0,0.0
truth90_validation,T1,Linear,Reference_Phys_v2_common_heavy.physical_excess_distributions.self_depth_angstrom.all.p95,30,0.0,0.0,0.0,1.0,0.0,0.0
truth90_validation,T1,NeuralMD,Reference_Phys_v2_common_heavy.physical_excess_distributions.self_depth_angstrom.all.p95,30,0.0,0.0,0.0,1.0,0.0,0.0
truth90_validation,T1,Linear,Reference_Phys_v2_common_heavy.physical_excess_distributions.self_depth_angstrom.all.p99,30,0.0,0.0,0.0,1.0,0.0,0.0
truth90_validation,T1,NeuralMD,Reference_Phys_v2_common_heavy.physical_excess_distributions.self_depth_angstrom.all.p99,30,0.0,0.0,0.0,1.0,0.0,0.0
truth90_validation,T1,Linear,Reference_Phys_v2_common_heavy.physical_excess_distributions.self_depth_angstrom.positive.count,30,0.0,0.0,0.0,1.0,0.0,0.0
truth90_validation,T1,NeuralMD,Reference_Phys_v2_common_heavy.physical_excess_distributions.self_depth_angstrom.positive.count,30,0.0,0.0,0.0,1.0,0.0,0.0
truth90_validation,T1,Linear,Reference_Phys_v2_common_heavy.windows.early.valid_frame_fraction,30,0.0,0.0,0.0,1.0,0.0,0.0
truth90_validation,T1,NeuralMD,Reference_Phys_v2_common_heavy.windows.early.valid_frame_fraction,30,0.0,0.0,0.0,1.0,0.0,0.0
truth90_validation,T1,Linear,Reference_Phys_v2_common_heavy.windows.late.valid_frame_fraction,30,0.0,0.0,0.0,1.0,0.0,0.0
truth90_validation,T1,NeuralMD,Reference_Phys_v2_common_heavy.windows.late.valid_frame_fraction,30,0.0,0.0,0.0,1.0,0.0,0.0
truth90_validation,T1,Linear,Reference_Phys_v2_common_heavy.windows.middle.valid_frame_fraction,30,0.0,0.0,0.0,1.0,0.0,0.0
truth90_validation,T1,NeuralMD,Reference_Phys_v2_common_heavy.windows.middle.valid_frame_fraction,30,0.0,0.0,0.0,1.0,0.0,0.0
truth90_validation,T1,Linear,Stab.early.end_ps,30,0.0,0.0,0.0,1.0,0.0,0.0
truth90_validation,T1,NeuralMD,Stab.early.end_ps,30,0.0,0.0,0.0,1.0,0.0,0.0
truth90_validation,T1,Linear,Stab.early.geometry.angle_mean_squared_excess,30,-0.0020380736497193266,-0.0005826872948886432,1.0,0.0,-0.003208059025061953,-0.0010376433920103168
truth90_validation,T1,NeuralMD,Stab.early.geometry.angle_mean_squared_excess,30,4.59749486745424e-06,1.4814730412715124e-07,0.0,0.16666666666666666,1.0439362029794216e-06,1.0237998591938052e-05
truth90_validation,T1,Linear,Stab.early.geometry.angle_violations,30,-5.808333333333334,-3.5,0.9,0.03333333333333333,-8.850208333333333,-3.3833333333333333
truth90_validation,T1,NeuralMD,Stab.early.geometry.angle_violations,30,6.316666666666666,2.25,0.0,0.16666666666666666,2.749791666666667,10.909166666666662
truth90_validation,T1,Linear,Stab.early.geometry.assessed_geometry_valid,30,0.25,0.0,0.0,0.5666666666666667,0.13333333333333333,0.36666666666666664
truth90_validation,T1,NeuralMD,Stab.early.geometry.assessed_geometry_valid,30,-0.6916666666666667,-1.0,0.8666666666666667,0.13333333333333333,-0.816875,-0.55
truth90_validation,T1,Linear,Stab.early.geometry.bond_mean_squared_excess,30,-0.07594118657527524,-0.03797502044064506,1.0,0.0,-0.11044289707162805,-0.045123362180444986
truth90_validation,T1,NeuralMD,Stab.early.geometry.bond_mean_squared_excess,30,1.798484820570698e-06,3.664808035966367e-08,0.0,0.16666666666666666,3.986435813995473e-07,3.743594157181947e-06
truth90_validation,T1,Linear,Stab.early.geometry.bond_violations,30,-16.558333333333334,-10.125,0.9666666666666667,0.03333333333333333,-24.891875,-10.208125000000003
truth90_validation,T1,NeuralMD,Stab.early.geometry.bond_violations,30,8.9,2.5,0.0,0.16666666666666666,4.1,14.858333333333333
truth90_validation,T1,Linear,Stab.early.geometry.ligand_environment_overlap_violations,30,0.14166666666666666,0.0,0.03333333333333333,0.9,-0.05,0.4083333333333333
truth90_validation,T1,NeuralMD,Stab.early.geometry.ligand_environment_overlap_violations,30,0.16666666666666666,0.0,0.0,0.9333333333333333,0.0,0.43333333333333335
truth90_validation,T1,Linear,Stab.early.geometry.ligand_self_overlap_violations,30,-0.03333333333333333,0.0,0.1,0.9,-0.075,0.0
truth90_validation,T1,NeuralMD,Stab.early.geometry.ligand_self_overlap_violations,30,0.0,0.0,0.0,1.0,0.0,0.0
truth90_validation,T1,Linear,Stab.early.geometry.local_configuration_flips,30,0.0,0.0,0.0,1.0,0.0,0.0
truth90_validation,T1,NeuralMD,Stab.early.geometry.local_configuration_flips,30,0.0,0.0,0.0,1.0,0.0,0.0
truth90_validation,T1,Linear,Stab.early.geometry.severe_overlap_mean_squared,30,9.01335333428111e-05,0.0,0.06666666666666667,0.8666666666666667,-0.00010834497309324352,0.0003573570759393437
truth90_validation,T1,NeuralMD,Stab.early.geometry.severe_overlap_mean_squared,30,0.00015817631389820246,0.0,0.0,0.9333333333333333,0.0,0.0004057145475420931
truth90_validation,T1,Linear,Stab.early.predicted_step_rms_angstrom,30,0.7450216602187241,0.626931543346199,0.0,0.0,0.5884834656131562,0.9383724631958043
truth90_validation,T1,NeuralMD,Stab.early.predicted_step_rms_angstrom,30,1.0294350348650994,0.8695087510722628,0.0,0.0,0.8582959506515087,1.2403460071767327
truth90_validation,T1,Linear,Stab.early.reference_geometry.angle_mean_squared_excess,30,0.0,0.0,0.0,1.0,0.0,0.0
truth90_validation,T1,NeuralMD,Stab.early.reference_geometry.angle_mean_squared_excess,30,2.673257521204923e-05,9.796784909365203e-06,0.03333333333333333,0.06666666666666667,1.0887075149903449e-05,4.9829434300753557e-05
truth90_validation,T1,Linear,Stab.early.reference_geometry.angle_violations,30,0.0,0.0,0.0,1.0,0.0,0.0
truth90_validation,T1,NeuralMD,Stab.early.reference_geometry.angle_violations,30,1.1833333333333333,0.875,0.0,0.06666666666666667,0.7416666666666667,1.7333333333333334
truth90_validation,T1,Linear,Stab.early.reference_geometry.assessed_geometry_valid,30,0.0,0.0,0.0,1.0,0.0,0.0
truth90_validation,T1,NeuralMD,Stab.early.reference_geometry.assessed_geometry_valid,30,-0.25,-0.25,0.5666666666666667,0.43333333333333335,-0.35833333333333334,-0.15833333333333333
truth90_validation,T1,Linear,Stab.early.reference_geometry.bond_mean_squared_excess,30,0.0,0.0,0.0,1.0,0.0,0.0
truth90_validation,T1,NeuralMD,Stab.early.reference_geometry.bond_mean_squared_excess,30,-8.916589166138263e-07,-2.7421877271823446e-07,0.6666666666666666,0.3333333333333333,-1.672283205621433e-06,-3.2696659536595445e-07
truth90_validation,T1,Linear,Stab.early.reference_geometry.bond_violations,30,0.0,0.0,0.0,1.0,0.0,0.0
truth90_validation,T1,NeuralMD,Stab.early.reference_geometry.bond_violations,30,0.0,0.0,0.0,1.0,0.0,0.0
truth90_validation,T1,Linear,Stab.early.reference_geometry.ligand_environment_overlap_violations,30,0.0,0.0,0.0,1.0,0.0,0.0
truth90_validation,T1,NeuralMD,Stab.early.reference_geometry.ligand_environment_overlap_violations,30,0.0,0.0,0.0,1.0,0.0,0.0
truth90_validation,T1,Linear,Stab.early.reference_geometry.ligand_self_overlap_violations,30,0.0,0.0,0.0,1.0,0.0,0.0
truth90_validation,T1,NeuralMD,Stab.early.reference_geometry.ligand_self_overlap_violations,30,0.0,0.0,0.0,1.0,0.0,0.0
truth90_validation,T1,Linear,Stab.early.reference_geometry.local_configuration_flips,30,0.0,0.0,0.0,1.0,0.0,0.0
truth90_validation,T1,NeuralMD,Stab.early.reference_geometry.local_configuration_flips,30,0.0,0.0,0.0,1.0,0.0,0.0
truth90_validation,T1,Linear,Stab.early.reference_geometry.severe_overlap_mean_squared,30,0.0,0.0,0.0,1.0,0.0,0.0
truth90_validation,T1,NeuralMD,Stab.early.reference_geometry.severe_overlap_mean_squared,30,0.0,0.0,0.0,1.0,0.0,0.0
truth90_validation,T1,Linear,Stab.early.rmsd_angstrom,30,-0.054915161685064794,-0.03879745192327633,0.5333333333333333,0.0,-0.25086341763986364,0.1510246502953003
truth90_validation,T1,NeuralMD,Stab.early.rmsd_angstrom,30,0.37125628511346576,0.28602544139157143,0.16666666666666666,0.0,0.239396247906332,0.512772308235695
truth90_validation,T1,Linear,Stab.early.start_ps,30,0.0,0.0,0.0,1.0,0.0,0.0
truth90_validation,T1,NeuralMD,Stab.early.start_ps,30,0.0,0.0,0.0,1.0,0.0,0.0
truth90_validation,T1,Linear,Stab.early.true_step_rms_angstrom,30,0.0,0.0,0.0,1.0,0.0,0.0
truth90_validation,T1,NeuralMD,Stab.early.true_step_rms_angstrom,30,0.0,0.0,0.0,1.0,0.0,0.0
truth90_validation,T1,Linear,Stab.late.end_ps,30,0.0,0.0,0.0,1.0,0.0,0.0
truth90_validation,T1,NeuralMD,Stab.late.end_ps,30,0.0,0.0,0.0,1.0,0.0,0.0
truth90_validation,T1,Linear,Stab.late.geometry.angle_mean_squared_excess,30,-0.02389131157924176,-0.015633302316678456,1.0,0.0,-0.032889879552903754,-0.016749246042050327
truth90_validation,T1,NeuralMD,Stab.late.geometry.angle_mean_squared_excess,30,8.735951621301592e-05,2.2838590780760015e-07,0.0,0.06666666666666667,4.577752108148066e-06,0.0002456039100938119
truth90_validation,T1,Linear,Stab.late.geometry.angle_violations,30,-36.55555555555555,-22.166666666666664,1.0,0.0,-53.72333333333333,-23.66666666666667
truth90_validation,T1,NeuralMD,Stab.late.geometry.angle_violations,30,8.677777777777779,3.166666666666667,0.0,0.06666666666666667,3.9555555555555557,15.178055555555554
truth90_validation,T1,Linear,Stab.late.geometry.assessed_geometry_valid,30,0.15555555555555556,0.0,0.0,0.7333333333333333,0.06666666666666667,0.25583333333333186
truth90_validation,T1,NeuralMD,Stab.late.geometry.assessed_geometry_valid,30,-0.47777777777777786,-0.5,0.7,0.23333333333333334,-0.6555555555555554,-0.2888888888888889
truth90_validation,T1,Linear,Stab.late.geometry.bond_mean_squared_excess,30,-1.0146438144890175,-0.5302026669780278,1.0,0.0,-1.4691377303818276,-0.6086451978476184
truth90_validation,T1,NeuralMD,Stab.late.geometry.bond_mean_squared_excess,30,-3.3225324421237995e-06,4.535352273768142e-09,0.3333333333333333,0.06666666666666667,-1.6229533553986542e-05,1.1157895277236603e-05
truth90_validation,T1,Linear,Stab.late.geometry.bond_violations,30,-35.611111111111114,-24.333333333333336,1.0,0.0,-48.722222222222236,-24.555
truth90_validation,T1,NeuralMD,Stab.late.geometry.bond_violations,30,9.622222222222225,3.333333333333333,0.06666666666666667,0.06666666666666667,4.01,16.7
truth90_validation,T1,Linear,Stab.late.geometry.ligand_environment_overlap_violations,30,-1.4333333333333336,-0.5,0.6,0.26666666666666666,-2.5444444444444443,-0.5663888888888903
truth90_validation,T1,NeuralMD,Stab.late.geometry.ligand_environment_overlap_violations,30,0.1888888888888889,0.0,0.0,0.8333333333333334,0.03333333333333333,0.3777777777777778
truth90_validation,T1,Linear,Stab.late.geometry.ligand_self_overlap_violations,30,-0.24444444444444446,0.0,0.1,0.9,-0.6666666666666666,0.0
truth90_validation,T1,NeuralMD,Stab.late.geometry.ligand_self_overlap_violations,30,0.04444444444444444,0.0,0.0,0.9666666666666667,0.0,0.13333333333333333
truth90_validation,T1,Linear,Stab.late.geometry.local_configuration_flips,30,0.03333333333333333,0.0,0.0,0.9,0.0,0.07777777777777777
truth90_validation,T1,NeuralMD,Stab.late.geometry.local_configuration_flips,30,0.03333333333333333,0.0,0.0,0.9,0.0,0.07777777777777777
truth90_validation,T1,Linear,Stab.late.geometry.severe_overlap_mean_squared,30,-0.008626024171923784,-8.775112727190893e-05,0.6,0.26666666666666666,-0.01739999140359457,-0.0021930499813632063
truth90_validation,T1,NeuralMD,Stab.late.geometry.severe_overlap_mean_squared,30,0.0002038782166792031,0.0,0.0,0.8333333333333334,4.511035391151708e-05,0.00040076363265514485
truth90_validation,T1,Linear,Stab.late.predicted_step_rms_angstrom,30,0.7574095026578498,0.6225010911190708,0.0,0.0,0.6058137845562604,0.9303988765755814
truth90_validation,T1,NeuralMD,Stab.late.predicted_step_rms_angstrom,30,1.0418229860438115,0.961589610036492,0.0,0.0,0.8673743034281829,1.2434749526149524
truth90_validation,T1,Linear,Stab.late.reference_geometry.angle_mean_squared_excess,30,0.0,0.0,0.0,1.0,0.0,0.0
truth90_validation,T1,NeuralMD,Stab.late.reference_geometry.angle_mean_squared_excess,30,1.1211538196105009e-05,3.238335842783611e-06,0.06666666666666667,0.23333333333333334,4.692182097185353e-06,1.9385925066824616e-05
truth90_validation,T1,Linear,Stab.late.reference_geometry.angle_violations,30,0.0,0.0,0.0,1.0,0.0,0.0
truth90_validation,T1,NeuralMD,Stab.late.reference_geometry.angle_violations,30,0.8,0.5,0.0,0.23333333333333334,0.5,1.1666666666666667
truth90_validation,T1,Linear,Stab.late.reference_geometry.assessed_geometry_valid,30,0.0,0.0,0.0,1.0,0.0,0.0
truth90_validation,T1,NeuralMD,Stab.late.reference_geometry.assessed_geometry_valid,30,-0.25555555555555554,-0.3333333333333333,0.6,0.4,-0.3444444444444445,-0.16666666666666663
truth90_validation,T1,Linear,Stab.late.reference_geometry.bond_mean_squared_excess,30,0.0,0.0,0.0,1.0,0.0,0.0
truth90_validation,T1,NeuralMD,Stab.late.reference_geometry.bond_mean_squared_excess,30,-1.749548504451829e-06,-2.9680398680376975e-07,0.7666666666666667,0.23333333333333334,-3.741542149445385e-06,-4.827636422169888e-07
truth90_validation,T1,Linear,Stab.late.reference_geometry.bond_violations,30,0.0,0.0,0.0,1.0,0.0,0.0
truth90_validation,T1,NeuralMD,Stab.late.reference_geometry.bond_violations,30,0.0,0.0,0.0,1.0,0.0,0.0
truth90_validation,T1,Linear,Stab.late.reference_geometry.ligand_environment_overlap_violations,30,0.0,0.0,0.0,1.0,0.0,0.0
truth90_validation,T1,NeuralMD,Stab.late.reference_geometry.ligand_environment_overlap_violations,30,0.0,0.0,0.0,1.0,0.0,0.0
truth90_validation,T1,Linear,Stab.late.reference_geometry.ligand_self_overlap_violations,30,0.0,0.0,0.0,1.0,0.0,0.0
truth90_validation,T1,NeuralMD,Stab.late.reference_geometry.ligand_self_overlap_violations,30,0.0,0.0,0.0,1.0,0.0,0.0
truth90_validation,T1,Linear,Stab.late.reference_geometry.local_configuration_flips,30,0.0,0.0,0.0,1.0,0.0,0.0
truth90_validation,T1,NeuralMD,Stab.late.reference_geometry.local_configuration_flips,30,0.0,0.0,0.0,1.0,0.0,0.0
truth90_validation,T1,Linear,Stab.late.reference_geometry.severe_overlap_mean_squared,30,0.0,0.0,0.0,1.0,0.0,0.0
truth90_validation,T1,NeuralMD,Stab.late.reference_geometry.severe_overlap_mean_squared,30,0.0,0.0,0.0,1.0,0.0,0.0
truth90_validation,T1,Linear,Stab.late.rmsd_angstrom,30,-1.538556514703376,-1.2378461434475954,0.8666666666666667,0.0,-2.0524307668953323,-1.0927502892619296
truth90_validation,T1,NeuralMD,Stab.late.rmsd_angstrom,30,0.4434782151987322,0.4463431790049018,0.16666666666666666,0.0,0.28168585091749065,0.6138170755255126
truth90_validation,T1,Linear,Stab.late.start_ps,30,0.0,0.0,0.0,1.0,0.0,0.0
truth90_validation,T1,NeuralMD,Stab.late.start_ps,30,0.0,0.0,0.0,1.0,0.0,0.0
truth90_validation,T1,Linear,Stab.late.true_step_rms_angstrom,30,0.0,0.0,0.0,1.0,0.0,0.0
truth90_validation,T1,NeuralMD,Stab.late.true_step_rms_angstrom,30,0.0,0.0,0.0,1.0,0.0,0.0
truth90_validation,T1,Linear,Stab.middle.end_ps,30,0.0,0.0,0.0,1.0,0.0,0.0
truth90_validation,T1,NeuralMD,Stab.middle.end_ps,30,0.0,0.0,0.0,1.0,0.0,0.0
truth90_validation,T1,Linear,Stab.middle.geometry.angle_mean_squared_excess,30,-0.011361186027315241,-0.005414906181584953,1.0,0.0,-0.01624990252187585,-0.006889156228294962
truth90_validation,T1,NeuralMD,Stab.middle.geometry.angle_mean_squared_excess,30,2.675929338854562e-05,1.0989620567476674e-07,0.0,0.16666666666666666,1.5245755360343558e-06,7.24729228808577e-05
truth90_validation,T1,Linear,Stab.middle.geometry.angle_violations,30,-25.522222222222226,-14.5,1.0,0.0,-38.812222222222225,-16.03305555555556
truth90_validation,T1,NeuralMD,Stab.middle.geometry.angle_violations,30,7.922222222222221,2.0,0.0,0.16666666666666666,3.1769444444444437,14.277777777777777
truth90_validation,T1,Linear,Stab.middle.geometry.assessed_geometry_valid,30,0.2555555555555556,0.0,0.0,0.6666666666666666,0.12222222222222222,0.4111111111111111
truth90_validation,T1,NeuralMD,Stab.middle.geometry.assessed_geometry_valid,30,-0.6222222222222222,-0.8333333333333334,0.7333333333333333,0.26666666666666666,-0.7666666666666667,-0.4555555555555556
truth90_validation,T1,Linear,Stab.middle.geometry.bond_mean_squared_excess,30,-0.42380211429986203,-0.2144511378215404,1.0,0.0,-0.6086905540137371,-0.26043716111833953
truth90_validation,T1,NeuralMD,Stab.middle.geometry.bond_mean_squared_excess,30,1.5856048059268595e-06,2.1141552072440294e-08,0.06666666666666667,0.2,-1.4754716152059425e-06,5.3981328400614604e-06
truth90_validation,T1,Linear,Stab.middle.geometry.bond_violations,30,-31.11111111111111,-20.5,1.0,0.0,-43.85583333333334,-21.388611111111114
truth90_validation,T1,NeuralMD,Stab.middle.geometry.bond_violations,30,9.522222222222222,2.6666666666666665,0.0,0.2,3.8441666666666663,16.188888888888886
truth90_validation,T1,Linear,Stab.middle.geometry.ligand_environment_overlap_violations,30,-0.11111111111111113,0.0,0.36666666666666664,0.5666666666666667,-0.6113888888888889,0.5888888888888889
truth90_validation,T1,NeuralMD,Stab.middle.geometry.ligand_environment_overlap_violations,30,0.3111111111111111,0.0,0.0,0.9333333333333333,0.0,0.888888888888889
truth90_validation,T1,Linear,Stab.middle.geometry.ligand_self_overlap_violations,30,-0.05555555555555555,0.0,0.1,0.8666666666666667,-0.23333333333333336,0.11111111111111115
truth90_validation,T1,NeuralMD,Stab.middle.geometry.ligand_self_overlap_violations,30,0.07777777777777778,0.0,0.0,0.9666666666666667,0.0,0.23333333333333334
truth90_validation,T1,Linear,Stab.middle.geometry.local_configuration_flips,30,0.02222222222222222,0.0,0.0,0.9666666666666667,0.0,0.06666666666666667
truth90_validation,T1,NeuralMD,Stab.middle.geometry.local_configuration_flips,30,0.02222222222222222,0.0,0.0,0.9666666666666667,0.0,0.06666666666666667
truth90_validation,T1,Linear,Stab.middle.geometry.severe_overlap_mean_squared,30,-0.0012134402817803591,0.0,0.36666666666666664,0.5666666666666667,-0.002634003989730657,0.00015950430101407148
truth90_validation,T1,NeuralMD,Stab.middle.geometry.severe_overlap_mean_squared,30,0.00031366469201122036,0.0,0.0,0.9333333333333333,0.0,0.0009286541843167392
truth90_validation,T1,Linear,Stab.middle.predicted_step_rms_angstrom,30,0.6691119111697277,0.5358671336143195,0.0,0.0,0.5313802056199818,0.8511007078088402
truth90_validation,T1,NeuralMD,Stab.middle.predicted_step_rms_angstrom,30,0.9535236497511467,0.8086519966375627,0.0,0.0,0.7897364518351012,1.158047291241807
truth90_validation,T1,Linear,Stab.middle.reference_geometry.angle_mean_squared_excess,30,0.0,0.0,0.0,1.0,0.0,0.0
truth90_validation,T1,NeuralMD,Stab.middle.reference_geometry.angle_mean_squared_excess,30,1.4369448216381625e-05,6.350051346051299e-06,0.03333333333333333,0.1,8.615772156858135e-06,2.0559440241862653e-05
truth90_validation,T1,Linear,Stab.middle.reference_geometry.angle_violations,30,0.0,0.0,0.0,1.0,0.0,0.0
truth90_validation,T1,NeuralMD,Stab.middle.reference_geometry.angle_violations,30,1.0333333333333334,0.6666666666666666,0.0,0.13333333333333333,0.5552777777777778,1.7224999999999988
truth90_validation,T1,Linear,Stab.middle.reference_geometry.assessed_geometry_valid,30,0.0,0.0,0.0,1.0,0.0,0.0
truth90_validation,T1,NeuralMD,Stab.middle.reference_geometry.assessed_geometry_valid,30,-0.24444444444444444,-0.3333333333333333,0.6333333333333333,0.36666666666666664,-0.3222222222222222,-0.16666666666666666
truth90_validation,T1,Linear,Stab.middle.reference_geometry.bond_mean_squared_excess,30,0.0,0.0,0.0,1.0,0.0,0.0
truth90_validation,T1,NeuralMD,Stab.middle.reference_geometry.bond_mean_squared_excess,30,-1.1220988203801602e-06,-1.3833503380663984e-07,0.5333333333333333,0.4666666666666667,-2.233802174677068e-06,-3.458968825117555e-07
truth90_validation,T1,Linear,Stab.middle.reference_geometry.bond_violations,30,0.0,0.0,0.0,1.0,0.0,0.0
truth90_validation,T1,NeuralMD,Stab.middle.reference_geometry.bond_violations,30,0.0,0.0,0.0,1.0,0.0,0.0
truth90_validation,T1,Linear,Stab.middle.reference_geometry.ligand_environment_overlap_violations,30,0.0,0.0,0.0,1.0,0.0,0.0
truth90_validation,T1,NeuralMD,Stab.middle.reference_geometry.ligand_environment_overlap_violations,30,0.0,0.0,0.0,1.0,0.0,0.0
truth90_validation,T1,Linear,Stab.middle.reference_geometry.ligand_self_overlap_violations,30,0.0,0.0,0.0,1.0,0.0,0.0
truth90_validation,T1,NeuralMD,Stab.middle.reference_geometry.ligand_self_overlap_violations,30,0.0,0.0,0.0,1.0,0.0,0.0
truth90_validation,T1,Linear,Stab.middle.reference_geometry.local_configuration_flips,30,0.0,0.0,0.0,1.0,0.0,0.0
truth90_validation,T1,NeuralMD,Stab.middle.reference_geometry.local_configuration_flips,30,0.0,0.0,0.0,1.0,0.0,0.0
truth90_validation,T1,Linear,Stab.middle.reference_geometry.severe_overlap_mean_squared,30,0.0,0.0,0.0,1.0,0.0,0.0
truth90_validation,T1,NeuralMD,Stab.middle.reference_geometry.severe_overlap_mean_squared,30,0.0,0.0,0.0,1.0,0.0,0.0
truth90_validation,T1,Linear,Stab.middle.rmsd_angstrom,30,-0.8769534787065818,-0.6396636200382692,0.8666666666666667,0.0,-1.2532756711508841,-0.5243164668077209
truth90_validation,T1,NeuralMD,Stab.middle.rmsd_angstrom,30,0.35727719856871476,0.295343379326918,0.16666666666666666,0.0,0.16535832702289227,0.562736825133116
truth90_validation,T1,Linear,Stab.middle.start_ps,30,0.0,0.0,0.0,1.0,0.0,0.0
truth90_validation,T1,NeuralMD,Stab.middle.start_ps,30,0.0,0.0,0.0,1.0,0.0,0.0
truth90_validation,T1,Linear,Stab.middle.true_step_rms_angstrom,30,0.0,0.0,0.0,1.0,0.0,0.0
truth90_validation,T1,NeuralMD,Stab.middle.true_step_rms_angstrom,30,0.0,0.0,0.0,1.0,0.0,0.0
truth90_validation,T2,Linear,Dyn.contacts.all_residues.brier,30,-0.013716686038539936,-0.008576097105508869,0.9,0.0,-0.0221630556979878,-0.007750581555751804
truth90_validation,T2,NeuralMD,Dyn.contacts.all_residues.brier,30,0.001864827850171485,0.001873423824358404,0.2,0.0,0.0007707872498310286,0.003021867502876106
truth90_validation,T2,Linear,Dyn.contacts.all_residues.distance_w1_angstrom,30,-1.0654789231873665,-0.6537017873323608,0.9,0.0,-1.7083086092655804,-0.6261793594425915
truth90_validation,T2,NeuralMD,Dyn.contacts.all_residues.distance_w1_angstrom,30,0.003662522574939564,0.01133050291680815,0.4666666666666667,0.0,-0.05318055201984706,0.05843304428528033
truth90_validation,T2,Linear,Dyn.contacts.all_residues.joint_occurrence_mae_lag_160.0ps,30,-0.014693438492955317,-0.008753550107227729,0.9,0.0,-0.023157814869298042,-0.008757450121475384
truth90_validation,T2,NeuralMD,Dyn.contacts.all_residues.joint_occurrence_mae_lag_160.0ps,30,-0.0008840768690923759,0.00015638470110809706,0.43333333333333335,0.03333333333333333,-0.002707343576265918,0.0008351269397743605
truth90_validation,T2,Linear,Dyn.contacts.all_residues.joint_occurrence_mae_lag_320.0ps,30,-0.013356423050676112,-0.008673065938000886,0.9,0.0,-0.020699798063711413,-0.007428374237865095
truth90_validation,T2,NeuralMD,Dyn.contacts.all_residues.joint_occurrence_mae_lag_320.0ps,30,-0.001033206649959624,0.00023447081740134173,0.4,0.0,-0.003284954857539873,0.0008801295769808807
truth90_validation,T2,Linear,Dyn.contacts.all_residues.joint_occurrence_mae_lag_640.0ps,30,-0.011090547675704894,-0.005519943019943021,0.9,0.0,-0.018004277429327933,-0.005831784138713819
truth90_validation,T2,NeuralMD,Dyn.contacts.all_residues.joint_occurrence_mae_lag_640.0ps,30,-0.0009577489968390156,0.0,0.4666666666666667,0.06666666666666667,-0.0029632135802289267,0.0008100897345570357
truth90_validation,T2,Linear,Dyn.contacts.all_residues.joint_occurrence_mae_lag_80.0ps,30,-0.015498280761578066,-0.009399280674299208,0.9,0.0,-0.023806260999758803,-0.00898176349348242
truth90_validation,T2,NeuralMD,Dyn.contacts.all_residues.joint_occurrence_mae_lag_80.0ps,30,-0.0011001820698960134,0.00018447569034410572,0.43333333333333335,0.0,-0.003358909288731628,0.0008535545471167731
truth90_validation,T2,Linear,Dyn.contacts.all_residues.predicted_contact_fraction,30,-0.010874625031945457,-0.006163762916364619,0.9,0.0,-0.017210707972585216,-0.005937785365488148
truth90_validation,T2,NeuralMD,Dyn.contacts.all_residues.predicted_contact_fraction,30,-0.0012570195845821722,-0.0006123434930471738,0.5666666666666667,0.06666666666666667,-0.0034031306753804845,0.0004879119060309461
truth90_validation,T2,Linear,Dyn.contacts.all_residues.residues,30,0.0,0.0,0.0,1.0,0.0,0.0
truth90_validation,T2,NeuralMD,Dyn.contacts.all_residues.residues,30,0.0,0.0,0.0,1.0,0.0,0.0
truth90_validation,T2,Linear,Dyn.contacts.all_residues.true_contact_fraction,30,0.0,0.0,0.0,1.0,0.0,0.0
truth90_validation,T2,NeuralMD,Dyn.contacts.all_residues.true_contact_fraction,30,0.0,0.0,0.0,1.0,0.0,0.0
truth90_validation,T2,Linear,Dyn.contacts.initial_contact_residues,30,0.0,0.0,0.0,1.0,0.0,0.0
truth90_validation,T2,NeuralMD,Dyn.contacts.initial_contact_residues,30,0.0,0.0,0.0,1.0,0.0,0.0
truth90_validation,T2,Linear,Dyn.contacts.observed_pocket.brier,30,-0.06506825896942776,-0.06565335753176044,0.7333333333333333,0.0,-0.100409264887073,-0.028163781684590987
truth90_validation,T2,NeuralMD,Dyn.contacts.observed_pocket.brier,30,0.027277145351179193,0.03956442831215971,0.23333333333333334,0.0,0.011368216349717028,0.041537810139555306
truth90_validation,T2,Linear,Dyn.contacts.observed_pocket.distance_w1_angstrom,30,-0.43762005124192344,-0.3884196930093894,0.9,0.0,-0.5681454936248145,-0.30321283212508765
truth90_validation,T2,NeuralMD,Dyn.contacts.observed_pocket.distance_w1_angstrom,30,-0.0088996550111412,0.02109863020309588,0.43333333333333335,0.0,-0.05414175102029519,0.034797381853181195
truth90_validation,T2,Linear,Dyn.contacts.observed_pocket.joint_occurrence_mae_lag_160.0ps,30,-0.09707911736691367,-0.1047653256704981,0.7666666666666667,0.0,-0.13275278109744282,-0.06077947561781082
truth90_validation,T2,NeuralMD,Dyn.contacts.observed_pocket.joint_occurrence_mae_lag_160.0ps,30,-0.009956061403167342,0.007192460317460313,0.43333333333333335,0.03333333333333333,-0.03420819953744821,0.01292569078518209
truth90_validation,T2,Linear,Dyn.contacts.observed_pocket.joint_occurrence_mae_lag_320.0ps,30,-0.10024416938222422,-0.10536595394736843,0.8,0.03333333333333333,-0.1378907717129963,-0.060585140062305094
truth90_validation,T2,NeuralMD,Dyn.contacts.observed_pocket.joint_occurrence_mae_lag_320.0ps,30,-0.01189255921433273,0.007166353383458646,0.4,0.0,-0.036884230682302656,0.013019503189180767
truth90_validation,T2,Linear,Dyn.contacts.observed_pocket.joint_occurrence_mae_lag_640.0ps,30,-0.10638146515903274,-0.09805764411027568,0.9,0.0,-0.14456125817169882,-0.06661824070625376
truth90_validation,T2,NeuralMD,Dyn.contacts.observed_pocket.joint_occurrence_mae_lag_640.0ps,30,-0.013006841500442703,0.0,0.4666666666666667,0.06666666666666667,-0.03833344976375128,0.010388388947101855
truth90_validation,T2,Linear,Dyn.contacts.observed_pocket.joint_occurrence_mae_lag_80.0ps,30,-0.09905425754335663,-0.09718899521531098,0.7666666666666667,0.0,-0.13601823891806458,-0.05902655334450919
truth90_validation,T2,NeuralMD,Dyn.contacts.observed_pocket.joint_occurrence_mae_lag_80.0ps,30,-0.01329532902863288,0.004649782350613374,0.4666666666666667,0.0,-0.04107960105928001,0.011401895662802882
truth90_validation,T2,Linear,Dyn.contacts.observed_pocket.predicted_contact_fraction,30,-0.039351017242714136,-0.018005952380952428,0.6,0.0,-0.07219077978749909,-0.008009240840197496
truth90_validation,T2,NeuralMD,Dyn.contacts.observed_pocket.predicted_contact_fraction,30,-0.025150362734233205,-0.015666666666666662,0.7,0.0,-0.04836290549115168,-0.0037064768442375295
truth90_validation,T2,Linear,Dyn.contacts.observed_pocket.residues,30,0.0,0.0,0.0,1.0,0.0,0.0
truth90_validation,T2,NeuralMD,Dyn.contacts.observed_pocket.residues,30,0.0,0.0,0.0,1.0,0.0,0.0
truth90_validation,T2,Linear,Dyn.contacts.observed_pocket.true_contact_fraction,30,0.0,0.0,0.0,1.0,0.0,0.0
truth90_validation,T2,NeuralMD,Dyn.contacts.observed_pocket.true_contact_fraction,30,0.0,0.0,0.0,1.0,0.0,0.0
truth90_validation,T2,Linear,Dyn.contacts.retention.generated_right_censored_fraction,30,-0.12669153387032642,-0.08846153846153842,0.5333333333333333,0.13333333333333333,-0.21578755842039507,-0.04055354894073935
truth90_validation,T2,NeuralMD,Dyn.contacts.retention.generated_right_censored_fraction,30,-0.3793925703639326,-0.3625,0.9666666666666667,0.03333333333333333,-0.46221009169064514,-0.3025474769504375
truth90_validation,T2,Linear,Dyn.contacts.retention.generated_span_ps,30,-227.96184808197188,-199.72222222222229,0.7666666666666667,0.06666666666666667,-326.1020031865852,-132.0287337106766
truth90_validation,T2,NeuralMD,Dyn.contacts.retention.generated_span_ps,30,-474.75105719873517,-382.8888888888889,0.9666666666666667,0.03333333333333333,-581.1710183269316,-374.55028569813413
truth90_validation,T2,Linear,Dyn.contacts.retention.span_mae_ps,30,-94.82014955575326,-32.0,0.6,0.03333333333333333,-182.71655021792793,-9.480564935580613
truth90_validation,T2,NeuralMD,Dyn.contacts.retention.span_mae_ps,30,-136.31269798885896,-55.757575757575765,0.6333333333333333,0.03333333333333333,-266.67472707604287,-14.162225356915787
truth90_validation,T2,Linear,Dyn.contacts.retention.true_right_censored_fraction,30,0.0,0.0,0.0,1.0,0.0,0.0
truth90_validation,T2,NeuralMD,Dyn.contacts.retention.true_right_censored_fraction,30,0.0,0.0,0.0,1.0,0.0,0.0
truth90_validation,T2,Linear,Dyn.contacts.retention.true_span_ps,30,0.0,0.0,0.0,1.0,0.0,0.0
truth90_validation,T2,NeuralMD,Dyn.contacts.retention.true_span_ps,30,0.0,0.0,0.0,1.0,0.0,0.0
truth90_validation,T2,Linear,Dyn.correlations.160.0ps.absolute_error,30,-0.8582428186768134,-0.8807568672929385,1.0,0.0,-0.9123812078621424,-0.7979948441595142
truth90_validation,T2,NeuralMD,Dyn.correlations.160.0ps.absolute_error,30,-0.8580081323259466,-0.8805867784159124,1.0,0.0,-0.9113290971899235,-0.8009111206402818
truth90_validation,T2,Linear,Dyn.correlations.160.0ps.predicted,30,-0.9681802950152842,-0.9588990345568653,1.0,0.0,-1.0151270505450258,-0.9236573065936654
truth90_validation,T2,NeuralMD,Dyn.correlations.160.0ps.predicted,30,-0.9679456086644174,-0.9587725431761724,1.0,0.0,-1.0184757317197592,-0.9205176490743757
truth90_validation,T2,Linear,Dyn.correlations.160.0ps.truth,30,0.0,0.0,0.0,1.0,0.0,0.0
truth90_validation,T2,NeuralMD,Dyn.correlations.160.0ps.truth,30,0.0,0.0,0.0,1.0,0.0,0.0
truth90_validation,T2,Linear,Dyn.correlations.320.0ps.absolute_error,30,-0.8243402433813927,-0.836969692458275,1.0,0.0,-0.8754463550860361,-0.7661542043604554
truth90_validation,T2,NeuralMD,Dyn.correlations.320.0ps.absolute_error,30,-0.823919976762363,-0.8364859461151455,1.0,0.0,-0.875709585516439,-0.7629450243671019
truth90_validation,T2,Linear,Dyn.correlations.320.0ps.predicted,30,-0.9558206989757637,-0.9582017875675817,1.0,0.0,-0.9934858590112473,-0.9194100278660124
truth90_validation,T2,NeuralMD,Dyn.correlations.320.0ps.predicted,30,-0.9554004323567338,-0.9576571402275509,1.0,0.0,-0.9911909824238658,-0.9204705295880335
truth90_validation,T2,Linear,Dyn.correlations.320.0ps.truth,30,0.0,0.0,0.0,1.0,0.0,0.0
truth90_validation,T2,NeuralMD,Dyn.correlations.320.0ps.truth,30,0.0,0.0,0.0,1.0,0.0,0.0
truth90_validation,T2,Linear,Dyn.correlations.640.0ps.absolute_error,30,-0.8490962674202542,-0.8842736098045993,1.0,0.0,-0.9144181665166539,-0.7822428062809519
truth90_validation,T2,NeuralMD,Dyn.correlations.640.0ps.absolute_error,30,-0.8482089911559232,-0.8819966847887377,1.0,0.0,-0.9134657910211561,-0.7811544856541575
truth90_validation,T2,Linear,Dyn.correlations.640.0ps.predicted,30,-1.0089994436036396,-1.007561256190946,1.0,0.0,-1.064481914081061,-0.9552714925659467
truth90_validation,T2,NeuralMD,Dyn.correlations.640.0ps.predicted,30,-1.0081121673393088,-1.006116728824283,1.0,0.0,-1.0640697794643472,-0.9540807473827334
truth90_validation,T2,Linear,Dyn.correlations.640.0ps.truth,30,0.0,0.0,0.0,1.0,0.0,0.0
truth90_validation,T2,NeuralMD,Dyn.correlations.640.0ps.truth,30,0.0,0.0,0.0,1.0,0.0,0.0
truth90_validation,T2,Linear,Dyn.correlations.80.0ps.absolute_error,30,-1.2765405591739418,-1.2675866583665942,1.0,0.0,-1.3382102578648134,-1.2053080546878354
truth90_validation,T2,NeuralMD,Dyn.correlations.80.0ps.absolute_error,30,-1.2763518131234355,-1.2673694291859812,1.0,0.0,-1.3407885504154184,-1.2088745650613815
truth90_validation,T2,Linear,Dyn.correlations.80.0ps.predicted,30,-1.5001608877102126,-1.5002436137197934,1.0,0.0,-1.5281813207982544,-1.4724020472016406
truth90_validation,T2,NeuralMD,Dyn.correlations.80.0ps.predicted,30,-1.4999721416597063,-1.5001028776912388,1.0,0.0,-1.5281737151557795,-1.4717819022425562
truth90_validation,T2,Linear,Dyn.correlations.80.0ps.truth,30,0.0,0.0,0.0,1.0,0.0,0.0
truth90_validation,T2,NeuralMD,Dyn.correlations.80.0ps.truth,30,0.0,0.0,0.0,1.0,0.0,0.0
truth90_validation,T2,Linear,Dyn.displacement_variogram,30,0.031350031428404854,-0.07339792232841968,0.7666666666666667,0.0,-0.07136927563068403,0.20137685311607895
truth90_validation,T2,NeuralMD,Dyn.displacement_variogram,30,-0.6892080765107854,-0.52366801486939,1.0,0.0,-0.8900047236535416,-0.5363875658053064
truth90_validation,T2,Linear,Dyn.ligand_torsions.correlation_160.0ps.defined_torsions,30,0.0,0.0,0.0,1.0,0.0,0.0
truth90_validation,T2,NeuralMD,Dyn.ligand_torsions.correlation_160.0ps.defined_torsions,30,0.0,0.0,0.0,1.0,0.0,0.0
truth90_validation,T2,Linear,Dyn.ligand_torsions.correlation_160.0ps.mae,30,-0.0022130793941814012,-0.0029648594946327655,0.6333333333333333,0.0,-0.008080491332810281,0.004791913832425614
truth90_validation,T2,NeuralMD,Dyn.ligand_torsions.correlation_160.0ps.mae,30,-0.004069842649890421,-0.00536139041698561,0.6666666666666666,0.0,-0.00981747089467149,0.0032212919662042996
truth90_validation,T2,Linear,Dyn.ligand_torsions.correlation_320.0ps.defined_torsions,30,0.0,0.0,0.0,1.0,0.0,0.0
truth90_validation,T2,NeuralMD,Dyn.ligand_torsions.correlation_320.0ps.defined_torsions,30,0.0,0.0,0.0,1.0,0.0,0.0
truth90_validation,T2,Linear,Dyn.ligand_torsions.correlation_320.0ps.mae,30,0.0028958574682317042,0.00012713397768858437,0.5,0.0,-0.00279920396862503,0.009468425721979165
truth90_validation,T2,NeuralMD,Dyn.ligand_torsions.correlation_320.0ps.mae,30,-0.0023152377166635084,-0.0035573896135879073,0.6333333333333333,0.0,-0.008593444991278277,0.004959127491569596
truth90_validation,T2,Linear,Dyn.ligand_torsions.correlation_640.0ps.defined_torsions,30,0.0,0.0,0.0,1.0,0.0,0.0
truth90_validation,T2,NeuralMD,Dyn.ligand_torsions.correlation_640.0ps.defined_torsions,30,0.0,0.0,0.0,1.0,0.0,0.0
truth90_validation,T2,Linear,Dyn.ligand_torsions.correlation_640.0ps.mae,30,0.00443764416189803,0.0026726611631404055,0.43333333333333335,0.0,-0.0022838823208600686,0.012877942845647066
truth90_validation,T2,NeuralMD,Dyn.ligand_torsions.correlation_640.0ps.mae,30,-0.0010908230801475358,-0.0017951986212490709,0.5333333333333333,0.0,-0.009462087440930803,0.008883224347095969
truth90_validation,T2,Linear,Dyn.ligand_torsions.correlation_80.0ps.defined_torsions,30,0.0,0.0,0.0,1.0,0.0,0.0
truth90_validation,T2,NeuralMD,Dyn.ligand_torsions.correlation_80.0ps.defined_torsions,30,0.0,0.0,0.0,1.0,0.0,0.0
truth90_validation,T2,Linear,Dyn.ligand_torsions.correlation_80.0ps.mae,30,-0.0026345975242408836,-0.0038987794423958394,0.6333333333333333,0.0,-0.007883466746296513,0.003912102463857304
truth90_validation,T2,NeuralMD,Dyn.ligand_torsions.correlation_80.0ps.mae,30,-0.0031324997330255456,-0.0043258070794811075,0.6333333333333333,0.0,-0.008508586399028675,0.003450120345561807
truth90_validation,T2,Linear,Dyn.ligand_torsions.histogram_defined_torsions,30,0.0,0.0,0.0,1.0,0.0,0.0
truth90_validation,T2,NeuralMD,Dyn.ligand_torsions.histogram_defined_torsions,30,0.0,0.0,0.0,1.0,0.0,0.0
truth90_validation,T2,Linear,Dyn.ligand_torsions.histogram_js,30,-0.17876883362155044,-0.1892943915221205,1.0,0.0,-0.20138740455586096,-0.15537418948088455
truth90_validation,T2,NeuralMD,Dyn.ligand_torsions.histogram_js,30,-0.1380224052422761,-0.1315261260029586,0.9666666666666667,0.0,-0.15820884973038937,-0.11895297502851143
truth90_validation,T2,Linear,Dyn.ligand_torsions.invalid_fraction,30,0.0,0.0,0.0,1.0,0.0,0.0
truth90_validation,T2,NeuralMD,Dyn.ligand_torsions.invalid_fraction,30,0.0,0.0,0.0,1.0,0.0,0.0
truth90_validation,T2,Linear,Dyn.ligand_torsions.torsions,30,0.0,0.0,0.0,1.0,0.0,0.0
truth90_validation,T2,NeuralMD,Dyn.ligand_torsions.torsions,30,0.0,0.0,0.0,1.0,0.0,0.0
truth90_validation,T2,Linear,Dyn.ligand_torsions.true_invalid_fraction,30,0.0,0.0,0.0,1.0,0.0,0.0
truth90_validation,T2,NeuralMD,Dyn.ligand_torsions.true_invalid_fraction,30,0.0,0.0,0.0,1.0,0.0,0.0
truth90_validation,T2,Linear,Dyn.predicted_mean_atom_rmsf_angstrom,30,-0.7809597310003487,-0.5073866827502062,0.8,0.0,-1.1923455089411303,-0.42901576536649944
truth90_validation,T2,NeuralMD,Dyn.predicted_mean_atom_rmsf_angstrom,30,0.7811980906918612,0.7016054255437032,0.0,0.0,0.6612668066604485,0.9245648951602827
truth90_validation,T2,Linear,Dyn.radius_of_gyration_w1_angstrom,30,-1.1891501635127655,-0.5930497704100884,0.9333333333333333,0.0,-1.7471063813641172,-0.6927413855858806
truth90_validation,T2,NeuralMD,Dyn.radius_of_gyration_w1_angstrom,30,0.031065300799684073,0.015710094397560215,0.3,0.0,-0.01767880661022946,0.07619800613269523
truth90_validation,T2,Linear,Dyn.rmsd_final_angstrom,30,-4.276950616118869,-3.354822877511189,0.9666666666666667,0.0,-5.779965950991065,-2.9043886061999338
truth90_validation,T2,NeuralMD,Dyn.rmsd_final_angstrom,30,0.38766545928315943,0.18637129691772902,0.3,0.0,0.16695532579950292,0.6302308667881822
truth90_validation,T2,Linear,Dyn.rmsd_growth_angstrom,30,-4.564696676190168,-3.342260663323964,0.9666666666666667,0.0,-6.127261895428886,-3.1365152507383707
truth90_validation,T2,NeuralMD,Dyn.rmsd_growth_angstrom,30,0.008163024171348187,-0.16271392710209476,0.6333333333333333,0.0,-0.2679143533903929,0.30179757797601736
truth90_validation,T2,Linear,Dyn.rmsd_time_average_angstrom,30,-1.925287622781639,-1.3608321717636223,0.9333333333333333,0.0,-2.5868976750136685,-1.2958765296615606
truth90_validation,T2,NeuralMD,Dyn.rmsd_time_average_angstrom,30,0.4062232661632495,0.3778429735941442,0.13333333333333333,0.0,0.28212554922726407,0.5605099716086813
truth90_validation,T2,Linear,Dyn.rmsf_mae_angstrom,30,-0.21553338606732414,-0.21599135062460148,0.7333333333333333,0.0,-0.5104802157708418,0.132836361608202
truth90_validation,T2,NeuralMD,Dyn.rmsf_mae_angstrom,30,-0.45917210594233665,-0.49174779324191353,1.0,0.0,-0.5323639045920856,-0.38411242035881044
truth90_validation,T2,Linear,Dyn.step_distribution_w1_angstrom,30,-0.31573683342084785,-0.3242995725066089,0.9333333333333333,0.0,-0.3953479964944694,-0.2257446898344308
truth90_validation,T2,NeuralMD,Dyn.step_distribution_w1_angstrom,30,-0.57055993415649,-0.6034136472181537,0.9666666666666667,0.0,-0.669824703514662,-0.4651816224172473
truth90_validation,T2,Linear,Dyn.true_mean_atom_rmsf_angstrom,30,0.0,0.0,0.0,1.0,0.0,0.0
truth90_validation,T2,NeuralMD,Dyn.true_mean_atom_rmsf_angstrom,30,0.0,0.0,0.0,1.0,0.0,0.0
truth90_validation,T2,Linear,Geo.auc_angstrom_ps,30,-2926.4371866280917,-2068.464901080705,0.9333333333333333,0.0,-3995.4803307055745,-1969.4860338063281
truth90_validation,T2,NeuralMD,Geo.auc_angstrom_ps,30,617.4593645681394,574.3213198630993,0.13333333333333333,0.0,417.9646049893985,856.786027388619
truth90_validation,T2,Linear,Geo.coordinate_energy_score_angstrom,30,-2.210650459257602,-1.5282212707835894,0.9333333333333333,0.0,-2.995687436886374,-1.4650789023983972
truth90_validation,T2,NeuralMD,Geo.coordinate_energy_score_angstrom,30,0.42056499863691704,0.39500223815525604,0.13333333333333333,0.0,0.28744808493859714,0.581565870919227
truth90_validation,T2,Linear,Geo.final_rmsd_angstrom,30,-4.276950616118869,-3.354822877511189,0.9666666666666667,0.0,-5.749172110849793,-2.839717314158472
truth90_validation,T2,NeuralMD,Geo.final_rmsd_angstrom,30,0.38766545928315943,0.18637129691772902,0.3,0.0,0.16407123677581684,0.6310418256909825
truth90_validation,T2,Linear,Geo.mean_rmsd_angstrom,30,-1.9287533555437462,-1.3616375702202423,0.9333333333333333,0.0,-2.5916310909763363,-1.2886139561177679
truth90_validation,T2,NeuralMD,Geo.mean_rmsd_angstrom,30,0.40509130021496126,0.37554814967401395,0.13333333333333333,0.0,0.27949822215977993,0.5556979321199326
truth90_validation,T2,Linear,Motion.centre_displacement_vector_mae_angstrom,30,-1.0075529437088229,-0.7317814764405493,0.7666666666666667,0.0,-1.5008652403233176,-0.5423404326188112
truth90_validation,T2,Linear,Motion.relative_displacement_amplitude_mae_angstrom,30,-1.103446183780164,-0.7822998354399058,0.8666666666666667,0.0,-1.8582678325246815,-0.34514881201192316
truth90_validation,T2,Linear,Phys.angle_mean_squared_excess,30,-0.033243759531828905,-0.0192018089199604,1.0,0.0,-0.04577272163981397,-0.02266723926644927
truth90_validation,T2,Linear,Phys.angle_violations,30,-25.323333333333338,-24.575,1.0,0.0,-30.56025,-20.568208333333335
truth90_validation,T2,Linear,Phys.assessed_geometry_valid,30,0.3016666666666667,0.125,0.0,0.4,0.18166666666666667,0.4250416666666663
truth90_validation,T2,Linear,Phys.bond_mean_squared_excess,30,-2.6917904715717436,-0.8846152132976359,1.0,0.0,-4.494662364713348,-1.2429369652719302
truth90_validation,T2,Linear,Phys.bond_violations,30,-30.181666666666665,-26.875,1.0,0.0,-37.89399999999999,-23.806500000000003
truth90_validation,T2,Linear,Phys.ligand_environment_overlap_violations,30,-1.9433333333333336,-1.6,0.9,0.06666666666666667,-2.763375,-1.2415416666666674
truth90_validation,T2,Linear,Phys.ligand_self_overlap_violations,30,-0.041666666666666664,0.0,0.06666666666666667,0.9,-0.13,0.016666666666666666
truth90_validation,T2,Linear,Phys.local_configuration_flips,30,-0.07333333333333333,0.0,0.13333333333333333,0.8333333333333334,-0.1850416666666667,0.006666666666666667
truth90_validation,T2,Linear,Phys.severe_overlap_mean_squared,30,-0.006744882624175469,-0.0024546256785891434,0.9,0.06666666666666667,-0.010373550843372568,-0.0036874279888632244
truth90_validation,T2,Linear,Phys_common_heavy.angle_mean_squared_excess,30,-0.04123356145041954,-0.016148938763504435,1.0,0.0,-0.06515392086328897,-0.022198699931307582
truth90_validation,T2,NeuralMD,Phys_common_heavy.angle_mean_squared_excess,30,8.955634799950959e-05,1.58003835679925e-07,0.06666666666666667,0.1,2.533598706805352e-06,0.00022432349668398727
truth90_validation,T2,Linear,Phys_common_heavy.angle_violations,30,-12.62,-11.575,1.0,0.0,-15.377791666666665,-10.216625
truth90_validation,T2,NeuralMD,Phys_common_heavy.angle_violations,30,2.231666666666667,0.8500000000000001,0.0,0.13333333333333333,0.95,3.9283749999999995
truth90_validation,T2,Linear,Phys_common_heavy.assessed_geometry_valid,30,0.33666666666666667,0.25,0.03333333333333333,0.26666666666666666,0.22000000000000006,0.4566666666666667
truth90_validation,T2,NeuralMD,Phys_common_heavy.assessed_geometry_valid,30,-0.33000000000000007,-0.35,0.8333333333333334,0.06666666666666667,-0.4233333333333333,-0.23329166666666687
truth90_validation,T2,Linear,Phys_common_heavy.bond_mean_squared_excess,30,-1.6873914831301458,-0.22567074208450674,1.0,0.0,-2.9425844281769002,-0.7147756016176791
truth90_validation,T2,NeuralMD,Phys_common_heavy.bond_mean_squared_excess,30,-5.387978943596776e-05,-2.4510532319861353e-07,0.6,0.03333333333333333,-0.00011690140093029664,-7.184890124970528e-06
truth90_validation,T2,Linear,Phys_common_heavy.bond_violations,30,-15.581666666666669,-14.8,1.0,0.0,-19.345249999999997,-12.333250000000001
truth90_validation,T2,NeuralMD,Phys_common_heavy.bond_violations,30,2.7733333333333325,0.8500000000000001,0.1,0.03333333333333333,1.29,4.468333333333334
truth90_validation,T2,Linear,Phys_common_heavy.ligand_environment_overlap_violations,30,-1.9433333333333336,-1.6,0.9,0.06666666666666667,-2.761666666666666,-1.255
truth90_validation,T2,NeuralMD,Phys_common_heavy.ligand_environment_overlap_violations,30,0.08333333333333331,0.0,0.0,0.8,0.008333333333333333,0.19999999999999998
truth90_validation,T2,Linear,Phys_common_heavy.ligand_self_overlap_violations,30,-0.041666666666666664,0.0,0.06666666666666667,0.9,-0.12833333333333333,0.016666666666666666
truth90_validation,T2,NeuralMD,Phys_common_heavy.ligand_self_overlap_violations,30,0.008333333333333333,0.0,0.0,0.9666666666666667,0.0,0.025
truth90_validation,T2,Linear,Phys_common_heavy.local_configuration_flips,30,0.0,0.0,0.0,1.0,0.0,0.0
truth90_validation,T2,NeuralMD,Phys_common_heavy.local_configuration_flips,30,0.0,0.0,0.0,1.0,0.0,0.0
truth90_validation,T2,Linear,Phys_common_heavy.severe_overlap_mean_squared,30,-0.006744882573682836,-0.002454615996848631,0.9,0.06666666666666667,-0.010541276937702262,-0.0037996646352404296
truth90_validation,T2,NeuralMD,Phys_common_heavy.severe_overlap_mean_squared,30,0.00011538030604923,0.0,0.0,0.8,1.1181284221509196e-05,0.000261834066430593
truth90_validation,T2,Linear,Phys_v2.assessed_tail_valid_frame_fraction,30,0.8983333333333332,0.975,0.0,0.0,0.8349999999999999,0.9533333333333333
truth90_validation,T2,Linear,Phys_v2.bonded_distribution_comparison.angle.mean_wasserstein,30,-6.800566811196136,-5.5235785043619865,1.0,0.0,-8.171739316417128,-5.654268748352418
truth90_validation,T2,Linear,Phys_v2.bonded_distribution_comparison.angle.predicted_constraint_variance_mean,30,3.6335198391078363,8.183248454224328,0.4666666666666667,0.0,-2.4351116825051973,9.390003368775279
truth90_validation,T2,Linear,Phys_v2.bonded_distribution_comparison.angle.predicted_within_path_variance_mean,30,3.6335198391078363,8.183248454224328,0.4666666666666667,0.0,-2.2535357933701468,9.597340215093027
truth90_validation,T2,Linear,Phys_v2.bonded_distribution_comparison.angle.reference_constraint_variance_mean,30,0.0,0.0,0.0,1.0,0.0,0.0
truth90_validation,T2,Linear,Phys_v2.bonded_distribution_comparison.bond.mean_wasserstein,30,-0.9315694025096963,-0.4994467665955772,1.0,0.0,-1.3352804608287518,-0.593396129530064
truth90_validation,T2,Linear,Phys_v2.bonded_distribution_comparison.bond.predicted_constraint_variance_mean,30,-1.0260857725939145,-0.27676221380177324,1.0,0.0,-1.6818364833375095,-0.5083654921394319
truth90_validation,T2,Linear,Phys_v2.bonded_distribution_comparison.bond.predicted_within_path_variance_mean,30,-1.0260857725939145,-0.27676221380177324,1.0,0.0,-1.689297177643335,-0.4990363090431184
truth90_validation,T2,Linear,Phys_v2.bonded_distribution_comparison.bond.reference_constraint_variance_mean,30,0.0,0.0,0.0,1.0,0.0,0.0
truth90_validation,T2,Linear,Phys_v2.chemistry.checked_centres,30,0.0,0.0,0.0,1.0,0.0,0.0
truth90_validation,T2,Linear,Phys_v2.extra_mean_squared_severity.angle_degrees,30,-109.13282488935138,-63.03582025415815,1.0,0.0,-150.27180760489745,-74.86454400053125
truth90_validation,T2,Linear,Phys_v2.extra_mean_squared_severity.bond_relative,30,-2.6917904715717436,-0.8846152132976359,1.0,0.0,-4.476823522872278,-1.3101871353309809
truth90_validation,T2,Linear,Phys_v2.extra_mean_squared_severity.environment_compression,30,-0.006610545621225438,-0.0024546256785891434,0.9,0.06666666666666667,-0.01033608408877828,-0.0036649301480945144
truth90_validation,T2,Linear,Phys_v2.extra_mean_squared_severity.self_compression,30,-1.38949071449519e-05,0.0,0.06666666666666667,0.9,-3.6411205498958014e-05,3.5188106999083946e-07
truth90_validation,T2,Linear,Phys_v2.families.angle_degrees.anomaly_frame_fraction,30,-0.8116666666666668,-0.85,1.0,0.0,-0.8633333333333331,-0.7549583333333334
truth90_validation,T2,Linear,Phys_v2.families.angle_degrees.constraint_anomaly_fraction,30,-0.1921451640829107,-0.15954374057315235,1.0,0.0,-0.2287500682417128,-0.15820611487484781
truth90_validation,T2,Linear,Phys_v2.families.angle_degrees.constraint_distribution.all.count,30,0.0,0.0,0.0,1.0,0.0,0.0
truth90_validation,T2,Linear,Phys_v2.families.angle_degrees.constraint_distribution.all.maximum,30,-44.28748955708226,-45.78972882365923,1.0,0.0,-50.0485043227219,-38.20266692393853
truth90_validation,T2,Linear,Phys_v2.families.angle_degrees.constraint_distribution.all.mean,30,-4.386475227549593,-3.271824112235152,1.0,0.0,-5.4496153809137295,-3.4536345126286037
truth90_validation,T2,Linear,Phys_v2.families.angle_degrees.constraint_distribution.all.p50,30,-0.29765859924892646,0.0,0.1,0.9,-0.6506286047798345,0.0
truth90_validation,T2,Linear,Phys_v2.families.angle_degrees.constraint_distribution.all.p90,30,-15.366698775916353,-12.83808129245537,1.0,0.0,-18.56050327031422,-12.605662215604347
truth90_validation,T2,Linear,Phys_v2.families.angle_degrees.constraint_distribution.all.p95,30,-22.897989911865636,-19.470464059835983,1.0,0.0,-27.098169664587605,-19.25629177876159
truth90_validation,T2,Linear,Phys_v2.families.angle_degrees.constraint_distribution.all.p99,30,-36.186026475422224,-32.59173615596775,1.0,0.0,-41.01116662100109,-31.53051578893765
truth90_validation,T2,Linear,Phys_v2.families.angle_degrees.constraint_distribution.positive.count,30,-506.46666666666664,-491.5,1.0,0.0,-613.3333333333334,-414.06916666666683
truth90_validation,T2,Linear,Phys_v2.families.angle_degrees.constraint_distribution.positive.maximum,29,-44.948653546557715,-46.01794557492896,1.0,0.0,-50.90495315602512,-38.985431661510646
truth90_validation,T2,Linear,Phys_v2.families.angle_degrees.constraint_distribution.positive.mean,29,-11.492658876418108,-10.268078399132168,1.0,0.0,-13.162506743164977,-10.049426959295818
truth90_validation,T2,Linear,Phys_v2.families.angle_degrees.constraint_distribution.positive.p50,29,-9.06716550147272,-7.371701346513674,1.0,0.0,-10.640849241641666,-7.730170385149655
truth90_validation,T2,Linear,Phys_v2.families.angle_degrees.constraint_distribution.positive.p90,29,-25.739418207617913,-23.459677608894676,1.0,0.0,-29.633572837416313,-22.486944883796006
truth90_validation,T2,Linear,Phys_v2.families.angle_degrees.constraint_distribution.positive.p95,29,-31.283640868481456,-28.38786841317788,1.0,0.0,-35.51535995027955,-27.217195489914108
truth90_validation,T2,Linear,Phys_v2.families.angle_degrees.constraint_distribution.positive.p99,29,-41.70523899882457,-42.16968720514206,1.0,0.0,-47.25086487467131,-36.4303197388426
truth90_validation,T2,Linear,Phys_v2.families.angle_degrees.finite_mean_squared_severity,30,-109.13282488935138,-63.03582025415815,1.0,0.0,-148.09169189828424,-74.21860390875202
truth90_validation,T2,Linear,Phys_v2.families.angle_degrees.frame_maximum_distribution.all.count,30,0.0,0.0,0.0,1.0,0.0,0.0
truth90_validation,T2,Linear,Phys_v2.families.angle_degrees.frame_maximum_distribution.all.maximum,30,-44.28748955708226,-45.78972882365923,1.0,0.0,-49.929886775693774,-38.50624075954449
truth90_validation,T2,Linear,Phys_v2.families.angle_degrees.frame_maximum_distribution.all.mean,30,-31.096596771027198,-30.84602025627921,1.0,0.0,-36.44204701601882,-26.356892460783435
truth90_validation,T2,Linear,Phys_v2.families.angle_degrees.frame_maximum_distribution.all.p50,30,-34.52332168129996,-34.800392319953474,1.0,0.0,-40.60143112482322,-28.617619220561586
truth90_validation,T2,Linear,Phys_v2.families.angle_degrees.frame_maximum_distribution.all.p90,30,-45.795400527908406,-44.7230183703569,1.0,0.0,-52.08139357583565,-39.85088874287159
truth90_validation,T2,Linear,Phys_v2.families.angle_degrees.frame_maximum_distribution.all.p95,30,-46.052368321315605,-45.644071847190965,1.0,0.0,-51.98393704996617,-40.24472929603265
truth90_validation,T2,Linear,Phys_v2.families.angle_degrees.frame_maximum_distribution.all.p99,30,-44.64046530992893,-45.55166247647117,1.0,0.0,-50.69283743713042,-38.743254887201104
truth90_validation,T2,Linear,Phys_v2.families.angle_degrees.frame_maximum_distribution.positive.count,30,-6.566666666666666,-5.5,0.7333333333333333,0.16666666666666666,-9.000833333333333,-4.2
truth90_validation,T2,Linear,Phys_v2.families.angle_degrees.frame_maximum_distribution.positive.maximum,29,-44.948653546557715,-46.01794557492896,1.0,0.0,-50.746403505270365,-38.86856919498357
truth90_validation,T2,Linear,Phys_v2.families.angle_degrees.frame_maximum_distribution.positive.mean,29,-32.90711823256874,-31.732920822726644,1.0,0.0,-37.64863002797902,-28.10380613219484
truth90_validation,T2,Linear,Phys_v2.families.angle_degrees.frame_maximum_distribution.positive.p50,29,-36.39556505348533,-35.89540920590285,1.0,0.0,-41.83747619937584,-30.812049512240776
truth90_validation,T2,Linear,Phys_v2.families.angle_degrees.frame_maximum_distribution.positive.p90,29,-46.69777184691679,-45.002552058862335,1.0,0.0,-52.8552839976826,-40.818446415105996
truth90_validation,T2,Linear,Phys_v2.families.angle_degrees.frame_maximum_distribution.positive.p95,29,-46.62306347305092,-45.68186077626441,1.0,0.0,-52.53425786781485,-40.49263956935131
truth90_validation,T2,Linear,Phys_v2.families.angle_degrees.frame_maximum_distribution.positive.p99,29,-45.283535531856366,-45.950728615196056,1.0,0.0,-51.13169677616526,-39.0614822338489
truth90_validation,T2,Linear,Phys_v2.families.angle_degrees.threshold,30,0.0,0.0,0.0,1.0,0.0,0.0
truth90_validation,T2,Linear,Phys_v2.families.bond_relative.anomaly_frame_fraction,30,-0.9633333333333332,-1.0,1.0,0.0,-0.985,-0.9349999999999999
truth90_validation,T2,Linear,Phys_v2.families.bond_relative.constraint_anomaly_fraction,30,-0.6556782912675103,-0.6378409090909091,1.0,0.0,-0.7182182080730054,-0.5967691278880807
truth90_validation,T2,Linear,Phys_v2.families.bond_relative.constraint_distribution.all.count,30,0.0,0.0,0.0,1.0,0.0,0.0
truth90_validation,T2,Linear,Phys_v2.families.bond_relative.constraint_distribution.all.maximum,30,-5.708255271932872,-5.573533104932903,1.0,0.0,-7.037405714965848,-4.515952748671344
truth90_validation,T2,Linear,Phys_v2.families.bond_relative.constraint_distribution.all.mean,30,-0.7462292103726275,-0.3766738343985223,1.0,0.0,-1.070647498263862,-0.4754237293480231
truth90_validation,T2,Linear,Phys_v2.families.bond_relative.constraint_distribution.all.p50,30,-0.38956922723915327,-0.13652384526788036,1.0,0.0,-0.6322175538536345,-0.189385439387245
truth90_validation,T2,Linear,Phys_v2.families.bond_relative.constraint_distribution.all.p90,30,-1.9458327786472327,-0.9587373466093339,1.0,0.0,-2.6950664684891876,-1.2672282629988008
truth90_validation,T2,Linear,Phys_v2.families.bond_relative.constraint_distribution.all.p95,30,-2.651093290834003,-1.5037503028207335,1.0,0.0,-3.517067021526028,-1.8530397801809073
truth90_validation,T2,Linear,Phys_v2.families.bond_relative.constraint_distribution.all.p99,30,-4.333817230229498,-4.1623808350681495,1.0,0.0,-5.383822925573458,-3.304409275867442
truth90_validation,T2,Linear,Phys_v2.families.bond_relative.constraint_distribution.positive.count,30,-603.6333333333333,-537.5,1.0,0.0,-750.7458333333334,-475.62000000000006
truth90_validation,T2,Linear,Phys_v2.families.bond_relative.constraint_distribution.positive.maximum,28,-6.0330922244317255,-5.954052466305637,1.0,0.0,-7.3055419381700695,-4.83065698900082
truth90_validation,T2,Linear,Phys_v2.families.bond_relative.constraint_distribution.positive.mean,28,-0.9360555959946604,-0.6046475335916359,1.0,0.0,-1.2640847164889795,-0.6570992498937458
truth90_validation,T2,Linear,Phys_v2.families.bond_relative.constraint_distribution.positive.p50,28,-0.5625373297679336,-0.28869560438017405,1.0,0.0,-0.8072773219524253,-0.3492055167151608
truth90_validation,T2,Linear,Phys_v2.families.bond_relative.constraint_distribution.positive.p90,28,-2.2970678388720627,-1.4346344319878255,1.0,0.0,-3.057640197977137,-1.6081954451326577
truth90_validation,T2,Linear,Phys_v2.families.bond_relative.constraint_distribution.positive.p95,28,-3.1017434801286194,-2.3558288809856682,1.0,0.0,-4.004295954242194,-2.2642508325274995
truth90_validation,T2,Linear,Phys_v2.families.bond_relative.constraint_distribution.positive.p99,28,-4.827235701428633,-5.214224546407766,1.0,0.0,-5.938827416051362,-3.7727349544015
truth90_validation,T2,Linear,Phys_v2.families.bond_relative.finite_mean_squared_severity,30,-2.6917904715717436,-0.8846152132976359,1.0,0.0,-4.515919704744639,-1.2811251284623821
truth90_validation,T2,Linear,Phys_v2.families.bond_relative.frame_maximum_distribution.all.count,30,0.0,0.0,0.0,1.0,0.0,0.0
truth90_validation,T2,Linear,Phys_v2.families.bond_relative.frame_maximum_distribution.all.maximum,30,-5.708255271932872,-5.573533104932903,1.0,0.0,-6.944153395506193,-4.480401077261316
truth90_validation,T2,Linear,Phys_v2.families.bond_relative.frame_maximum_distribution.all.mean,30,-2.9052914453690986,-2.8331403932463193,1.0,0.0,-3.6079544893693813,-2.2517292110105798
truth90_validation,T2,Linear,Phys_v2.families.bond_relative.frame_maximum_distribution.all.p50,30,-2.8782176485660185,-2.8172470799305334,1.0,0.0,-3.5905318096111096,-2.1852102181046167
truth90_validation,T2,Linear,Phys_v2.families.bond_relative.frame_maximum_distribution.all.p90,30,-5.138563120822835,-5.020485794007794,1.0,0.0,-6.237791529061052,-3.9388714319918106
truth90_validation,T2,Linear,Phys_v2.families.bond_relative.frame_maximum_distribution.all.p95,30,-5.423523544265153,-5.296934898365885,1.0,0.0,-6.64760634837411,-4.213462449091612
truth90_validation,T2,Linear,Phys_v2.families.bond_relative.frame_maximum_distribution.all.p99,30,-5.651308926399327,-5.518213463619499,1.0,0.0,-6.918794019053894,-4.345567772112398
truth90_validation,T2,Linear,Phys_v2.families.bond_relative.frame_maximum_distribution.positive.count,30,-7.333333333333333,-5.0,0.6333333333333333,0.36666666666666664,-9.9675,-4.632500000000005
truth90_validation,T2,Linear,Phys_v2.families.bond_relative.frame_maximum_distribution.positive.maximum,28,-6.0330922244317255,-5.954052466305637,1.0,0.0,-7.349792146728229,-4.728079435783205
truth90_validation,T2,Linear,Phys_v2.families.bond_relative.frame_maximum_distribution.positive.mean,28,-3.0825794200303034,-3.02769232701523,1.0,0.0,-3.7730902420807872,-2.384240131591129
truth90_validation,T2,Linear,Phys_v2.families.bond_relative.frame_maximum_distribution.positive.p50,28,-3.057758816888365,-3.011044521737727,1.0,0.0,-3.8032242929206985,-2.3287956339307523
truth90_validation,T2,Linear,Phys_v2.families.bond_relative.frame_maximum_distribution.positive.p90,28,-5.434644248900641,-5.363591426996816,1.0,0.0,-6.6280394470206065,-4.287955647656476
truth90_validation,T2,Linear,Phys_v2.families.bond_relative.frame_maximum_distribution.positive.p95,28,-5.733981765776757,-5.65873643290608,1.0,0.0,-6.989565013986963,-4.507385162095697
truth90_validation,T2,Linear,Phys_v2.families.bond_relative.frame_maximum_distribution.positive.p99,28,-5.973270132700731,-5.894989259625724,1.0,0.0,-7.28569752596034,-4.720540679883731
truth90_validation,T2,Linear,Phys_v2.families.bond_relative.threshold,30,0.0,0.0,0.0,1.0,0.0,0.0
truth90_validation,T2,Linear,Phys_v2.families.environment_compression.anomaly_frame_fraction,30,-0.47000000000000003,-0.5,0.9333333333333333,0.06666666666666667,-0.5599999999999999,-0.38162500000000016
truth90_validation,T2,Linear,Phys_v2.families.environment_compression.constraint_anomaly_fraction,30,-3.0372946786821516e-05,-1.9334167618852414e-05,0.9,0.06666666666666667,-4.7356457767815236e-05,-1.7743138493065038e-05
truth90_validation,T2,Linear,Phys_v2.families.environment_compression.constraint_distribution.all.count,30,0.0,0.0,0.0,1.0,0.0,0.0
truth90_validation,T2,Linear,Phys_v2.families.environment_compression.constraint_distribution.all.maximum,30,-0.4097441148706363,-0.421255538260222,0.8666666666666667,0.06666666666666667,-0.5082529438586909,-0.3142056156716877
truth90_validation,T2,Linear,Phys_v2.families.environment_compression.constraint_distribution.all.mean,30,-6.476283061215897e-06,-4.593217477407105e-06,0.9,0.06666666666666667,-1.0099799643144897e-05,-3.7035258361818757e-06
truth90_validation,T2,Linear,Phys_v2.families.environment_compression.constraint_distribution.all.p50,30,0.0,0.0,0.0,1.0,0.0,0.0
truth90_validation,T2,Linear,Phys_v2.families.environment_compression.constraint_distribution.all.p90,30,0.0,0.0,0.0,1.0,0.0,0.0
truth90_validation,T2,Linear,Phys_v2.families.environment_compression.constraint_distribution.all.p95,30,0.0,0.0,0.0,1.0,0.0,0.0
truth90_validation,T2,Linear,Phys_v2.families.environment_compression.constraint_distribution.all.p99,30,0.0,0.0,0.0,1.0,0.0,0.0
truth90_validation,T2,Linear,Phys_v2.families.environment_compression.constraint_distribution.positive.count,30,-38.86666666666667,-32.0,0.9,0.06666666666666667,-54.3675,-24.76333333333335
truth90_validation,T2,Linear,Phys_v2.families.environment_compression.constraint_distribution.positive.maximum,6,-0.20476176132572188,-0.18030623227079468,0.6666666666666666,0.0,-0.3794254748417747,-0.030098047809669088
truth90_validation,T2,Linear,Phys_v2.families.environment_compression.constraint_distribution.positive.mean,6,-0.017985457876716054,-0.05873470980915557,0.6666666666666666,0.0,-0.08047505229807292,0.0667540083885828
truth90_validation,T2,Linear,Phys_v2.families.environment_compression.constraint_distribution.positive.p50,6,0.002718696961342096,-0.04040457959010467,0.6666666666666666,0.0,-0.07088958924499818,0.09320985081632475
truth90_validation,T2,Linear,Phys_v2.families.environment_compression.constraint_distribution.positive.p90,6,-0.1368725273061974,-0.12768341779446085,0.6666666666666666,0.0,-0.27242776033868277,-0.00485310068099717
truth90_validation,T2,Linear,Phys_v2.families.environment_compression.constraint_distribution.positive.p95,6,-0.1699011405702896,-0.1432454640907729,0.6666666666666666,0.0,-0.32624938179603574,-0.014177937768782728
truth90_validation,T2,Linear,Phys_v2.families.environment_compression.constraint_distribution.positive.p99,6,-0.19564692509221546,-0.17424202021611257,0.6666666666666666,0.0,-0.3637527370252154,-0.028014727644975135
truth90_validation,T2,Linear,Phys_v2.families.environment_compression.finite_mean_squared_severity,30,-0.006610545621225438,-0.0024546256785891434,0.9,0.06666666666666667,-0.01015703494857386,-0.0037634696455707936
truth90_validation,T2,Linear,Phys_v2.families.environment_compression.frame_maximum_distribution.all.count,30,0.0,0.0,0.0,1.0,0.0,0.0
truth90_validation,T2,Linear,Phys_v2.families.environment_compression.frame_maximum_distribution.all.maximum,30,-0.4097441148706363,-0.421255538260222,0.8666666666666667,0.06666666666666667,-0.5009533974797169,-0.31356099546435134
truth90_validation,T2,Linear,Phys_v2.families.environment_compression.frame_maximum_distribution.all.mean,30,-0.17329102047620346,-0.11885286817011984,0.9333333333333333,0.06666666666666667,-0.22620139233427083,-0.11980056861111954
truth90_validation,T2,Linear,Phys_v2.families.environment_compression.frame_maximum_distribution.all.p50,30,-0.1636634866843134,-0.09655629776759364,0.5666666666666667,0.43333333333333335,-0.23134354501794407,-0.09809732795554696
truth90_validation,T2,Linear,Phys_v2.families.environment_compression.frame_maximum_distribution.all.p90,30,-0.3561455605216025,-0.3215494400448646,0.9333333333333333,0.06666666666666667,-0.44085042784422307,-0.2721325510129623
truth90_validation,T2,Linear,Phys_v2.families.environment_compression.frame_maximum_distribution.all.p95,30,-0.39543421224042585,-0.3357790562263918,0.9333333333333333,0.06666666666666667,-0.483309748722534,-0.3088867406392827
truth90_validation,T2,Linear,Phys_v2.families.environment_compression.frame_maximum_distribution.all.p99,30,-0.4068821343445943,-0.41169256550196365,0.9,0.06666666666666667,-0.49704170587359164,-0.31249937281771967
truth90_validation,T2,Linear,Phys_v2.families.environment_compression.frame_maximum_distribution.positive.count,30,-9.4,-10.0,0.9333333333333333,0.06666666666666667,-11.366666666666667,-7.5
truth90_validation,T2,Linear,Phys_v2.families.environment_compression.frame_maximum_distribution.positive.maximum,6,-0.20476176132572188,-0.18030623227079468,0.6666666666666666,0.0,-0.3850854900509374,-0.027727902685422485
truth90_validation,T2,Linear,Phys_v2.families.environment_compression.frame_maximum_distribution.positive.mean,6,-0.10123844621657567,-0.11860393820842202,0.6666666666666666,0.0,-0.24245317558137938,0.031036026055439973
truth90_validation,T2,Linear,Phys_v2.families.environment_compression.frame_maximum_distribution.positive.p50,6,-0.09064444261144405,-0.09722617264085802,0.6666666666666666,0.0,-0.2560132432237045,0.054692934886763966
truth90_validation,T2,Linear,Phys_v2.families.environment_compression.frame_maximum_distribution.positive.p90,6,-0.1873767504716298,-0.15774917979099634,0.6666666666666666,0.0,-0.3600290150571972,-0.016009537454799393
truth90_validation,T2,Linear,Phys_v2.families.environment_compression.frame_maximum_distribution.positive.p95,6,-0.20191001022873747,-0.17286521564177093,0.6666666666666666,0.0,-0.386174458089468,-0.03233394487940896
truth90_validation,T2,Linear,Phys_v2.families.environment_compression.frame_maximum_distribution.positive.p99,6,-0.204191411106325,-0.1788180289449899,0.6666666666666666,0.0,-0.38004109686525694,-0.03908347326823602
truth90_validation,T2,Linear,Phys_v2.families.environment_compression.threshold,30,0.0,0.0,0.0,1.0,0.0,0.0
truth90_validation,T2,Linear,Phys_v2.families.self_compression.anomaly_frame_fraction,30,-0.028333333333333335,0.0,0.06666666666666667,0.9,-0.09166666666666666,0.016666666666666666
truth90_validation,T2,Linear,Phys_v2.families.self_compression.constraint_anomaly_fraction,30,-0.00016471540861319654,0.0,0.06666666666666667,0.9,-0.00042830266588371094,4.645113340765515e-06
truth90_validation,T2,Linear,Phys_v2.families.self_compression.constraint_distribution.all.count,30,0.0,0.0,0.0,1.0,0.0,0.0
truth90_validation,T2,Linear,Phys_v2.families.self_compression.constraint_distribution.all.maximum,30,-0.021568274799148558,0.0,0.06666666666666667,0.9,-0.08516791713858712,0.029979696088146966
truth90_validation,T2,Linear,Phys_v2.families.self_compression.constraint_distribution.all.mean,30,-3.837262493550986e-05,0.0,0.06666666666666667,0.9,-9.703714105469879e-05,1.142738414726753e-06
truth90_validation,T2,Linear,Phys_v2.families.self_compression.constraint_distribution.all.p50,30,0.0,0.0,0.0,1.0,0.0,0.0
truth90_validation,T2,Linear,Phys_v2.families.self_compression.constraint_distribution.all.p90,30,0.0,0.0,0.0,1.0,0.0,0.0
truth90_validation,T2,Linear,Phys_v2.families.self_compression.constraint_distribution.all.p95,30,0.0,0.0,0.0,1.0,0.0,0.0
truth90_validation,T2,Linear,Phys_v2.families.self_compression.constraint_distribution.all.p99,30,0.0,0.0,0.0,1.0,0.0,0.0
truth90_validation,T2,Linear,Phys_v2.families.self_compression.constraint_distribution.positive.count,30,-0.8333333333333334,0.0,0.06666666666666667,0.9,-2.466666666666667,0.3333333333333333
truth90_validation,T2,Linear,Phys_v2.families.self_compression.finite_mean_squared_severity,30,-1.38949071449519e-05,0.0,0.06666666666666667,0.9,-3.6411205498958014e-05,3.5188106999083946e-07
truth90_validation,T2,Linear,Phys_v2.families.self_compression.frame_maximum_distribution.all.count,30,0.0,0.0,0.0,1.0,0.0,0.0
truth90_validation,T2,Linear,Phys_v2.families.self_compression.frame_maximum_distribution.all.maximum,30,-0.021568274799148558,0.0,0.06666666666666667,0.9,-0.08516791713858712,0.03000907785406611
truth90_validation,T2,Linear,Phys_v2.families.self_compression.frame_maximum_distribution.all.mean,30,-0.007474355832945873,0.0,0.06666666666666667,0.9,-0.023008068082177688,0.00410014543203959
truth90_validation,T2,Linear,Phys_v2.families.self_compression.frame_maximum_distribution.all.p50,30,-0.005706220501204032,0.0,0.03333333333333333,0.9666666666666667,-0.017118661503612093,0.0
truth90_validation,T2,Linear,Phys_v2.families.self_compression.frame_maximum_distribution.all.p90,30,-0.017951690312341537,0.0,0.06666666666666667,0.9,-0.06199031955445918,0.014029989256103706
truth90_validation,T2,Linear,Phys_v2.families.self_compression.frame_maximum_distribution.all.p95,30,-0.019952608002769916,0.0,0.06666666666666667,0.9,-0.07563998478372311,0.02252353292455727
truth90_validation,T2,Linear,Phys_v2.families.self_compression.frame_maximum_distribution.all.p99,30,-0.021245141439872824,0.0,0.06666666666666667,0.9,-0.0832623306676143,0.027548246946011278
truth90_validation,T2,Linear,Phys_v2.families.self_compression.frame_maximum_distribution.positive.count,30,-0.5666666666666667,0.0,0.06666666666666667,0.9,-1.8333333333333333,0.3333333333333333
truth90_validation,T2,Linear,Phys_v2.families.self_compression.threshold,30,0.0,0.0,0.0,1.0,0.0,0.0
truth90_validation,T2,Linear,Phys_v2.finite_frame_fraction,30,0.0,0.0,0.0,1.0,0.0,0.0
truth90_validation,T2,Linear,Phys_v2.fixed_environment_valid_frame_fraction,30,0.47000000000000003,0.5,0.0,0.06666666666666667,0.3749583333333333,0.561708333333333
truth90_validation,T2,Linear,Phys_v2.heavy_atoms,30,0.0,0.0,0.0,1.0,0.0,0.0
truth90_validation,T2,Linear,Phys_v2.intramolecular_tail_valid_frame_fraction,30,0.9316666666666665,1.0,0.0,0.0,0.8766666666666666,0.9716666666666666
truth90_validation,T2,Linear,Phys_v2.physical_excess_distributions.angle.all.count,30,0.0,0.0,0.0,1.0,0.0,0.0
truth90_validation,T2,Linear,Phys_v2.physical_excess_distributions.angle.all.maximum,30,-44.28748955708226,-45.78972882365923,1.0,0.0,-50.19648333320739,-38.415815901946246
truth90_validation,T2,Linear,Phys_v2.physical_excess_distributions.angle.all.mean,30,-4.386475227549593,-3.271824112235152,1.0,0.0,-5.408479900032132,-3.443721317214978
truth90_validation,T2,Linear,Phys_v2.physical_excess_distributions.angle.all.p50,30,-0.29765859924892646,0.0,0.1,0.9,-0.6637668116460199,0.0
truth90_validation,T2,Linear,Phys_v2.physical_excess_distributions.angle.all.p90,30,-15.366698775916353,-12.83808129245537,1.0,0.0,-18.67668521495445,-12.348219727628718
truth90_validation,T2,Linear,Phys_v2.physical_excess_distributions.angle.all.p95,30,-22.897989911865636,-19.470464059835983,1.0,0.0,-27.117771085905563,-19.154797574216666
truth90_validation,T2,Linear,Phys_v2.physical_excess_distributions.angle.all.p99,30,-36.186026475422224,-32.59173615596775,1.0,0.0,-41.559684618093264,-31.454593562005044
truth90_validation,T2,Linear,Phys_v2.physical_excess_distributions.angle.positive.count,30,-506.46666666666664,-491.5,1.0,0.0,-613.4399999999999,-411.07250000000016
truth90_validation,T2,Linear,Phys_v2.physical_excess_distributions.angle.positive.maximum,29,-44.948653546557715,-46.01794557492896,1.0,0.0,-50.80284155719496,-38.82414458459503
truth90_validation,T2,Linear,Phys_v2.physical_excess_distributions.angle.positive.mean,29,-11.492658876418108,-10.268078399132168,1.0,0.0,-13.21424496893356,-9.984937224996962
truth90_validation,T2,Linear,Phys_v2.physical_excess_distributions.angle.positive.p50,29,-9.06716550147272,-7.371701346513674,1.0,0.0,-10.608544323471383,-7.69079617916691
truth90_validation,T2,Linear,Phys_v2.physical_excess_distributions.angle.positive.p90,29,-25.739418207617913,-23.459677608894676,1.0,0.0,-29.784213628751647,-22.498117548215276
truth90_validation,T2,Linear,Phys_v2.physical_excess_distributions.angle.positive.p95,29,-31.283640868481456,-28.38786841317788,1.0,0.0,-35.54467345163492,-27.49610752121429
truth90_validation,T2,Linear,Phys_v2.physical_excess_distributions.angle.positive.p99,29,-41.70523899882457,-42.16968720514206,1.0,0.0,-47.395503247696226,-36.20531613987562
truth90_validation,T2,Linear,Phys_v2.physical_excess_distributions.bond.all.count,30,0.0,0.0,0.0,1.0,0.0,0.0
truth90_validation,T2,Linear,Phys_v2.physical_excess_distributions.bond.all.maximum,30,-6.653141076418918,-6.200592278105427,1.0,0.0,-8.214233146275177,-5.1443952810200795
truth90_validation,T2,Linear,Phys_v2.physical_excess_distributions.bond.all.mean,30,-0.9129375248927112,-0.4719703317942958,1.0,0.0,-1.2869841339529582,-0.5914825968806222
truth90_validation,T2,Linear,Phys_v2.physical_excess_distributions.bond.all.p50,30,-0.49467283109002375,-0.1689210292681303,1.0,0.0,-0.8061439586096065,-0.2485453640439577
truth90_validation,T2,Linear,Phys_v2.physical_excess_distributions.bond.all.p90,30,-2.3742028507754953,-1.283309469000613,1.0,0.0,-3.3124646111901592,-1.6224514573574556
truth90_validation,T2,Linear,Phys_v2.physical_excess_distributions.bond.all.p95,30,-3.164189279022698,-1.8106369499858483,1.0,0.0,-4.264999642872828,-2.1948155394885323
truth90_validation,T2,Linear,Phys_v2.physical_excess_distributions.bond.all.p99,30,-5.07773908170435,-4.310634962861709,1.0,0.0,-6.3254122910747315,-3.7635504245485136
truth90_validation,T2,Linear,Phys_v2.physical_excess_distributions.bond.positive.count,30,-603.6333333333333,-537.5,1.0,0.0,-758.0875000000001,-475.9941666666667
truth90_validation,T2,Linear,Phys_v2.physical_excess_distributions.bond.positive.maximum,28,-7.0414519532930395,-6.8889557599597335,1.0,0.0,-8.57685836194452,-5.537924189615037
truth90_validation,T2,Linear,Phys_v2.physical_excess_distributions.bond.positive.mean,28,-1.1422845532964712,-0.7568112424563781,1.0,0.0,-1.5330357959510774,-0.8134517909027842
truth90_validation,T2,Linear,Phys_v2.physical_excess_distributions.bond.positive.p50,28,-0.7123463874521143,-0.3514962980586351,1.0,0.0,-1.0175619263842999,-0.45172513353787774
truth90_validation,T2,Linear,Phys_v2.physical_excess_distributions.bond.positive.p90,28,-2.774714895657854,-1.8049938450015912,1.0,0.0,-3.704496107033494,-1.959834319287127
truth90_validation,T2,Linear,Phys_v2.physical_excess_distributions.bond.positive.p95,28,-3.6791328118536435,-2.628125643185329,1.0,0.0,-4.724293145294588,-2.6506136571801155
truth90_validation,T2,Linear,Phys_v2.physical_excess_distributions.bond.positive.p99,28,-5.640768687708674,-5.510528173185493,1.0,0.0,-6.890281162777781,-4.313538429463009
truth90_validation,T2,Linear,Phys_v2.physical_excess_distributions.environment_depth_angstrom.all.count,30,0.0,0.0,0.0,1.0,0.0,0.0
truth90_validation,T2,Linear,Phys_v2.physical_excess_distributions.environment_depth_angstrom.all.maximum,30,-0.6097271032793715,-0.6173244628617868,0.8666666666666667,0.06666666666666667,-0.7532527228980181,-0.46976178814084674
truth90_validation,T2,Linear,Phys_v2.physical_excess_distributions.environment_depth_angstrom.all.mean,30,-9.529171563717915e-06,-6.704789315743358e-06,0.9,0.06666666666666667,-1.5065582506326929e-05,-5.291206690913179e-06
truth90_validation,T2,Linear,Phys_v2.physical_excess_distributions.environment_depth_angstrom.all.p50,30,0.0,0.0,0.0,1.0,0.0,0.0
truth90_validation,T2,Linear,Phys_v2.physical_excess_distributions.environment_depth_angstrom.all.p90,30,0.0,0.0,0.0,1.0,0.0,0.0
truth90_validation,T2,Linear,Phys_v2.physical_excess_distributions.environment_depth_angstrom.all.p95,30,0.0,0.0,0.0,1.0,0.0,0.0
truth90_validation,T2,Linear,Phys_v2.physical_excess_distributions.environment_depth_angstrom.all.p99,30,0.0,0.0,0.0,1.0,0.0,0.0
truth90_validation,T2,Linear,Phys_v2.physical_excess_distributions.environment_depth_angstrom.positive.count,30,-38.86666666666667,-32.0,0.9,0.06666666666666667,-55.401666666666664,-24.865833333333338
truth90_validation,T2,Linear,Phys_v2.physical_excess_distributions.environment_depth_angstrom.positive.maximum,6,-0.2948824006277489,-0.2582775851046789,0.6666666666666666,0.0,-0.5607146203817558,-0.04859512690684078
truth90_validation,T2,Linear,Phys_v2.physical_excess_distributions.environment_depth_angstrom.positive.mean,6,-0.022982070766425097,-0.08059235742972896,0.6666666666666666,0.0,-0.12006150443106028,0.09513564866304873
truth90_validation,T2,Linear,Phys_v2.physical_excess_distributions.environment_depth_angstrom.positive.p50,6,0.011761012381177568,-0.05668032541736848,0.6666666666666666,0.0,-0.09685112562812286,0.12970633548959618
truth90_validation,T2,Linear,Phys_v2.physical_excess_distributions.environment_depth_angstrom.positive.p90,6,-0.1889009645204557,-0.1742409075032531,0.6666666666666666,0.0,-0.4110092650849098,0.01985527219850562
truth90_validation,T2,Linear,Phys_v2.physical_excess_distributions.environment_depth_angstrom.positive.p95,6,-0.2608395067276302,-0.2683786277634098,0.6666666666666666,0.0,-0.4996369981564219,-0.012161522349031574
truth90_validation,T2,Linear,Phys_v2.physical_excess_distributions.environment_depth_angstrom.positive.p99,6,-0.2829183613341451,-0.24594045925919505,0.6666666666666666,0.0,-0.5401363655246118,-0.034775383907330724
truth90_validation,T2,Linear,Phys_v2.physical_excess_distributions.self_depth_angstrom.all.count,30,0.0,0.0,0.0,1.0,0.0,0.0
truth90_validation,T2,Linear,Phys_v2.physical_excess_distributions.self_depth_angstrom.all.maximum,30,-0.039764572287407006,0.0,0.06666666666666667,0.9,-0.1417562901933436,0.038021841595814725
truth90_validation,T2,Linear,Phys_v2.physical_excess_distributions.self_depth_angstrom.all.mean,30,-5.9533097641615964e-05,0.0,0.06666666666666667,0.9,-0.0001506611112838482,1.5333346224452505e-06
truth90_validation,T2,Linear,Phys_v2.physical_excess_distributions.self_depth_angstrom.all.p50,30,0.0,0.0,0.0,1.0,0.0,0.0
truth90_validation,T2,Linear,Phys_v2.physical_excess_distributions.self_depth_angstrom.all.p90,30,0.0,0.0,0.0,1.0,0.0,0.0
truth90_validation,T2,Linear,Phys_v2.physical_excess_distributions.self_depth_angstrom.all.p95,30,0.0,0.0,0.0,1.0,0.0,0.0
truth90_validation,T2,Linear,Phys_v2.physical_excess_distributions.self_depth_angstrom.all.p99,30,0.0,0.0,0.0,1.0,0.0,0.0
truth90_validation,T2,Linear,Phys_v2.physical_excess_distributions.self_depth_angstrom.positive.count,30,-0.8333333333333334,0.0,0.06666666666666667,0.9,-2.533333333333333,0.3333333333333333
truth90_validation,T2,Linear,Phys_v2.windows.early.valid_frame_fraction,30,0.8857142857142859,1.0,0.0,0.0,0.8285714285714287,0.9380952380952381
truth90_validation,T2,Linear,Phys_v2.windows.late.valid_frame_fraction,30,0.8944444444444445,1.0,0.0,0.03333333333333333,0.8,0.9666666666666667
truth90_validation,T2,Linear,Phys_v2.windows.middle.valid_frame_fraction,30,0.9142857142857144,1.0,0.0,0.0,0.8333333333333334,0.980952380952381
truth90_validation,T2,Linear,Phys_v2_common_heavy.assessed_tail_valid_frame_fraction,30,0.8566666666666666,0.9,0.0,0.0,0.7983333333333332,0.9083749999999998
truth90_validation,T2,NeuralMD,Phys_v2_common_heavy.assessed_tail_valid_frame_fraction,30,0.006666666666666672,0.0,0.23333333333333334,0.6,-0.06833333333333333,0.08166666666666665
truth90_validation,T2,Linear,Phys_v2_common_heavy.bonded_distribution_comparison.angle.mean_wasserstein,30,-7.192561856091058,-4.801994160972379,1.0,0.0,-9.09804278663993,-5.47790112839027
truth90_validation,T2,NeuralMD,Phys_v2_common_heavy.bonded_distribution_comparison.angle.mean_wasserstein,30,1.9242735527496453,1.8451110785789446,0.0,0.0,1.632714340163994,2.209119365209221
truth90_validation,T2,Linear,Phys_v2_common_heavy.bonded_distribution_comparison.angle.predicted_constraint_variance_mean,30,-13.053505224244397,-5.355974780577368,0.6,0.0,-23.673302972616906,-3.937358690181986
truth90_validation,T2,NeuralMD,Phys_v2_common_heavy.bonded_distribution_comparison.angle.predicted_constraint_variance_mean,30,30.953316391339595,29.2471664248679,0.0,0.0,27.083655201132654,35.04518307903298
truth90_validation,T2,Linear,Phys_v2_common_heavy.bonded_distribution_comparison.angle.predicted_within_path_variance_mean,30,-13.053505224244397,-5.355974780577368,0.6,0.0,-23.571648232176305,-3.739175428533228
truth90_validation,T2,NeuralMD,Phys_v2_common_heavy.bonded_distribution_comparison.angle.predicted_within_path_variance_mean,30,30.953316391339595,29.2471664248679,0.0,0.0,27.01524995824542,35.3807484620154
truth90_validation,T2,Linear,Phys_v2_common_heavy.bonded_distribution_comparison.angle.reference_constraint_variance_mean,30,0.0,0.0,0.0,1.0,0.0,0.0
truth90_validation,T2,NeuralMD,Phys_v2_common_heavy.bonded_distribution_comparison.angle.reference_constraint_variance_mean,30,0.0,0.0,0.0,1.0,0.0,0.0
truth90_validation,T2,Linear,Phys_v2_common_heavy.bonded_distribution_comparison.bond.mean_wasserstein,30,-0.817202010259991,-0.3362322917598655,1.0,0.0,-1.2087698840372645,-0.4837101755651107
truth90_validation,T2,NeuralMD,Phys_v2_common_heavy.bonded_distribution_comparison.bond.mean_wasserstein,30,0.022155110472106023,0.023545026319930728,0.03333333333333333,0.0,0.017846848644657246,0.026617472711990307
truth90_validation,T2,Linear,Phys_v2_common_heavy.bonded_distribution_comparison.bond.predicted_constraint_variance_mean,30,-0.9358653079310365,-0.1620703686661254,1.0,0.0,-1.6260733178646332,-0.39836221819150347
truth90_validation,T2,NeuralMD,Phys_v2_common_heavy.bonded_distribution_comparison.bond.predicted_constraint_variance_mean,30,0.0034115275654388252,0.0037308639371299887,0.03333333333333333,0.0,0.0028805537726479574,0.003894355703791247
truth90_validation,T2,Linear,Phys_v2_common_heavy.bonded_distribution_comparison.bond.predicted_within_path_variance_mean,30,-0.9358653079310365,-0.1620703686661254,1.0,0.0,-1.5790123501203992,-0.38794613838465125
truth90_validation,T2,NeuralMD,Phys_v2_common_heavy.bonded_distribution_comparison.bond.predicted_within_path_variance_mean,30,0.0034115275654388252,0.0037308639371299887,0.03333333333333333,0.0,0.002887200531500882,0.003915781071179157
truth90_validation,T2,Linear,Phys_v2_common_heavy.bonded_distribution_comparison.bond.reference_constraint_variance_mean,30,0.0,0.0,0.0,1.0,0.0,0.0
truth90_validation,T2,NeuralMD,Phys_v2_common_heavy.bonded_distribution_comparison.bond.reference_constraint_variance_mean,30,0.0,0.0,0.0,1.0,0.0,0.0
truth90_validation,T2,Linear,Phys_v2_common_heavy.chemistry.checked_centres,30,0.0,0.0,0.0,1.0,0.0,0.0
truth90_validation,T2,NeuralMD,Phys_v2_common_heavy.chemistry.checked_centres,30,0.0,0.0,0.0,1.0,0.0,0.0
truth90_validation,T2,Linear,Phys_v2_common_heavy.extra_mean_squared_severity.angle_degrees,30,-135.36179736303674,-53.01383871878316,1.0,0.0,-213.03513468692574,-77.70160829870609
truth90_validation,T2,NeuralMD,Phys_v2_common_heavy.extra_mean_squared_severity.angle_degrees,30,0.29399614789665146,0.0005186959950962817,0.06666666666666667,0.1,0.007159310296162649,0.7456145755756508
truth90_validation,T2,Linear,Phys_v2_common_heavy.extra_mean_squared_severity.bond_relative,30,-1.6873914831301458,-0.22567074208450671,1.0,0.0,-2.8845920406058676,-0.7046996917952335
truth90_validation,T2,NeuralMD,Phys_v2_common_heavy.extra_mean_squared_severity.bond_relative,30,-5.387978943596776e-05,-2.4510532319861353e-07,0.6,0.03333333333333333,-0.00011450105452008046,-6.768002032136568e-06
truth90_validation,T2,Linear,Phys_v2_common_heavy.extra_mean_squared_severity.environment_compression,30,-0.006610545570732805,-0.002454615996848631,0.9,0.06666666666666667,-0.010405656124813575,-0.00376367791726446
truth90_validation,T2,NeuralMD,Phys_v2_common_heavy.extra_mean_squared_severity.environment_compression,30,0.000108206730599644,0.0,0.0,0.8,6.6286949557560855e-06,0.0002640591365552632
truth90_validation,T2,Linear,Phys_v2_common_heavy.extra_mean_squared_severity.self_compression,30,-1.38949071449519e-05,0.0,0.06666666666666667,0.9,-3.658714603395343e-05,3.5188106999083946e-07
truth90_validation,T2,NeuralMD,Phys_v2_common_heavy.extra_mean_squared_severity.self_compression,30,1.7594053499541973e-07,0.0,0.0,0.9666666666666667,0.0,5.278216049862593e-07
truth90_validation,T2,Linear,Phys_v2_common_heavy.families.angle_degrees.anomaly_frame_fraction,30,-0.7466666666666666,-0.7749999999999999,1.0,0.0,-0.8083333333333332,-0.6816666666666666
truth90_validation,T2,NeuralMD,Phys_v2_common_heavy.families.angle_degrees.anomaly_frame_fraction,30,0.023333333333333334,0.0,0.0,0.8666666666666667,0.0016666666666666668,0.06333333333333334
truth90_validation,T2,Linear,Phys_v2_common_heavy.families.angle_degrees.constraint_anomaly_fraction,30,-0.2046969746094161,-0.1467013888888889,1.0,0.0,-0.25644450801188623,-0.1552159114284481
truth90_validation,T2,NeuralMD,Phys_v2_common_heavy.families.angle_degrees.constraint_anomaly_fraction,30,0.00040445269016697595,0.0,0.0,0.8666666666666667,3.0303030303030302e-05,0.001083109152752009
truth90_validation,T2,Linear,Phys_v2_common_heavy.families.angle_degrees.constraint_distribution.all.count,30,0.0,0.0,0.0,1.0,0.0,0.0
truth90_validation,T2,NeuralMD,Phys_v2_common_heavy.families.angle_degrees.constraint_distribution.all.count,30,0.0,0.0,0.0,1.0,0.0,0.0
truth90_validation,T2,Linear,Phys_v2_common_heavy.families.angle_degrees.constraint_distribution.all.maximum,30,-36.89759719202519,-34.076544162403586,0.9666666666666667,0.0,-42.90878978681996,-30.882684966023675
truth90_validation,T2,NeuralMD,Phys_v2_common_heavy.families.angle_degrees.constraint_distribution.all.maximum,30,4.8728142629572115,0.30192350042192406,0.1,0.1,0.7617211690331943,10.408472553166625
truth90_validation,T2,Linear,Phys_v2_common_heavy.families.angle_degrees.constraint_distribution.all.mean,30,-4.936250706876552,-3.164665435728863,1.0,0.0,-6.712811519890158,-3.4729504656200834
truth90_validation,T2,NeuralMD,Phys_v2_common_heavy.families.angle_degrees.constraint_distribution.all.mean,30,0.027776978847380666,0.002134807614947735,0.06666666666666667,0.1,0.006293006139099588,0.05605301073316654
truth90_validation,T2,Linear,Phys_v2_common_heavy.families.angle_degrees.constraint_distribution.all.p50,30,-1.0763701149708642,0.0,0.23333333333333334,0.7666666666666667,-2.137516854548504,-0.268127824043396
truth90_validation,T2,NeuralMD,Phys_v2_common_heavy.families.angle_degrees.constraint_distribution.all.p50,30,0.0,0.0,0.0,1.0,0.0,0.0
truth90_validation,T2,Linear,Phys_v2_common_heavy.families.angle_degrees.constraint_distribution.all.p90,30,-16.106904274496966,-11.882427991048328,1.0,0.0,-21.11374005303424,-12.02005066018834
truth90_validation,T2,NeuralMD,Phys_v2_common_heavy.families.angle_degrees.constraint_distribution.all.p90,30,0.04520369626782001,0.0,0.0,0.8,0.006796073585944615,0.09999462187380337
truth90_validation,T2,Linear,Phys_v2_common_heavy.families.angle_degrees.constraint_distribution.all.p95,30,-22.527233986070303,-18.405467900451836,1.0,0.0,-28.062046948283843,-17.719841229860467
truth90_validation,T2,NeuralMD,Phys_v2_common_heavy.families.angle_degrees.constraint_distribution.all.p95,30,0.12369336557306403,0.0,0.0,0.7666666666666667,0.028435360014090205,0.2807458611413452
truth90_validation,T2,Linear,Phys_v2_common_heavy.families.angle_degrees.constraint_distribution.all.p99,30,-34.513105930313785,-29.54036654093299,1.0,0.0,-41.042974648222845,-28.90921524566466
truth90_validation,T2,NeuralMD,Phys_v2_common_heavy.families.angle_degrees.constraint_distribution.all.p99,30,0.36444237152529474,0.052327785801640804,0.03333333333333333,0.23333333333333334,0.13495580592117054,0.6945031175635425
truth90_validation,T2,Linear,Phys_v2_common_heavy.families.angle_degrees.constraint_distribution.positive.count,30,-252.4,-231.5,1.0,0.0,-306.30083333333334,-197.69583333333335
truth90_validation,T2,NeuralMD,Phys_v2_common_heavy.families.angle_degrees.constraint_distribution.positive.count,30,44.63333333333333,17.0,0.0,0.13333333333333333,18.666666666666668,80.00166666666665
truth90_validation,T2,Linear,Phys_v2_common_heavy.families.angle_degrees.constraint_distribution.positive.maximum,27,-36.142403784754656,-34.56826517853237,0.9629629629629629,0.0,-42.17265426221517,-29.863536591129144
truth90_validation,T2,NeuralMD,Phys_v2_common_heavy.families.angle_degrees.constraint_distribution.positive.maximum,4,-0.6817085315683875,-0.3621665678672683,0.75,0.0,-1.8840108329920016,0.20105180615410695
truth90_validation,T2,Linear,Phys_v2_common_heavy.families.angle_degrees.constraint_distribution.positive.mean,27,-11.14550987286164,-9.649889149166007,1.0,0.0,-13.07155996535647,-9.324115395107796
truth90_validation,T2,NeuralMD,Phys_v2_common_heavy.families.angle_degrees.constraint_distribution.positive.mean,4,-0.6308336717753048,-0.6102701655520045,0.75,0.0,-1.1294885469078815,-0.13217879664272822
truth90_validation,T2,Linear,Phys_v2_common_heavy.families.angle_degrees.constraint_distribution.positive.p50,27,-9.051820432660874,-7.38363172312116,1.0,0.0,-11.137345048874465,-7.291755190683298
truth90_validation,T2,NeuralMD,Phys_v2_common_heavy.families.angle_degrees.constraint_distribution.positive.p50,4,-0.6686142805710198,-0.6672386608095249,1.0,0.0,-1.191604107620619,-0.14562445352142067
truth90_validation,T2,Linear,Phys_v2_common_heavy.families.angle_degrees.constraint_distribution.positive.p90,27,-24.59628144439632,-22.610128222153627,1.0,0.0,-28.79821409269756,-20.742795588251504
truth90_validation,T2,NeuralMD,Phys_v2_common_heavy.families.angle_degrees.constraint_distribution.positive.p90,4,-1.0017992738448893,-0.9762274250559575,0.75,0.0,-1.8850849589863765,-0.11851358870340192
truth90_validation,T2,Linear,Phys_v2_common_heavy.families.angle_degrees.constraint_distribution.positive.p95,27,-30.0725215929518,-27.340065874462017,1.0,0.0,-35.13902768284061,-25.543318857706744
truth90_validation,T2,NeuralMD,Phys_v2_common_heavy.families.angle_degrees.constraint_distribution.positive.p95,4,-0.9330987533206656,-0.7824742014754819,0.75,0.0,-1.7972093890883554,-0.1228824163483841
truth90_validation,T2,Linear,Phys_v2_common_heavy.families.angle_degrees.constraint_distribution.positive.p99,27,-36.43217866594496,-34.390764661481256,1.0,0.0,-43.294820585339686,-30.24832147547486
truth90_validation,T2,NeuralMD,Phys_v2_common_heavy.families.angle_degrees.constraint_distribution.positive.p99,4,-0.798641813181121,-0.5701195869523432,0.75,0.0,-1.8682094939476048,0.042403641356584684
truth90_validation,T2,Linear,Phys_v2_common_heavy.families.angle_degrees.finite_mean_squared_severity,30,-135.36179736303674,-53.01383871878316,1.0,0.0,-209.8746376462171,-74.11931905584346
truth90_validation,T2,NeuralMD,Phys_v2_common_heavy.families.angle_degrees.finite_mean_squared_severity,30,0.29399614789665146,0.0005186959950962817,0.06666666666666667,0.1,0.007249335093303722,0.7316943972160956
truth90_validation,T2,Linear,Phys_v2_common_heavy.families.angle_degrees.frame_maximum_distribution.all.count,30,0.0,0.0,0.0,1.0,0.0,0.0
truth90_validation,T2,NeuralMD,Phys_v2_common_heavy.families.angle_degrees.frame_maximum_distribution.all.count,30,0.0,0.0,0.0,1.0,0.0,0.0
truth90_validation,T2,Linear,Phys_v2_common_heavy.families.angle_degrees.frame_maximum_distribution.all.maximum,30,-36.89759719202519,-34.076544162403586,0.9666666666666667,0.0,-43.59150919539415,-30.735393599453467
truth90_validation,T2,NeuralMD,Phys_v2_common_heavy.families.angle_degrees.frame_maximum_distribution.all.maximum,30,4.8728142629572115,0.30192350042192406,0.1,0.1,0.747647502105592,10.107643762243002
truth90_validation,T2,Linear,Phys_v2_common_heavy.families.angle_degrees.frame_maximum_distribution.all.mean,30,-24.041641952064346,-19.035742977283157,1.0,0.0,-29.64086812231045,-19.050319205503666
truth90_validation,T2,NeuralMD,Phys_v2_common_heavy.families.angle_degrees.frame_maximum_distribution.all.mean,30,0.9765460753374297,0.06539926549117614,0.06666666666666667,0.1,0.12893163653827272,2.425011207759933
truth90_validation,T2,Linear,Phys_v2_common_heavy.families.angle_degrees.frame_maximum_distribution.all.p50,30,-26.66317801221855,-21.718326606440517,1.0,0.0,-33.40150371224644,-20.555445857193142
truth90_validation,T2,NeuralMD,Phys_v2_common_heavy.families.angle_degrees.frame_maximum_distribution.all.p50,30,0.5463069742898536,0.001987643906517799,0.0,0.5,0.06698237580378329,1.3101315447803543
truth90_validation,T2,Linear,Phys_v2_common_heavy.families.angle_degrees.frame_maximum_distribution.all.p90,30,-37.61484902355141,-33.99541249577149,1.0,0.0,-44.55151078737403,-31.299083482581445
truth90_validation,T2,NeuralMD,Phys_v2_common_heavy.families.angle_degrees.frame_maximum_distribution.all.p90,30,1.7797975762918468,0.1689264412325347,0.1,0.13333333333333333,0.10523507010917746,4.857462185233077
truth90_validation,T2,Linear,Phys_v2_common_heavy.families.angle_degrees.frame_maximum_distribution.all.p95,30,-38.41976960790152,-34.54999911390794,0.9666666666666667,0.0,-45.05282286749854,-32.03807746632243
truth90_validation,T2,NeuralMD,Phys_v2_common_heavy.families.angle_degrees.frame_maximum_distribution.all.p95,30,2.1928549199593705,0.229871246639907,0.1,0.1,0.20439113168955533,5.711041419843733
truth90_validation,T2,Linear,Phys_v2_common_heavy.families.angle_degrees.frame_maximum_distribution.all.p99,30,-37.20203167520045,-34.930268393596776,0.9666666666666667,0.0,-43.077426253072886,-30.82602941023289
truth90_validation,T2,NeuralMD,Phys_v2_common_heavy.families.angle_degrees.frame_maximum_distribution.all.p99,30,4.33682239435764,0.2875130496655206,0.1,0.1,0.6655957896181922,9.550801791846531
truth90_validation,T2,Linear,Phys_v2_common_heavy.families.angle_degrees.frame_maximum_distribution.positive.count,30,-7.5,-7.0,0.8,0.13333333333333333,-9.667499999999999,-5.333333333333333
truth90_validation,T2,NeuralMD,Phys_v2_common_heavy.families.angle_degrees.frame_maximum_distribution.positive.count,30,9.866666666666667,8.5,0.0,0.13333333333333333,7.565833333333333,12.366666666666667
truth90_validation,T2,Linear,Phys_v2_common_heavy.families.angle_degrees.frame_maximum_distribution.positive.maximum,27,-36.142403784754656,-34.56826517853237,0.9629629629629629,0.0,-42.41442168438692,-29.94264016920604
truth90_validation,T2,NeuralMD,Phys_v2_common_heavy.families.angle_degrees.frame_maximum_distribution.positive.maximum,4,-0.6817085315683875,-0.3621665678672683,0.75,0.0,-1.8840108329920016,0.20105180615410695
truth90_validation,T2,Linear,Phys_v2_common_heavy.families.angle_degrees.frame_maximum_distribution.positive.mean,27,-25.49657265139763,-22.22030150674332,1.0,0.0,-30.630293012486636,-20.562683844168497
truth90_validation,T2,NeuralMD,Phys_v2_common_heavy.families.angle_degrees.frame_maximum_distribution.positive.mean,4,-0.4928133988993222,-0.3554179334736678,0.75,0.0,-1.0387666343617288,-0.08425562886257013
truth90_validation,T2,Linear,Phys_v2_common_heavy.families.angle_degrees.frame_maximum_distribution.positive.p50,27,-28.531479619695624,-24.71971235810015,1.0,0.0,-34.6813290269437,-22.90946895979941
truth90_validation,T2,NeuralMD,Phys_v2_common_heavy.families.angle_degrees.frame_maximum_distribution.positive.p50,4,-0.5688705693744931,-0.47960713087410667,1.0,0.0,-1.151595543348834,-0.138574382183254
truth90_validation,T2,Linear,Phys_v2_common_heavy.families.angle_degrees.frame_maximum_distribution.positive.p90,27,-37.48625154810184,-34.207739529895306,1.0,0.0,-44.54470408681522,-30.703575747778142
truth90_validation,T2,NeuralMD,Phys_v2_common_heavy.families.angle_degrees.frame_maximum_distribution.positive.p90,4,-0.7637108907585286,-0.49349226629325926,0.75,0.0,-1.7091148352739856,-0.014695522319819326
truth90_validation,T2,Linear,Phys_v2_common_heavy.families.angle_degrees.frame_maximum_distribution.positive.p95,27,-37.88944784918498,-34.72007218045783,0.9629629629629629,0.0,-44.85203211686534,-31.332680531116328
truth90_validation,T2,NeuralMD,Phys_v2_common_heavy.families.angle_degrees.frame_maximum_distribution.positive.p95,4,-0.7528647323147764,-0.48836628467173804,0.75,0.0,-1.7971969397849448,0.02696902751235339
truth90_validation,T2,Linear,Phys_v2_common_heavy.families.angle_degrees.frame_maximum_distribution.positive.p99,27,-36.49181259764073,-35.32993943489604,0.9629629629629629,0.0,-42.69261822888896,-30.301960710763293
truth90_validation,T2,NeuralMD,Phys_v2_common_heavy.families.angle_degrees.frame_maximum_distribution.positive.p99,4,-0.6959397717176657,-0.3874065112281626,0.75,0.0,-1.8682070040869228,0.16779420016208824
truth90_validation,T2,Linear,Phys_v2_common_heavy.families.angle_degrees.threshold,30,0.0,0.0,0.0,1.0,0.0,0.0
truth90_validation,T2,NeuralMD,Phys_v2_common_heavy.families.angle_degrees.threshold,30,0.0,0.0,0.0,1.0,0.0,0.0
truth90_validation,T2,Linear,Phys_v2_common_heavy.families.bond_relative.anomaly_frame_fraction,30,-0.9133333333333333,-0.95,1.0,0.0,-0.945,-0.88
truth90_validation,T2,NeuralMD,Phys_v2_common_heavy.families.bond_relative.anomaly_frame_fraction,30,-0.06333333333333334,0.0,0.23333333333333334,0.7333333333333333,-0.12166666666666666,-0.016666666666666666
truth90_validation,T2,Linear,Phys_v2_common_heavy.families.bond_relative.constraint_anomaly_fraction,30,-0.5777320911075698,-0.5002155172413792,1.0,0.0,-0.6498793638204993,-0.5136688985416968
truth90_validation,T2,NeuralMD,Phys_v2_common_heavy.families.bond_relative.constraint_anomaly_fraction,30,-0.005559669683345884,0.0,0.23333333333333334,0.7333333333333333,-0.010571977041990503,-0.0011560475902445122
truth90_validation,T2,Linear,Phys_v2_common_heavy.families.bond_relative.constraint_distribution.all.count,30,0.0,0.0,0.0,1.0,0.0,0.0
truth90_validation,T2,NeuralMD,Phys_v2_common_heavy.families.bond_relative.constraint_distribution.all.count,30,0.0,0.0,0.0,1.0,0.0,0.0
truth90_validation,T2,Linear,Phys_v2_common_heavy.families.bond_relative.constraint_distribution.all.maximum,30,-3.6668089180715455,-2.39294123197192,1.0,0.0,-4.784091877778637,-2.6225815111193667
truth90_validation,T2,NeuralMD,Phys_v2_common_heavy.families.bond_relative.constraint_distribution.all.maximum,30,-0.02255738460426761,-0.007669148850687937,0.6666666666666666,0.03333333333333333,-0.039951576976362216,-0.007316721127590622
truth90_validation,T2,Linear,Phys_v2_common_heavy.families.bond_relative.constraint_distribution.all.mean,30,-0.5494022341689079,-0.21882450248788898,1.0,0.0,-0.8175499454779349,-0.3169011930675568
truth90_validation,T2,NeuralMD,Phys_v2_common_heavy.families.bond_relative.constraint_distribution.all.mean,30,-0.00031159442866345434,-4.0283491542628913e-07,0.5,0.03333333333333333,-0.0007911808703459654,3.89362203277911e-05
truth90_validation,T2,Linear,Phys_v2_common_heavy.families.bond_relative.constraint_distribution.all.p50,30,-0.29826992783019196,-0.036813761969126564,0.8333333333333334,0.16666666666666666,-0.5297248927360894,-0.12846558430567145
truth90_validation,T2,NeuralMD,Phys_v2_common_heavy.families.bond_relative.constraint_distribution.all.p50,30,0.00013046688829411785,0.0,0.0,0.9333333333333333,0.0,0.00033552596583849304
truth90_validation,T2,Linear,Phys_v2_common_heavy.families.bond_relative.constraint_distribution.all.p90,30,-1.450606458890848,-0.7024582643184014,1.0,0.0,-2.0956577420170905,-0.9103663599211766
truth90_validation,T2,NeuralMD,Phys_v2_common_heavy.families.bond_relative.constraint_distribution.all.p90,30,0.0006512461108703455,0.0,0.03333333333333333,0.6333333333333333,-0.00040017992964834834,0.001964249505882333
truth90_validation,T2,Linear,Phys_v2_common_heavy.families.bond_relative.constraint_distribution.all.p95,30,-1.976775972602156,-1.0726815635289588,1.0,0.0,-2.756161187193145,-1.2905507729120904
truth90_validation,T2,NeuralMD,Phys_v2_common_heavy.families.bond_relative.constraint_distribution.all.p95,30,-0.0025919934227875835,0.0,0.13333333333333333,0.6,-0.007230708563406623,0.00048783216571334463
truth90_validation,T2,Linear,Phys_v2_common_heavy.families.bond_relative.constraint_distribution.all.p99,30,-2.983744256105439,-2.0158324728582713,1.0,0.0,-3.9770633217188,-2.0986941781598754
truth90_validation,T2,NeuralMD,Phys_v2_common_heavy.families.bond_relative.constraint_distribution.all.p99,30,-0.013146266995776217,0.0,0.4,0.16666666666666666,-0.026351356011379137,-0.0027315386146230226
truth90_validation,T2,Linear,Phys_v2_common_heavy.families.bond_relative.constraint_distribution.positive.count,30,-311.6333333333333,-296.0,1.0,0.0,-383.70416666666665,-248.56583333333333
truth90_validation,T2,NeuralMD,Phys_v2_common_heavy.families.bond_relative.constraint_distribution.positive.count,30,55.46666666666667,17.0,0.1,0.03333333333333333,26.39333333333333,91.67083333333332
truth90_validation,T2,Linear,Phys_v2_common_heavy.families.bond_relative.constraint_distribution.positive.maximum,28,-3.888117449858739,-2.605034998793289,1.0,0.0,-5.128220841315305,-2.7775533803835484
truth90_validation,T2,NeuralMD,Phys_v2_common_heavy.families.bond_relative.constraint_distribution.positive.maximum,20,-0.03377225882393768,-0.014219728866218827,0.95,0.0,-0.058611997072082506,-0.013091508521680792
truth90_validation,T2,Linear,Phys_v2_common_heavy.families.bond_relative.constraint_distribution.positive.mean,28,-0.7213018781934093,-0.4125603980794068,1.0,0.0,-0.9955724409100298,-0.48649762903065746
truth90_validation,T2,NeuralMD,Phys_v2_common_heavy.families.bond_relative.constraint_distribution.positive.mean,20,-0.01669134277879992,-0.007512393187837493,1.0,0.0,-0.026764697803161076,-0.008773070232536645
truth90_validation,T2,Linear,Phys_v2_common_heavy.families.bond_relative.constraint_distribution.positive.p50,28,-0.4652198904173475,-0.21612978890294604,1.0,0.0,-0.6813104805605875,-0.2759994730155246
truth90_validation,T2,NeuralMD,Phys_v2_common_heavy.families.bond_relative.constraint_distribution.positive.p50,20,-0.01501254936348977,-0.0072102200633389485,1.0,0.0,-0.024187815545341218,-0.008187537386583722
truth90_validation,T2,Linear,Phys_v2_common_heavy.families.bond_relative.constraint_distribution.positive.p90,28,-1.7931236132667792,-1.1621103730248086,1.0,0.0,-2.475061145789819,-1.1973117577912875
truth90_validation,T2,NeuralMD,Phys_v2_common_heavy.families.bond_relative.constraint_distribution.positive.p90,20,-0.03305796121326141,-0.013456895174626294,1.0,0.0,-0.05219889783519502,-0.017253317601240978
truth90_validation,T2,Linear,Phys_v2_common_heavy.families.bond_relative.constraint_distribution.positive.p95,28,-2.351802728109973,-1.6209004081447147,1.0,0.0,-3.1175886137081568,-1.6108494518518122
truth90_validation,T2,NeuralMD,Phys_v2_common_heavy.families.bond_relative.constraint_distribution.positive.p95,20,-0.035220026207845694,-0.0144711254413677,1.0,0.0,-0.05784835518910469,-0.016669133817387764
truth90_validation,T2,Linear,Phys_v2_common_heavy.families.bond_relative.constraint_distribution.positive.p99,28,-3.2920781893750006,-2.1910404414221505,1.0,0.0,-4.28235136119734,-2.3530209920051237
truth90_validation,T2,NeuralMD,Phys_v2_common_heavy.families.bond_relative.constraint_distribution.positive.p99,20,-0.03505074771975147,-0.0151877847485835,0.95,0.0,-0.059198811316156424,-0.014600514378429437
truth90_validation,T2,Linear,Phys_v2_common_heavy.families.bond_relative.finite_mean_squared_severity,30,-1.6873914831301458,-0.22567074208450671,1.0,0.0,-2.912121703168443,-0.7141459885916688
truth90_validation,T2,NeuralMD,Phys_v2_common_heavy.families.bond_relative.finite_mean_squared_severity,30,-5.387978943596776e-05,-2.4510532319861353e-07,0.6,0.03333333333333333,-0.0001142139877689814,-6.155243259210141e-06
truth90_validation,T2,Linear,Phys_v2_common_heavy.families.bond_relative.frame_maximum_distribution.all.count,30,0.0,0.0,0.0,1.0,0.0,0.0
truth90_validation,T2,NeuralMD,Phys_v2_common_heavy.families.bond_relative.frame_maximum_distribution.all.count,30,0.0,0.0,0.0,1.0,0.0,0.0
truth90_validation,T2,Linear,Phys_v2_common_heavy.families.bond_relative.frame_maximum_distribution.all.maximum,30,-3.6668089180715455,-2.39294123197192,1.0,0.0,-4.7697422905106635,-2.590970307463541
truth90_validation,T2,NeuralMD,Phys_v2_common_heavy.families.bond_relative.frame_maximum_distribution.all.maximum,30,-0.02255738460426761,-0.007669148850687937,0.6666666666666666,0.03333333333333333,-0.04114302209972882,-0.008517760393011307
truth90_validation,T2,Linear,Phys_v2_common_heavy.families.bond_relative.frame_maximum_distribution.all.mean,30,-1.809471169319,-1.1038879189828381,1.0,0.0,-2.3806544329770576,-1.256192532007602
truth90_validation,T2,NeuralMD,Phys_v2_common_heavy.families.bond_relative.frame_maximum_distribution.all.mean,30,-0.006280441319555814,-0.0009584883813108859,0.6,0.03333333333333333,-0.012254954734362451,-0.0013367894372442618
truth90_validation,T2,Linear,Phys_v2_common_heavy.families.bond_relative.frame_maximum_distribution.all.p50,30,-1.7775778536660418,-1.0588780148531398,1.0,0.0,-2.3864937436840967,-1.1686999626724939
truth90_validation,T2,NeuralMD,Phys_v2_common_heavy.families.bond_relative.frame_maximum_distribution.all.p50,30,-0.0027732707457950034,0.0,0.13333333333333333,0.4,-0.008086378933410335,0.0013744602165752118
truth90_validation,T2,Linear,Phys_v2_common_heavy.families.bond_relative.frame_maximum_distribution.all.p90,30,-3.2853106365470657,-2.1212498623559037,1.0,0.0,-4.395017098358272,-2.306652326237955
truth90_validation,T2,NeuralMD,Phys_v2_common_heavy.families.bond_relative.frame_maximum_distribution.all.p90,30,-0.019328435695641435,-0.004636574400939779,0.6,0.1,-0.03506851610611953,-0.007065901009399227
truth90_validation,T2,Linear,Phys_v2_common_heavy.families.bond_relative.frame_maximum_distribution.all.p95,30,-3.476517721803887,-2.256285020796665,1.0,0.0,-4.593712357005442,-2.4493513964842877
truth90_validation,T2,NeuralMD,Phys_v2_common_heavy.families.bond_relative.frame_maximum_distribution.all.p95,30,-0.021570525339827902,-0.0061400649373275435,0.6333333333333333,0.03333333333333333,-0.037041131488902965,-0.00866435823998024
truth90_validation,T2,Linear,Phys_v2_common_heavy.families.bond_relative.frame_maximum_distribution.all.p99,30,-3.6287506788180135,-2.3656099897368685,1.0,0.0,-4.767202925516156,-2.5590103600068956
truth90_validation,T2,NeuralMD,Phys_v2_common_heavy.families.bond_relative.frame_maximum_distribution.all.p99,30,-0.022360012751379672,-0.00736092647579453,0.6666666666666666,0.03333333333333333,-0.04028563710603685,-0.007467289012725239
truth90_validation,T2,Linear,Phys_v2_common_heavy.families.bond_relative.frame_maximum_distribution.positive.count,30,-8.466666666666667,-8.0,0.7333333333333333,0.23333333333333334,-10.9,-5.933333333333334
truth90_validation,T2,NeuralMD,Phys_v2_common_heavy.families.bond_relative.frame_maximum_distribution.positive.count,30,5.166666666666667,6.0,0.13333333333333333,0.06666666666666667,3.1333333333333333,7.133333333333334
truth90_validation,T2,Linear,Phys_v2_common_heavy.families.bond_relative.frame_maximum_distribution.positive.maximum,28,-3.888117449858739,-2.605034998793289,1.0,0.0,-5.142328549867917,-2.8231775233824057
truth90_validation,T2,NeuralMD,Phys_v2_common_heavy.families.bond_relative.frame_maximum_distribution.positive.maximum,20,-0.03377225882393768,-0.014219728866218827,0.95,0.0,-0.057300469721069225,-0.013784271935959245
truth90_validation,T2,Linear,Phys_v2_common_heavy.families.bond_relative.frame_maximum_distribution.positive.mean,28,-1.9436707216578204,-1.257925602575575,1.0,0.0,-2.5654726541985715,-1.3581025821530195
truth90_validation,T2,NeuralMD,Phys_v2_common_heavy.families.bond_relative.frame_maximum_distribution.positive.mean,20,-0.018991158849676667,-0.008500455980026899,0.95,0.0,-0.03166055335657843,-0.009293865918394022
truth90_validation,T2,Linear,Phys_v2_common_heavy.families.bond_relative.frame_maximum_distribution.positive.p50,28,-1.9172403881887805,-1.2150995561767117,1.0,0.0,-2.552309059615524,-1.3306161848103388
truth90_validation,T2,NeuralMD,Phys_v2_common_heavy.families.bond_relative.frame_maximum_distribution.positive.p50,20,-0.019353486210539454,-0.007971094803107986,1.0,0.0,-0.03111253126503789,-0.009340706519134236
truth90_validation,T2,Linear,Phys_v2_common_heavy.families.bond_relative.frame_maximum_distribution.positive.p90,28,-3.491545482615274,-2.3238137474114966,1.0,0.0,-4.544131146300199,-2.5331045335325384
truth90_validation,T2,NeuralMD,Phys_v2_common_heavy.families.bond_relative.frame_maximum_distribution.positive.p90,20,-0.03310542719979644,-0.013149926153063849,0.95,0.0,-0.05508804268129409,-0.016084156274944816
truth90_validation,T2,Linear,Phys_v2_common_heavy.families.bond_relative.frame_maximum_distribution.positive.p95,28,-3.690244650218564,-2.4643980481715486,1.0,0.0,-4.796375718633793,-2.6568896377731432
truth90_validation,T2,NeuralMD,Phys_v2_common_heavy.families.bond_relative.frame_maximum_distribution.positive.p95,20,-0.034232373060604206,-0.013612922181080156,0.95,0.0,-0.05645987898785,-0.015093417152966023
truth90_validation,T2,Linear,Phys_v2_common_heavy.families.bond_relative.frame_maximum_distribution.positive.p99,28,-3.848542889930703,-2.576907608668941,1.0,0.0,-5.016948663431205,-2.7433877489213954
truth90_validation,T2,NeuralMD,Phys_v2_common_heavy.families.bond_relative.frame_maximum_distribution.positive.p99,20,-0.033864281671270986,-0.014098367529191094,0.95,0.0,-0.05774074328055065,-0.013411925519427888
truth90_validation,T2,Linear,Phys_v2_common_heavy.families.bond_relative.threshold,30,0.0,0.0,0.0,1.0,0.0,0.0
truth90_validation,T2,NeuralMD,Phys_v2_common_heavy.families.bond_relative.threshold,30,0.0,0.0,0.0,1.0,0.0,0.0
truth90_validation,T2,Linear,Phys_v2_common_heavy.families.environment_compression.anomaly_frame_fraction,30,-0.47000000000000003,-0.5,0.9333333333333333,0.06666666666666667,-0.5616666666666668,-0.37662500000000015
truth90_validation,T2,NeuralMD,Phys_v2_common_heavy.families.environment_compression.anomaly_frame_fraction,30,0.035,0.0,0.0,0.8,0.008333333333333333,0.06837499999999978
truth90_validation,T2,Linear,Phys_v2_common_heavy.families.environment_compression.constraint_anomaly_fraction,30,-3.0372946786821516e-05,-1.9334167618852414e-05,0.9,0.06666666666666667,-4.758580204473197e-05,-1.7458182138335746e-05
truth90_validation,T2,NeuralMD,Phys_v2_common_heavy.families.environment_compression.constraint_anomaly_fraction,30,1.0825453371221867e-06,0.0,0.0,0.8,8.771593069420637e-08,2.46894176104924e-06
truth90_validation,T2,Linear,Phys_v2_common_heavy.families.environment_compression.constraint_distribution.all.count,30,0.0,0.0,0.0,1.0,0.0,0.0
truth90_validation,T2,NeuralMD,Phys_v2_common_heavy.families.environment_compression.constraint_distribution.all.count,30,0.0,0.0,0.0,1.0,0.0,0.0
truth90_validation,T2,Linear,Phys_v2_common_heavy.families.environment_compression.constraint_distribution.all.maximum,30,-0.4097441148706363,-0.421255538260222,0.8666666666666667,0.06666666666666667,-0.5031404687945418,-0.315060224880998
truth90_validation,T2,NeuralMD,Phys_v2_common_heavy.families.environment_compression.constraint_distribution.all.maximum,30,0.07268831761368522,0.0,0.0,0.8,0.022395770274911384,0.140907728267953
truth90_validation,T2,Linear,Phys_v2_common_heavy.families.environment_compression.constraint_distribution.all.mean,30,-6.476288876848542e-06,-4.593213599096229e-06,0.9,0.06666666666666667,-9.764189824614733e-06,-3.674998769402603e-06
truth90_validation,T2,NeuralMD,Phys_v2_common_heavy.families.environment_compression.constraint_distribution.all.mean,30,2.2043233067492552e-07,0.0,0.0,0.8,9.721865596661604e-09,5.066084988639732e-07
truth90_validation,T2,Linear,Phys_v2_common_heavy.families.environment_compression.constraint_distribution.all.p50,30,0.0,0.0,0.0,1.0,0.0,0.0
truth90_validation,T2,NeuralMD,Phys_v2_common_heavy.families.environment_compression.constraint_distribution.all.p50,30,0.0,0.0,0.0,1.0,0.0,0.0
truth90_validation,T2,Linear,Phys_v2_common_heavy.families.environment_compression.constraint_distribution.all.p90,30,0.0,0.0,0.0,1.0,0.0,0.0
truth90_validation,T2,NeuralMD,Phys_v2_common_heavy.families.environment_compression.constraint_distribution.all.p90,30,0.0,0.0,0.0,1.0,0.0,0.0
truth90_validation,T2,Linear,Phys_v2_common_heavy.families.environment_compression.constraint_distribution.all.p95,30,0.0,0.0,0.0,1.0,0.0,0.0
truth90_validation,T2,NeuralMD,Phys_v2_common_heavy.families.environment_compression.constraint_distribution.all.p95,30,0.0,0.0,0.0,1.0,0.0,0.0
truth90_validation,T2,Linear,Phys_v2_common_heavy.families.environment_compression.constraint_distribution.all.p99,30,0.0,0.0,0.0,1.0,0.0,0.0
truth90_validation,T2,NeuralMD,Phys_v2_common_heavy.families.environment_compression.constraint_distribution.all.p99,30,0.0,0.0,0.0,1.0,0.0,0.0
truth90_validation,T2,Linear,Phys_v2_common_heavy.families.environment_compression.constraint_distribution.positive.count,30,-38.86666666666667,-32.0,0.9,0.06666666666666667,-55.2675,-25.16583333333334
truth90_validation,T2,NeuralMD,Phys_v2_common_heavy.families.environment_compression.constraint_distribution.positive.count,30,1.6666666666666667,0.0,0.0,0.8,0.13333333333333333,3.8674999999999953
truth90_validation,T2,Linear,Phys_v2_common_heavy.families.environment_compression.constraint_distribution.positive.maximum,6,-0.20476176132572188,-0.18030623227079468,0.6666666666666666,0.0,-0.3853224527833826,-0.03622606441541101
truth90_validation,T2,Linear,Phys_v2_common_heavy.families.environment_compression.constraint_distribution.positive.mean,6,-0.017984959264709666,-0.05873321397313641,0.6666666666666666,0.0,-0.08129142176045023,0.06644487547025651
truth90_validation,T2,Linear,Phys_v2_common_heavy.families.environment_compression.constraint_distribution.positive.p50,6,0.002719945748958457,-0.0404008332272556,0.6666666666666666,0.0,-0.07088590532152993,0.09591564395726694
truth90_validation,T2,Linear,Phys_v2_common_heavy.families.environment_compression.constraint_distribution.positive.p90,6,-0.13687227754867415,-0.12768341779446085,0.6666666666666666,0.0,-0.2723712874688191,-0.00946370008080922
truth90_validation,T2,Linear,Phys_v2_common_heavy.families.environment_compression.constraint_distribution.positive.p95,6,-0.1698981042653385,-0.14323672981220445,0.6666666666666666,0.0,-0.3406990092274713,-0.020026225690932167
truth90_validation,T2,Linear,Phys_v2_common_heavy.families.environment_compression.constraint_distribution.positive.p99,6,-0.19564569075481517,-0.17423839213116876,0.6666666666666666,0.0,-0.3640078585709555,-0.03464688690777105
truth90_validation,T2,Linear,Phys_v2_common_heavy.families.environment_compression.finite_mean_squared_severity,30,-0.006610545570732805,-0.002454615996848631,0.9,0.06666666666666667,-0.010278779147335389,-0.003564673671090001
truth90_validation,T2,NeuralMD,Phys_v2_common_heavy.families.environment_compression.finite_mean_squared_severity,30,0.000108206730599644,0.0,0.0,0.8,6.3357229348427696e-06,0.00025216354706146006
truth90_validation,T2,Linear,Phys_v2_common_heavy.families.environment_compression.frame_maximum_distribution.all.count,30,0.0,0.0,0.0,1.0,0.0,0.0
truth90_validation,T2,NeuralMD,Phys_v2_common_heavy.families.environment_compression.frame_maximum_distribution.all.count,30,0.0,0.0,0.0,1.0,0.0,0.0
truth90_validation,T2,Linear,Phys_v2_common_heavy.families.environment_compression.frame_maximum_distribution.all.maximum,30,-0.4097441148706363,-0.421255538260222,0.8666666666666667,0.06666666666666667,-0.4999227140773882,-0.3198460265129042
truth90_validation,T2,NeuralMD,Phys_v2_common_heavy.families.environment_compression.frame_maximum_distribution.all.maximum,30,0.07268831761368522,0.0,0.0,0.8,0.020552525200580447,0.14354165118056367
truth90_validation,T2,Linear,Phys_v2_common_heavy.families.environment_compression.frame_maximum_distribution.all.mean,30,-0.17329099680060134,-0.11885286817011984,0.9333333333333333,0.06666666666666667,-0.22886933202427176,-0.1212720261689582
truth90_validation,T2,NeuralMD,Phys_v2_common_heavy.families.environment_compression.frame_maximum_distribution.all.mean,30,0.009025649146646228,0.0,0.0,0.8,0.0012536370412256543,0.01973936641792968
truth90_validation,T2,Linear,Phys_v2_common_heavy.families.environment_compression.frame_maximum_distribution.all.p50,30,-0.1636634866843134,-0.09655629776759364,0.5666666666666667,0.43333333333333335,-0.23543598917676,-0.0989098448578051
truth90_validation,T2,NeuralMD,Phys_v2_common_heavy.families.environment_compression.frame_maximum_distribution.all.p50,30,0.0,0.0,0.0,1.0,0.0,0.0
truth90_validation,T2,Linear,Phys_v2_common_heavy.families.environment_compression.frame_maximum_distribution.all.p90,30,-0.3561454459635059,-0.3215494400448646,0.9333333333333333,0.06666666666666667,-0.4334268769351473,-0.27138093140975517
truth90_validation,T2,NeuralMD,Phys_v2_common_heavy.families.environment_compression.frame_maximum_distribution.all.p90,30,0.028040971639548728,0.0,0.0,0.8333333333333334,0.0002023086374565683,0.06578169727661996
truth90_validation,T2,Linear,Phys_v2_common_heavy.families.environment_compression.frame_maximum_distribution.all.p95,30,-0.39543312393850794,-0.3357790562263918,0.9333333333333333,0.06666666666666667,-0.4844466144620588,-0.3092141508087188
truth90_validation,T2,NeuralMD,Phys_v2_common_heavy.families.environment_compression.frame_maximum_distribution.all.p95,30,0.04001390834350435,0.0,0.0,0.8,0.00408674258849187,0.09102722157909357
truth90_validation,T2,Linear,Phys_v2_common_heavy.families.environment_compression.frame_maximum_distribution.all.p99,30,-0.4068819166842107,-0.41169256550196365,0.9,0.06666666666666667,-0.4967699353233448,-0.31630365521418974
truth90_validation,T2,NeuralMD,Phys_v2_common_heavy.families.environment_compression.frame_maximum_distribution.all.p99,30,0.06615343575964899,0.0,0.0,0.8,0.01686818741884889,0.12381477926818887
truth90_validation,T2,Linear,Phys_v2_common_heavy.families.environment_compression.frame_maximum_distribution.positive.count,30,-9.4,-10.0,0.9333333333333333,0.06666666666666667,-11.266666666666667,-7.633333333333334
truth90_validation,T2,NeuralMD,Phys_v2_common_heavy.families.environment_compression.frame_maximum_distribution.positive.count,30,0.7,0.0,0.0,0.8,0.16666666666666666,1.3666666666666667
truth90_validation,T2,Linear,Phys_v2_common_heavy.families.environment_compression.frame_maximum_distribution.positive.maximum,6,-0.20476176132572188,-0.18030623227079468,0.6666666666666666,0.0,-0.3794254748417747,-0.03593677253798338
truth90_validation,T2,Linear,Phys_v2_common_heavy.families.environment_compression.frame_maximum_distribution.positive.mean,6,-0.10123774173090028,-0.11860307353901223,0.6666666666666666,0.0,-0.23777158141843624,0.028970045223483138
truth90_validation,T2,Linear,Phys_v2_common_heavy.families.environment_compression.frame_maximum_distribution.positive.p50,6,-0.09064319382382768,-0.09722242627800895,0.6666666666666666,0.0,-0.2504053256574745,0.05350312309104358
truth90_validation,T2,Linear,Phys_v2_common_heavy.families.environment_compression.frame_maximum_distribution.positive.p90,6,-0.1873733653320563,-0.1577397736448457,0.6666666666666666,0.0,-0.3600251304025772,-0.014974767201449213
truth90_validation,T2,Linear,Phys_v2_common_heavy.families.environment_compression.frame_maximum_distribution.positive.p95,6,-0.2019083176589507,-0.1728605125686956,0.6666666666666666,0.0,-0.3797823660256612,-0.024079696867469996
truth90_validation,T2,Linear,Phys_v2_common_heavy.families.environment_compression.frame_maximum_distribution.positive.p99,6,-0.2041910725923676,-0.17881708833037482,0.6666666666666666,0.0,-0.3789486015454073,-0.03908347326823602
truth90_validation,T2,Linear,Phys_v2_common_heavy.families.environment_compression.threshold,30,0.0,0.0,0.0,1.0,0.0,0.0
truth90_validation,T2,NeuralMD,Phys_v2_common_heavy.families.environment_compression.threshold,30,0.0,0.0,0.0,1.0,0.0,0.0
truth90_validation,T2,Linear,Phys_v2_common_heavy.families.self_compression.anomaly_frame_fraction,30,-0.028333333333333335,0.0,0.06666666666666667,0.9,-0.09170833333333332,0.016666666666666666
truth90_validation,T2,NeuralMD,Phys_v2_common_heavy.families.self_compression.anomaly_frame_fraction,30,0.008333333333333333,0.0,0.0,0.9666666666666667,0.0,0.025
truth90_validation,T2,Linear,Phys_v2_common_heavy.families.self_compression.constraint_anomaly_fraction,30,-0.00016471540861319654,0.0,0.06666666666666667,0.9,-0.0004282446019669513,4.645113340765515e-06
truth90_validation,T2,NeuralMD,Phys_v2_common_heavy.families.self_compression.constraint_anomaly_fraction,30,2.3225566703827574e-06,0.0,0.0,0.9666666666666667,0.0,6.967670011148272e-06
truth90_validation,T2,Linear,Phys_v2_common_heavy.families.self_compression.constraint_distribution.all.count,30,0.0,0.0,0.0,1.0,0.0,0.0
truth90_validation,T2,NeuralMD,Phys_v2_common_heavy.families.self_compression.constraint_distribution.all.count,30,0.0,0.0,0.0,1.0,0.0,0.0
truth90_validation,T2,Linear,Phys_v2_common_heavy.families.self_compression.constraint_distribution.all.maximum,30,-0.021568274799148558,0.0,0.06666666666666667,0.9,-0.08516791713858712,0.028804425451374793
truth90_validation,T2,NeuralMD,Phys_v2_common_heavy.families.self_compression.constraint_distribution.all.maximum,30,0.014402212725687397,0.0,0.0,0.9666666666666667,0.0,0.04320663817706219
truth90_validation,T2,Linear,Phys_v2_common_heavy.families.self_compression.constraint_distribution.all.mean,30,-3.837262493550986e-05,0.0,0.06666666666666667,0.9,-9.687145778477942e-05,1.142738414726753e-06
truth90_validation,T2,NeuralMD,Phys_v2_common_heavy.families.self_compression.constraint_distribution.all.mean,30,5.713692073633765e-07,0.0,0.0,0.9666666666666667,0.0,1.7141076220901293e-06
truth90_validation,T2,Linear,Phys_v2_common_heavy.families.self_compression.constraint_distribution.all.p50,30,0.0,0.0,0.0,1.0,0.0,0.0
truth90_validation,T2,NeuralMD,Phys_v2_common_heavy.families.self_compression.constraint_distribution.all.p50,30,0.0,0.0,0.0,1.0,0.0,0.0
truth90_validation,T2,Linear,Phys_v2_common_heavy.families.self_compression.constraint_distribution.all.p90,30,0.0,0.0,0.0,1.0,0.0,0.0
truth90_validation,T2,NeuralMD,Phys_v2_common_heavy.families.self_compression.constraint_distribution.all.p90,30,0.0,0.0,0.0,1.0,0.0,0.0
truth90_validation,T2,Linear,Phys_v2_common_heavy.families.self_compression.constraint_distribution.all.p95,30,0.0,0.0,0.0,1.0,0.0,0.0
truth90_validation,T2,NeuralMD,Phys_v2_common_heavy.families.self_compression.constraint_distribution.all.p95,30,0.0,0.0,0.0,1.0,0.0,0.0
truth90_validation,T2,Linear,Phys_v2_common_heavy.families.self_compression.constraint_distribution.all.p99,30,0.0,0.0,0.0,1.0,0.0,0.0
truth90_validation,T2,NeuralMD,Phys_v2_common_heavy.families.self_compression.constraint_distribution.all.p99,30,0.0,0.0,0.0,1.0,0.0,0.0
truth90_validation,T2,Linear,Phys_v2_common_heavy.families.self_compression.constraint_distribution.positive.count,30,-0.8333333333333334,0.0,0.06666666666666667,0.9,-2.7333333333333334,0.3333333333333333
truth90_validation,T2,NeuralMD,Phys_v2_common_heavy.families.self_compression.constraint_distribution.positive.count,30,0.16666666666666666,0.0,0.0,0.9666666666666667,0.0,0.5
truth90_validation,T2,Linear,Phys_v2_common_heavy.families.self_compression.finite_mean_squared_severity,30,-1.38949071449519e-05,0.0,0.06666666666666667,0.9,-3.376746012404447e-05,3.5188106999083946e-07
truth90_validation,T2,NeuralMD,Phys_v2_common_heavy.families.self_compression.finite_mean_squared_severity,30,1.7594053499541973e-07,0.0,0.0,0.9666666666666667,0.0,5.278216049862593e-07
truth90_validation,T2,Linear,Phys_v2_common_heavy.families.self_compression.frame_maximum_distribution.all.count,30,0.0,0.0,0.0,1.0,0.0,0.0
truth90_validation,T2,NeuralMD,Phys_v2_common_heavy.families.self_compression.frame_maximum_distribution.all.count,30,0.0,0.0,0.0,1.0,0.0,0.0
truth90_validation,T2,Linear,Phys_v2_common_heavy.families.self_compression.frame_maximum_distribution.all.maximum,30,-0.021568274799148558,0.0,0.06666666666666667,0.9,-0.09353863161473976,0.029979696088146966
truth90_validation,T2,NeuralMD,Phys_v2_common_heavy.families.self_compression.frame_maximum_distribution.all.maximum,30,0.014402212725687397,0.0,0.0,0.9666666666666667,0.0,0.04320663817706219
truth90_validation,T2,Linear,Phys_v2_common_heavy.families.self_compression.frame_maximum_distribution.all.mean,30,-0.007474355832945873,0.0,0.06666666666666667,0.9,-0.02403713480106457,0.00410014543203959
truth90_validation,T2,NeuralMD,Phys_v2_common_heavy.families.self_compression.frame_maximum_distribution.all.mean,30,0.002050072716019795,0.0,0.0,0.9666666666666667,0.0,0.006150218148059385
truth90_validation,T2,Linear,Phys_v2_common_heavy.families.self_compression.frame_maximum_distribution.all.p50,30,-0.005706220501204032,0.0,0.03333333333333333,0.9666666666666667,-0.017118661503612093,0.0
truth90_validation,T2,NeuralMD,Phys_v2_common_heavy.families.self_compression.frame_maximum_distribution.all.p50,30,0.0,0.0,0.0,1.0,0.0,0.0
truth90_validation,T2,Linear,Phys_v2_common_heavy.families.self_compression.frame_maximum_distribution.all.p90,30,-0.017951690312341537,0.0,0.06666666666666667,0.9,-0.05555095520171513,0.014029989256103706
truth90_validation,T2,NeuralMD,Phys_v2_common_heavy.families.self_compression.frame_maximum_distribution.all.p90,30,0.007014994628051853,0.0,0.0,0.9666666666666667,0.0,0.021044983884155558
truth90_validation,T2,Linear,Phys_v2_common_heavy.families.self_compression.frame_maximum_distribution.all.p95,30,-0.019952608002769916,0.0,0.06666666666666667,0.9,-0.07201255444569013,0.02252353292455727
truth90_validation,T2,NeuralMD,Phys_v2_common_heavy.families.self_compression.frame_maximum_distribution.all.p95,30,0.011261766462278635,0.0,0.0,0.9666666666666667,0.0,0.03378529938683591
truth90_validation,T2,Linear,Phys_v2_common_heavy.families.self_compression.frame_maximum_distribution.all.p99,30,-0.021245141439872824,0.0,0.06666666666666667,0.9,-0.0832623306676143,0.028098569577159536
truth90_validation,T2,NeuralMD,Phys_v2_common_heavy.families.self_compression.frame_maximum_distribution.all.p99,30,0.013774123473005639,0.0,0.0,0.9666666666666667,0.0,0.041322370419016916
truth90_validation,T2,Linear,Phys_v2_common_heavy.families.self_compression.frame_maximum_distribution.positive.count,30,-0.5666666666666667,0.0,0.06666666666666667,0.9,-1.8,0.3333333333333333
truth90_validation,T2,NeuralMD,Phys_v2_common_heavy.families.self_compression.frame_maximum_distribution.positive.count,30,0.16666666666666666,0.0,0.0,0.9666666666666667,0.0,0.5
truth90_validation,T2,Linear,Phys_v2_common_heavy.families.self_compression.threshold,30,0.0,0.0,0.0,1.0,0.0,0.0
truth90_validation,T2,NeuralMD,Phys_v2_common_heavy.families.self_compression.threshold,30,0.0,0.0,0.0,1.0,0.0,0.0
truth90_validation,T2,Linear,Phys_v2_common_heavy.finite_frame_fraction,30,0.0,0.0,0.0,1.0,0.0,0.0
truth90_validation,T2,NeuralMD,Phys_v2_common_heavy.finite_frame_fraction,30,0.0,0.0,0.0,1.0,0.0,0.0
truth90_validation,T2,Linear,Phys_v2_common_heavy.fixed_environment_valid_frame_fraction,30,0.47000000000000003,0.5,0.0,0.06666666666666667,0.3733333333333333,0.5666666666666665
truth90_validation,T2,NeuralMD,Phys_v2_common_heavy.fixed_environment_valid_frame_fraction,30,-0.035,0.0,0.2,0.8,-0.07,-0.008333333333333333
truth90_validation,T2,Linear,Phys_v2_common_heavy.heavy_atoms,30,0.0,0.0,0.0,1.0,0.0,0.0
truth90_validation,T2,NeuralMD,Phys_v2_common_heavy.heavy_atoms,30,0.0,0.0,0.0,1.0,0.0,0.0
truth90_validation,T2,Linear,Phys_v2_common_heavy.intramolecular_tail_valid_frame_fraction,30,0.8899999999999999,0.925,0.0,0.0,0.836625,0.9333333333333333
truth90_validation,T2,NeuralMD,Phys_v2_common_heavy.intramolecular_tail_valid_frame_fraction,30,0.039999999999999994,0.0,0.06666666666666667,0.7,-0.028375000000000008,0.10833333333333334
truth90_validation,T2,Linear,Phys_v2_common_heavy.physical_excess_distributions.angle.all.count,30,0.0,0.0,0.0,1.0,0.0,0.0
truth90_validation,T2,NeuralMD,Phys_v2_common_heavy.physical_excess_distributions.angle.all.count,30,0.0,0.0,0.0,1.0,0.0,0.0
truth90_validation,T2,Linear,Phys_v2_common_heavy.physical_excess_distributions.angle.all.maximum,30,-36.89759719202519,-34.076544162403586,0.9666666666666667,0.0,-42.99284334921722,-30.976771585334706
truth90_validation,T2,NeuralMD,Phys_v2_common_heavy.physical_excess_distributions.angle.all.maximum,30,4.8728142629572115,0.30192350042192406,0.1,0.1,0.7295138320948473,10.404717064477452
truth90_validation,T2,Linear,Phys_v2_common_heavy.physical_excess_distributions.angle.all.mean,30,-4.936250706876552,-3.164665435728863,1.0,0.0,-6.619085242653819,-3.477325238892939
truth90_validation,T2,NeuralMD,Phys_v2_common_heavy.physical_excess_distributions.angle.all.mean,30,0.027776978847380666,0.002134807614947735,0.06666666666666667,0.1,0.006733059841570224,0.05595559489950591
truth90_validation,T2,Linear,Phys_v2_common_heavy.physical_excess_distributions.angle.all.p50,30,-1.0763701149708642,0.0,0.23333333333333334,0.7666666666666667,-2.139828938468486,-0.3088048572956603
truth90_validation,T2,NeuralMD,Phys_v2_common_heavy.physical_excess_distributions.angle.all.p50,30,0.0,0.0,0.0,1.0,0.0,0.0
truth90_validation,T2,Linear,Phys_v2_common_heavy.physical_excess_distributions.angle.all.p90,30,-16.106904274496966,-11.882427991048328,1.0,0.0,-21.015258475648505,-12.083799977137122
truth90_validation,T2,NeuralMD,Phys_v2_common_heavy.physical_excess_distributions.angle.all.p90,30,0.04520369626782001,0.0,0.0,0.8,0.00841183018437993,0.10203502832708639
truth90_validation,T2,Linear,Phys_v2_common_heavy.physical_excess_distributions.angle.all.p95,30,-22.527233986070303,-18.405467900451836,1.0,0.0,-27.64027874741932,-17.835782492421544
truth90_validation,T2,NeuralMD,Phys_v2_common_heavy.physical_excess_distributions.angle.all.p95,30,0.12369336557306403,0.0,0.0,0.7666666666666667,0.026970253216862656,0.27736891430641863
truth90_validation,T2,Linear,Phys_v2_common_heavy.physical_excess_distributions.angle.all.p99,30,-34.513105930313785,-29.54036654093299,1.0,0.0,-40.76050140808841,-28.840663435427665
truth90_validation,T2,NeuralMD,Phys_v2_common_heavy.physical_excess_distributions.angle.all.p99,30,0.36444237152529474,0.052327785801640804,0.03333333333333333,0.23333333333333334,0.12088997971148054,0.6901087720727798
truth90_validation,T2,Linear,Phys_v2_common_heavy.physical_excess_distributions.angle.positive.count,30,-252.4,-231.5,1.0,0.0,-305.93916666666667,-202.06583333333333
truth90_validation,T2,NeuralMD,Phys_v2_common_heavy.physical_excess_distributions.angle.positive.count,30,44.63333333333333,17.0,0.0,0.13333333333333333,19.397499999999997,80.9675
truth90_validation,T2,Linear,Phys_v2_common_heavy.physical_excess_distributions.angle.positive.maximum,27,-36.142403784754656,-34.56826517853237,0.9629629629629629,0.0,-42.339779698914356,-30.251554025456496
truth90_validation,T2,NeuralMD,Phys_v2_common_heavy.physical_excess_distributions.angle.positive.maximum,4,-0.6817085315683875,-0.3621665678672683,0.75,0.0,-1.8840108329920016,0.20105180615410695
truth90_validation,T2,Linear,Phys_v2_common_heavy.physical_excess_distributions.angle.positive.mean,27,-11.14550987286164,-9.649889149166007,1.0,0.0,-13.176686310666161,-9.328357016219424
truth90_validation,T2,NeuralMD,Phys_v2_common_heavy.physical_excess_distributions.angle.positive.mean,4,-0.6308336717753048,-0.6102701655520045,0.75,0.0,-1.1294885469078815,-0.13217879664272822
truth90_validation,T2,Linear,Phys_v2_common_heavy.physical_excess_distributions.angle.positive.p50,27,-9.051820432660874,-7.38363172312116,1.0,0.0,-11.091567969127578,-7.242466041198163
truth90_validation,T2,NeuralMD,Phys_v2_common_heavy.physical_excess_distributions.angle.positive.p50,4,-0.6686142805710198,-0.6672386608095249,1.0,0.0,-1.191604107620619,-0.14562445352142067
truth90_validation,T2,Linear,Phys_v2_common_heavy.physical_excess_distributions.angle.positive.p90,27,-24.59628144439632,-22.610128222153627,1.0,0.0,-29.13058256411213,-20.862876471478213
truth90_validation,T2,NeuralMD,Phys_v2_common_heavy.physical_excess_distributions.angle.positive.p90,4,-1.0017992738448893,-0.9762274250559575,0.75,0.0,-1.8850849589863765,-0.11851358870340191
truth90_validation,T2,Linear,Phys_v2_common_heavy.physical_excess_distributions.angle.positive.p95,27,-30.0725215929518,-27.340065874462017,1.0,0.0,-35.151928270571865,-25.445628128267966
truth90_validation,T2,NeuralMD,Phys_v2_common_heavy.physical_excess_distributions.angle.positive.p95,4,-0.9330987533206656,-0.7824742014754819,0.75,0.0,-1.7972093890883554,-0.1228824163483841
truth90_validation,T2,Linear,Phys_v2_common_heavy.physical_excess_distributions.angle.positive.p99,27,-36.43217866594496,-34.390764661481256,1.0,0.0,-43.271586069178646,-30.18980306947929
truth90_validation,T2,NeuralMD,Phys_v2_common_heavy.physical_excess_distributions.angle.positive.p99,4,-0.798641813181121,-0.5701195869523432,0.75,0.0,-1.8682094939476048,0.0424036413565847
truth90_validation,T2,Linear,Phys_v2_common_heavy.physical_excess_distributions.bond.all.count,30,0.0,0.0,0.0,1.0,0.0,0.0
truth90_validation,T2,NeuralMD,Phys_v2_common_heavy.physical_excess_distributions.bond.all.count,30,0.0,0.0,0.0,1.0,0.0,0.0
truth90_validation,T2,Linear,Phys_v2_common_heavy.physical_excess_distributions.bond.all.maximum,30,-5.339245612728211,-3.5047805666015073,1.0,0.0,-6.977880882869901,-3.8085320774603106
truth90_validation,T2,NeuralMD,Phys_v2_common_heavy.physical_excess_distributions.bond.all.maximum,30,-0.03247444766750989,-0.01164562147176762,0.6666666666666666,0.03333333333333333,-0.05870556528222196,-0.010240607736511757
truth90_validation,T2,Linear,Phys_v2_common_heavy.physical_excess_distributions.bond.all.mean,30,-0.7888658527939516,-0.3074428645994055,1.0,0.0,-1.1774469911823346,-0.44974775068465234
truth90_validation,T2,NeuralMD,Phys_v2_common_heavy.physical_excess_distributions.bond.all.mean,30,-0.0004117410524539964,-2.9012065113711155e-06,0.5,0.03333333333333333,-0.0010742538426853955,6.05884502817475e-05
truth90_validation,T2,Linear,Phys_v2_common_heavy.physical_excess_distributions.bond.all.p50,30,-0.43447862992092573,-0.05365032481171922,0.8333333333333334,0.16666666666666666,-0.7492618575213549,-0.18112864645990187
truth90_validation,T2,NeuralMD,Phys_v2_common_heavy.physical_excess_distributions.bond.all.p50,30,0.00018438283629635584,0.0,0.0,0.9333333333333333,0.0,0.00044929691100221346
truth90_validation,T2,Linear,Phys_v2_common_heavy.physical_excess_distributions.bond.all.p90,30,-2.070655794478332,-0.9684333513567802,1.0,0.0,-3.0128943091744818,-1.2822111385916264
truth90_validation,T2,NeuralMD,Phys_v2_common_heavy.physical_excess_distributions.bond.all.p90,30,0.0011271198097863955,0.0,0.03333333333333333,0.6333333333333333,-0.0004177072658113535,0.0032540419039590496
truth90_validation,T2,Linear,Phys_v2_common_heavy.physical_excess_distributions.bond.all.p95,30,-2.8116382904735806,-1.6008936308970263,1.0,0.0,-3.9798244223105614,-1.864284347417497
truth90_validation,T2,NeuralMD,Phys_v2_common_heavy.physical_excess_distributions.bond.all.p95,30,-0.0034581125560441627,0.0,0.13333333333333333,0.6,-0.00991895531205359,0.0010083822439262724
truth90_validation,T2,Linear,Phys_v2_common_heavy.physical_excess_distributions.bond.all.p99,30,-4.293161945755393,-2.907421812068768,1.0,0.0,-5.5792001377701,-3.013670588555275
truth90_validation,T2,NeuralMD,Phys_v2_common_heavy.physical_excess_distributions.bond.all.p99,30,-0.018912565962806542,0.0,0.4,0.16666666666666666,-0.03719813338287141,-0.003369022480817401
truth90_validation,T2,Linear,Phys_v2_common_heavy.physical_excess_distributions.bond.positive.count,30,-311.6333333333333,-296.0,1.0,0.0,-383.6,-246.43333333333334
truth90_validation,T2,NeuralMD,Phys_v2_common_heavy.physical_excess_distributions.bond.positive.count,30,55.46666666666667,17.0,0.1,0.03333333333333333,25.09416666666667,91.30416666666665
truth90_validation,T2,Linear,Phys_v2_common_heavy.physical_excess_distributions.bond.positive.maximum,28,-5.663780963909099,-3.961948155343653,1.0,0.0,-7.43548166200603,-3.997940952653752
truth90_validation,T2,NeuralMD,Phys_v2_common_heavy.physical_excess_distributions.bond.positive.maximum,20,-0.048485774947911106,-0.02017649140132438,0.95,0.0,-0.08658575741629322,-0.01797373211421615
truth90_validation,T2,Linear,Phys_v2_common_heavy.physical_excess_distributions.bond.positive.mean,28,-1.0354669649575976,-0.592343307366707,1.0,0.0,-1.4317111997272953,-0.7030353106807262
truth90_validation,T2,NeuralMD,Phys_v2_common_heavy.physical_excess_distributions.bond.positive.mean,20,-0.023718248861321335,-0.011574060809035855,1.0,0.0,-0.03750379403257521,-0.012050794784315476
truth90_validation,T2,Linear,Phys_v2_common_heavy.physical_excess_distributions.bond.positive.p50,28,-0.6748235857716202,-0.3086896439763381,1.0,0.0,-1.0024365522098617,-0.40714647414816624
truth90_validation,T2,NeuralMD,Phys_v2_common_heavy.physical_excess_distributions.bond.positive.p50,20,-0.020866318629514373,-0.011150803938928422,1.0,0.0,-0.032809110341954814,-0.011716966095248615
truth90_validation,T2,Linear,Phys_v2_common_heavy.physical_excess_distributions.bond.positive.p90,28,-2.5715909801863637,-1.6576312872162595,1.0,0.0,-3.515464316772188,-1.7237411766308244
truth90_validation,T2,NeuralMD,Phys_v2_common_heavy.physical_excess_distributions.bond.positive.p90,20,-0.047528984606322607,-0.02075077215667659,1.0,0.0,-0.07711005225004344,-0.023538574073094225
truth90_validation,T2,Linear,Phys_v2_common_heavy.physical_excess_distributions.bond.positive.p95,28,-3.356404492079546,-2.44930445820056,1.0,0.0,-4.504697578196522,-2.3587251020477584
truth90_validation,T2,NeuralMD,Phys_v2_common_heavy.physical_excess_distributions.bond.positive.p95,20,-0.05112239453078217,-0.02218476800934119,1.0,0.0,-0.08199710195280097,-0.02444049168953304
truth90_validation,T2,Linear,Phys_v2_common_heavy.physical_excess_distributions.bond.positive.p99,28,-4.747495512047607,-3.3244019469858164,1.0,0.0,-6.198969491990258,-3.318032083838545
truth90_validation,T2,NeuralMD,Phys_v2_common_heavy.physical_excess_distributions.bond.positive.p99,20,-0.05086781231838379,-0.020068496933317987,0.95,0.0,-0.08649156622723345,-0.020074094277307945
truth90_validation,T2,Linear,Phys_v2_common_heavy.physical_excess_distributions.environment_depth_angstrom.all.count,30,0.0,0.0,0.0,1.0,0.0,0.0
truth90_validation,T2,NeuralMD,Phys_v2_common_heavy.physical_excess_distributions.environment_depth_angstrom.all.count,30,0.0,0.0,0.0,1.0,0.0,0.0
truth90_validation,T2,Linear,Phys_v2_common_heavy.physical_excess_distributions.environment_depth_angstrom.all.maximum,30,-0.6097271032793715,-0.6173244628617868,0.8666666666666667,0.06666666666666667,-0.7482887264592243,-0.47044954920342374
truth90_validation,T2,NeuralMD,Phys_v2_common_heavy.physical_excess_distributions.environment_depth_angstrom.all.maximum,30,0.10518407663998924,0.0,0.0,0.8,0.024644661827330317,0.20205618112003457
truth90_validation,T2,Linear,Phys_v2_common_heavy.physical_excess_distributions.environment_depth_angstrom.all.mean,30,-9.529180143940914e-06,-6.704775426694104e-06,0.9,0.06666666666666667,-1.5091583014873324e-05,-5.232882927355919e-06
truth90_validation,T2,NeuralMD,Phys_v2_common_heavy.physical_excess_distributions.environment_depth_angstrom.all.mean,30,3.331894708116583e-07,0.0,0.0,0.8,1.694890193936256e-08,7.60819965729763e-07
truth90_validation,T2,Linear,Phys_v2_common_heavy.physical_excess_distributions.environment_depth_angstrom.all.p50,30,0.0,0.0,0.0,1.0,0.0,0.0
truth90_validation,T2,NeuralMD,Phys_v2_common_heavy.physical_excess_distributions.environment_depth_angstrom.all.p50,30,0.0,0.0,0.0,1.0,0.0,0.0
truth90_validation,T2,Linear,Phys_v2_common_heavy.physical_excess_distributions.environment_depth_angstrom.all.p90,30,0.0,0.0,0.0,1.0,0.0,0.0
truth90_validation,T2,NeuralMD,Phys_v2_common_heavy.physical_excess_distributions.environment_depth_angstrom.all.p90,30,0.0,0.0,0.0,1.0,0.0,0.0
truth90_validation,T2,Linear,Phys_v2_common_heavy.physical_excess_distributions.environment_depth_angstrom.all.p95,30,0.0,0.0,0.0,1.0,0.0,0.0
truth90_validation,T2,NeuralMD,Phys_v2_common_heavy.physical_excess_distributions.environment_depth_angstrom.all.p95,30,0.0,0.0,0.0,1.0,0.0,0.0
truth90_validation,T2,Linear,Phys_v2_common_heavy.physical_excess_distributions.environment_depth_angstrom.all.p99,30,0.0,0.0,0.0,1.0,0.0,0.0
truth90_validation,T2,NeuralMD,Phys_v2_common_heavy.physical_excess_distributions.environment_depth_angstrom.all.p99,30,0.0,0.0,0.0,1.0,0.0,0.0
truth90_validation,T2,Linear,Phys_v2_common_heavy.physical_excess_distributions.environment_depth_angstrom.positive.count,30,-38.86666666666667,-32.0,0.9,0.06666666666666667,-54.7,-25.432500000000005
truth90_validation,T2,NeuralMD,Phys_v2_common_heavy.physical_excess_distributions.environment_depth_angstrom.positive.count,30,1.6666666666666667,0.0,0.0,0.8,0.16666666666666666,4.033333333333333
truth90_validation,T2,Linear,Phys_v2_common_heavy.physical_excess_distributions.environment_depth_angstrom.positive.maximum,6,-0.2948824006277489,-0.2582775851046789,0.6666666666666666,0.0,-0.5557358239375562,-0.046596829792120764
truth90_validation,T2,Linear,Phys_v2_common_heavy.physical_excess_distributions.environment_depth_angstrom.positive.mean,6,-0.022981141013378045,-0.08058956817058778,0.6666666666666666,0.0,-0.12172219482643319,0.09810283091017859
truth90_validation,T2,Linear,Phys_v2_common_heavy.physical_excess_distributions.environment_depth_angstrom.positive.p50,6,0.011761012381177568,-0.05668032541736848,0.6666666666666666,0.0,-0.09213058282118358,0.13583270056571772
truth90_validation,T2,Linear,Phys_v2_common_heavy.physical_excess_distributions.environment_depth_angstrom.positive.p90,6,-0.1889009645204557,-0.1742409075032531,0.6666666666666666,0.0,-0.4067300769949839,0.02330547958442906
truth90_validation,T2,Linear,Phys_v2_common_heavy.physical_excess_distributions.environment_depth_angstrom.positive.p95,6,-0.26083253150904134,-0.268357702107643,0.6666666666666666,0.0,-0.4975510589748447,-0.012159975571474866
truth90_validation,T2,Linear,Phys_v2_common_heavy.physical_excess_distributions.environment_depth_angstrom.positive.p99,6,-0.2829154639356543,-0.24593176706372266,0.6666666666666666,0.0,-0.5401334681261211,-0.026736660609645867
truth90_validation,T2,Linear,Phys_v2_common_heavy.physical_excess_distributions.self_depth_angstrom.all.count,30,0.0,0.0,0.0,1.0,0.0,0.0
truth90_validation,T2,NeuralMD,Phys_v2_common_heavy.physical_excess_distributions.self_depth_angstrom.all.count,30,0.0,0.0,0.0,1.0,0.0,0.0
truth90_validation,T2,Linear,Phys_v2_common_heavy.physical_excess_distributions.self_depth_angstrom.all.maximum,30,-0.039764572287407006,0.0,0.06666666666666667,0.9,-0.1417562901933436,0.038021841595814725
truth90_validation,T2,NeuralMD,Phys_v2_common_heavy.physical_excess_distributions.self_depth_angstrom.all.maximum,30,0.019010920797907362,0.0,0.0,0.9666666666666667,0.0,0.0570327623937221
truth90_validation,T2,Linear,Phys_v2_common_heavy.physical_excess_distributions.self_depth_angstrom.all.mean,30,-5.9533097641615964e-05,0.0,0.06666666666666667,0.9,-0.0001512511763985743,1.5333346224452505e-06
truth90_validation,T2,NeuralMD,Phys_v2_common_heavy.physical_excess_distributions.self_depth_angstrom.all.mean,30,7.666673112226253e-07,0.0,0.0,0.9666666666666667,0.0,2.3000019336678754e-06
truth90_validation,T2,Linear,Phys_v2_common_heavy.physical_excess_distributions.self_depth_angstrom.all.p50,30,0.0,0.0,0.0,1.0,0.0,0.0
truth90_validation,T2,NeuralMD,Phys_v2_common_heavy.physical_excess_distributions.self_depth_angstrom.all.p50,30,0.0,0.0,0.0,1.0,0.0,0.0
truth90_validation,T2,Linear,Phys_v2_common_heavy.physical_excess_distributions.self_depth_angstrom.all.p90,30,0.0,0.0,0.0,1.0,0.0,0.0
truth90_validation,T2,NeuralMD,Phys_v2_common_heavy.physical_excess_distributions.self_depth_angstrom.all.p90,30,0.0,0.0,0.0,1.0,0.0,0.0
truth90_validation,T2,Linear,Phys_v2_common_heavy.physical_excess_distributions.self_depth_angstrom.all.p95,30,0.0,0.0,0.0,1.0,0.0,0.0
truth90_validation,T2,NeuralMD,Phys_v2_common_heavy.physical_excess_distributions.self_depth_angstrom.all.p95,30,0.0,0.0,0.0,1.0,0.0,0.0
truth90_validation,T2,Linear,Phys_v2_common_heavy.physical_excess_distributions.self_depth_angstrom.all.p99,30,0.0,0.0,0.0,1.0,0.0,0.0
truth90_validation,T2,NeuralMD,Phys_v2_common_heavy.physical_excess_distributions.self_depth_angstrom.all.p99,30,0.0,0.0,0.0,1.0,0.0,0.0
truth90_validation,T2,Linear,Phys_v2_common_heavy.physical_excess_distributions.self_depth_angstrom.positive.count,30,-0.8333333333333334,0.0,0.06666666666666667,0.9,-2.7666666666666666,0.3333333333333333
truth90_validation,T2,NeuralMD,Phys_v2_common_heavy.physical_excess_distributions.self_depth_angstrom.positive.count,30,0.16666666666666666,0.0,0.0,0.9666666666666667,0.0,0.5
truth90_validation,T2,Linear,Phys_v2_common_heavy.windows.early.valid_frame_fraction,30,0.742857142857143,0.7142857142857143,0.0,0.0,0.6619047619047619,0.8190476190476192
truth90_validation,T2,NeuralMD,Phys_v2_common_heavy.windows.early.valid_frame_fraction,30,-0.04761904761904762,0.0,0.16666666666666666,0.8333333333333334,-0.09523809523809525,-0.009523809523809526
truth90_validation,T2,Linear,Phys_v2_common_heavy.windows.late.valid_frame_fraction,30,0.9111111111111112,1.0,0.0,0.03333333333333333,0.8277777777777777,0.9777777777777779
truth90_validation,T2,NeuralMD,Phys_v2_common_heavy.windows.late.valid_frame_fraction,30,0.08333333333333333,0.0,0.1,0.6666666666666666,-0.049999999999999975,0.2277777777777778
truth90_validation,T2,Linear,Phys_v2_common_heavy.windows.middle.valid_frame_fraction,30,0.9238095238095239,1.0,0.0,0.0,0.8428571428571429,0.9857142857142858
truth90_validation,T2,NeuralMD,Phys_v2_common_heavy.windows.middle.valid_frame_fraction,30,-0.00476190476190476,0.0,0.16666666666666666,0.7333333333333333,-0.12380952380952383,0.1142857142857143
truth90_validation,T2,Linear,Probability.feature_energy_score,30,-0.5123488799636446,-0.345684203994709,0.8333333333333334,0.0,-0.7451710746960638,-0.31478749252262017
truth90_validation,T2,NeuralMD,Probability.feature_energy_score,30,0.022125746669507174,0.006728180061957009,0.4,0.0,-0.06194305666786117,0.1035436270928992
truth90_validation,T2,Linear,Probability.features.ligand_gyration.crps,30,-1.1788636533973844,-0.5818936690840271,0.9666666666666667,0.0,-1.7665235924349245,-0.6606361274926419
truth90_validation,T2,NeuralMD,Probability.features.ligand_gyration.crps,30,0.043403931680987724,0.025132668285363098,0.2,0.0,0.0012170680207319675,0.08789395741929525
truth90_validation,T2,Linear,Probability.features.ligand_relative_displacement.crps,30,-1.103446183780164,-0.7822998354399058,0.8666666666666667,0.0,-1.8217363593803735,-0.3527648808240423
truth90_validation,T2,NeuralMD,Probability.features.ligand_relative_displacement.crps,30,-0.6714427729427952,-0.6031445140713525,0.9666666666666667,0.0,-0.8332654076289367,-0.5106466002687049
truth90_validation,T2,Linear,Probability.features.pocket_contact_strength.crps,30,-0.013983918053695447,-0.00485215383586594,0.6666666666666666,0.0,-0.028211734190052722,-0.0006048363587727468
truth90_validation,T2,NeuralMD,Probability.features.pocket_contact_strength.crps,30,0.0059751111209454125,0.007196044903076649,0.3,0.0,-0.0024478037944531275,0.014698644818488836
truth90_validation,T2,Linear,Reference_Phys.angle_mean_squared_excess,30,0.0,0.0,0.0,1.0,0.0,0.0
truth90_validation,T2,Linear,Reference_Phys.angle_violations,30,0.0,0.0,0.0,1.0,0.0,0.0
truth90_validation,T2,Linear,Reference_Phys.assessed_geometry_valid,30,0.0,0.0,0.0,1.0,0.0,0.0
truth90_validation,T2,Linear,Reference_Phys.bond_mean_squared_excess,30,0.0,0.0,0.0,1.0,0.0,0.0
truth90_validation,T2,Linear,Reference_Phys.bond_violations,30,0.0,0.0,0.0,1.0,0.0,0.0
truth90_validation,T2,Linear,Reference_Phys.ligand_environment_overlap_violations,30,0.0,0.0,0.0,1.0,0.0,0.0
truth90_validation,T2,Linear,Reference_Phys.ligand_self_overlap_violations,30,0.0,0.0,0.0,1.0,0.0,0.0
truth90_validation,T2,Linear,Reference_Phys.local_configuration_flips,30,0.0,0.0,0.0,1.0,0.0,0.0
truth90_validation,T2,Linear,Reference_Phys.severe_overlap_mean_squared,30,0.0,0.0,0.0,1.0,0.0,0.0
truth90_validation,T2,Linear,Reference_Phys_common_heavy.angle_mean_squared_excess,30,0.0,0.0,0.0,1.0,0.0,0.0
truth90_validation,T2,NeuralMD,Reference_Phys_common_heavy.angle_mean_squared_excess,30,0.0,0.0,0.0,1.0,0.0,0.0
truth90_validation,T2,Linear,Reference_Phys_common_heavy.angle_violations,30,0.0,0.0,0.0,1.0,0.0,0.0
truth90_validation,T2,NeuralMD,Reference_Phys_common_heavy.angle_violations,30,0.0,0.0,0.0,1.0,0.0,0.0
truth90_validation,T2,Linear,Reference_Phys_common_heavy.assessed_geometry_valid,30,0.0,0.0,0.0,1.0,0.0,0.0
truth90_validation,T2,NeuralMD,Reference_Phys_common_heavy.assessed_geometry_valid,30,0.0,0.0,0.0,1.0,0.0,0.0
truth90_validation,T2,Linear,Reference_Phys_common_heavy.bond_mean_squared_excess,30,0.0,0.0,0.0,1.0,0.0,0.0
truth90_validation,T2,NeuralMD,Reference_Phys_common_heavy.bond_mean_squared_excess,30,0.0,0.0,0.0,1.0,0.0,0.0
truth90_validation,T2,Linear,Reference_Phys_common_heavy.bond_violations,30,0.0,0.0,0.0,1.0,0.0,0.0
truth90_validation,T2,NeuralMD,Reference_Phys_common_heavy.bond_violations,30,0.0,0.0,0.0,1.0,0.0,0.0
truth90_validation,T2,Linear,Reference_Phys_common_heavy.ligand_environment_overlap_violations,30,0.0,0.0,0.0,1.0,0.0,0.0
truth90_validation,T2,NeuralMD,Reference_Phys_common_heavy.ligand_environment_overlap_violations,30,0.0,0.0,0.0,1.0,0.0,0.0
truth90_validation,T2,Linear,Reference_Phys_common_heavy.ligand_self_overlap_violations,30,0.0,0.0,0.0,1.0,0.0,0.0
truth90_validation,T2,NeuralMD,Reference_Phys_common_heavy.ligand_self_overlap_violations,30,0.0,0.0,0.0,1.0,0.0,0.0
truth90_validation,T2,Linear,Reference_Phys_common_heavy.local_configuration_flips,30,0.0,0.0,0.0,1.0,0.0,0.0
truth90_validation,T2,NeuralMD,Reference_Phys_common_heavy.local_configuration_flips,30,0.0,0.0,0.0,1.0,0.0,0.0
truth90_validation,T2,Linear,Reference_Phys_common_heavy.severe_overlap_mean_squared,30,0.0,0.0,0.0,1.0,0.0,0.0
truth90_validation,T2,NeuralMD,Reference_Phys_common_heavy.severe_overlap_mean_squared,30,0.0,0.0,0.0,1.0,0.0,0.0
truth90_validation,T2,Linear,Reference_Phys_v2_common_heavy.assessed_tail_valid_frame_fraction,30,0.0,0.0,0.0,1.0,0.0,0.0
truth90_validation,T2,NeuralMD,Reference_Phys_v2_common_heavy.assessed_tail_valid_frame_fraction,30,0.0,0.0,0.0,1.0,0.0,0.0
truth90_validation,T2,Linear,Reference_Phys_v2_common_heavy.chemistry.checked_centres,30,0.0,0.0,0.0,1.0,0.0,0.0
truth90_validation,T2,NeuralMD,Reference_Phys_v2_common_heavy.chemistry.checked_centres,30,0.0,0.0,0.0,1.0,0.0,0.0
truth90_validation,T2,Linear,Reference_Phys_v2_common_heavy.families.angle_degrees.anomaly_frame_fraction,30,0.0,0.0,0.0,1.0,0.0,0.0
truth90_validation,T2,NeuralMD,Reference_Phys_v2_common_heavy.families.angle_degrees.anomaly_frame_fraction,30,0.0,0.0,0.0,1.0,0.0,0.0
truth90_validation,T2,Linear,Reference_Phys_v2_common_heavy.families.angle_degrees.constraint_anomaly_fraction,30,0.0,0.0,0.0,1.0,0.0,0.0
truth90_validation,T2,NeuralMD,Reference_Phys_v2_common_heavy.families.angle_degrees.constraint_anomaly_fraction,30,0.0,0.0,0.0,1.0,0.0,0.0
truth90_validation,T2,Linear,Reference_Phys_v2_common_heavy.families.angle_degrees.constraint_distribution.all.count,30,0.0,0.0,0.0,1.0,0.0,0.0
truth90_validation,T2,NeuralMD,Reference_Phys_v2_common_heavy.families.angle_degrees.constraint_distribution.all.count,30,0.0,0.0,0.0,1.0,0.0,0.0
truth90_validation,T2,Linear,Reference_Phys_v2_common_heavy.families.angle_degrees.constraint_distribution.all.maximum,30,0.0,0.0,0.0,1.0,0.0,0.0
truth90_validation,T2,NeuralMD,Reference_Phys_v2_common_heavy.families.angle_degrees.constraint_distribution.all.maximum,30,0.0,0.0,0.0,1.0,0.0,0.0
truth90_validation,T2,Linear,Reference_Phys_v2_common_heavy.families.angle_degrees.constraint_distribution.all.mean,30,0.0,0.0,0.0,1.0,0.0,0.0
truth90_validation,T2,NeuralMD,Reference_Phys_v2_common_heavy.families.angle_degrees.constraint_distribution.all.mean,30,0.0,0.0,0.0,1.0,0.0,0.0
truth90_validation,T2,Linear,Reference_Phys_v2_common_heavy.families.angle_degrees.constraint_distribution.all.p50,30,0.0,0.0,0.0,1.0,0.0,0.0
truth90_validation,T2,NeuralMD,Reference_Phys_v2_common_heavy.families.angle_degrees.constraint_distribution.all.p50,30,0.0,0.0,0.0,1.0,0.0,0.0
truth90_validation,T2,Linear,Reference_Phys_v2_common_heavy.families.angle_degrees.constraint_distribution.all.p90,30,0.0,0.0,0.0,1.0,0.0,0.0
truth90_validation,T2,NeuralMD,Reference_Phys_v2_common_heavy.families.angle_degrees.constraint_distribution.all.p90,30,0.0,0.0,0.0,1.0,0.0,0.0
truth90_validation,T2,Linear,Reference_Phys_v2_common_heavy.families.angle_degrees.constraint_distribution.all.p95,30,0.0,0.0,0.0,1.0,0.0,0.0
truth90_validation,T2,NeuralMD,Reference_Phys_v2_common_heavy.families.angle_degrees.constraint_distribution.all.p95,30,0.0,0.0,0.0,1.0,0.0,0.0
truth90_validation,T2,Linear,Reference_Phys_v2_common_heavy.families.angle_degrees.constraint_distribution.all.p99,30,0.0,0.0,0.0,1.0,0.0,0.0
truth90_validation,T2,NeuralMD,Reference_Phys_v2_common_heavy.families.angle_degrees.constraint_distribution.all.p99,30,0.0,0.0,0.0,1.0,0.0,0.0
truth90_validation,T2,Linear,Reference_Phys_v2_common_heavy.families.angle_degrees.constraint_distribution.positive.count,30,0.0,0.0,0.0,1.0,0.0,0.0
truth90_validation,T2,NeuralMD,Reference_Phys_v2_common_heavy.families.angle_degrees.constraint_distribution.positive.count,30,0.0,0.0,0.0,1.0,0.0,0.0
truth90_validation,T2,Linear,Reference_Phys_v2_common_heavy.families.angle_degrees.constraint_distribution.positive.maximum,2,0.0,0.0,0.0,1.0,0.0,0.0
truth90_validation,T2,NeuralMD,Reference_Phys_v2_common_heavy.families.angle_degrees.constraint_distribution.positive.maximum,2,0.0,0.0,0.0,1.0,0.0,0.0
truth90_validation,T2,Linear,Reference_Phys_v2_common_heavy.families.angle_degrees.constraint_distribution.positive.mean,2,0.0,0.0,0.0,1.0,0.0,0.0
truth90_validation,T2,NeuralMD,Reference_Phys_v2_common_heavy.families.angle_degrees.constraint_distribution.positive.mean,2,0.0,0.0,0.0,1.0,0.0,0.0
truth90_validation,T2,Linear,Reference_Phys_v2_common_heavy.families.angle_degrees.constraint_distribution.positive.p50,2,0.0,0.0,0.0,1.0,0.0,0.0
truth90_validation,T2,NeuralMD,Reference_Phys_v2_common_heavy.families.angle_degrees.constraint_distribution.positive.p50,2,0.0,0.0,0.0,1.0,0.0,0.0
truth90_validation,T2,Linear,Reference_Phys_v2_common_heavy.families.angle_degrees.constraint_distribution.positive.p90,2,0.0,0.0,0.0,1.0,0.0,0.0
truth90_validation,T2,NeuralMD,Reference_Phys_v2_common_heavy.families.angle_degrees.constraint_distribution.positive.p90,2,0.0,0.0,0.0,1.0,0.0,0.0
truth90_validation,T2,Linear,Reference_Phys_v2_common_heavy.families.angle_degrees.constraint_distribution.positive.p95,2,0.0,0.0,0.0,1.0,0.0,0.0
truth90_validation,T2,NeuralMD,Reference_Phys_v2_common_heavy.families.angle_degrees.constraint_distribution.positive.p95,2,0.0,0.0,0.0,1.0,0.0,0.0
truth90_validation,T2,Linear,Reference_Phys_v2_common_heavy.families.angle_degrees.constraint_distribution.positive.p99,2,0.0,0.0,0.0,1.0,0.0,0.0
truth90_validation,T2,NeuralMD,Reference_Phys_v2_common_heavy.families.angle_degrees.constraint_distribution.positive.p99,2,0.0,0.0,0.0,1.0,0.0,0.0
truth90_validation,T2,Linear,Reference_Phys_v2_common_heavy.families.angle_degrees.finite_mean_squared_severity,30,0.0,0.0,0.0,1.0,0.0,0.0
truth90_validation,T2,NeuralMD,Reference_Phys_v2_common_heavy.families.angle_degrees.finite_mean_squared_severity,30,0.0,0.0,0.0,1.0,0.0,0.0
truth90_validation,T2,Linear,Reference_Phys_v2_common_heavy.families.angle_degrees.frame_maximum_distribution.all.count,30,0.0,0.0,0.0,1.0,0.0,0.0
truth90_validation,T2,NeuralMD,Reference_Phys_v2_common_heavy.families.angle_degrees.frame_maximum_distribution.all.count,30,0.0,0.0,0.0,1.0,0.0,0.0
truth90_validation,T2,Linear,Reference_Phys_v2_common_heavy.families.angle_degrees.frame_maximum_distribution.all.maximum,30,0.0,0.0,0.0,1.0,0.0,0.0
truth90_validation,T2,NeuralMD,Reference_Phys_v2_common_heavy.families.angle_degrees.frame_maximum_distribution.all.maximum,30,0.0,0.0,0.0,1.0,0.0,0.0
truth90_validation,T2,Linear,Reference_Phys_v2_common_heavy.families.angle_degrees.frame_maximum_distribution.all.mean,30,0.0,0.0,0.0,1.0,0.0,0.0
truth90_validation,T2,NeuralMD,Reference_Phys_v2_common_heavy.families.angle_degrees.frame_maximum_distribution.all.mean,30,0.0,0.0,0.0,1.0,0.0,0.0
truth90_validation,T2,Linear,Reference_Phys_v2_common_heavy.families.angle_degrees.frame_maximum_distribution.all.p50,30,0.0,0.0,0.0,1.0,0.0,0.0
truth90_validation,T2,NeuralMD,Reference_Phys_v2_common_heavy.families.angle_degrees.frame_maximum_distribution.all.p50,30,0.0,0.0,0.0,1.0,0.0,0.0
truth90_validation,T2,Linear,Reference_Phys_v2_common_heavy.families.angle_degrees.frame_maximum_distribution.all.p90,30,0.0,0.0,0.0,1.0,0.0,0.0
truth90_validation,T2,NeuralMD,Reference_Phys_v2_common_heavy.families.angle_degrees.frame_maximum_distribution.all.p90,30,0.0,0.0,0.0,1.0,0.0,0.0
truth90_validation,T2,Linear,Reference_Phys_v2_common_heavy.families.angle_degrees.frame_maximum_distribution.all.p95,30,0.0,0.0,0.0,1.0,0.0,0.0
truth90_validation,T2,NeuralMD,Reference_Phys_v2_common_heavy.families.angle_degrees.frame_maximum_distribution.all.p95,30,0.0,0.0,0.0,1.0,0.0,0.0
truth90_validation,T2,Linear,Reference_Phys_v2_common_heavy.families.angle_degrees.frame_maximum_distribution.all.p99,30,0.0,0.0,0.0,1.0,0.0,0.0
truth90_validation,T2,NeuralMD,Reference_Phys_v2_common_heavy.families.angle_degrees.frame_maximum_distribution.all.p99,30,0.0,0.0,0.0,1.0,0.0,0.0
truth90_validation,T2,Linear,Reference_Phys_v2_common_heavy.families.angle_degrees.frame_maximum_distribution.positive.count,30,0.0,0.0,0.0,1.0,0.0,0.0
truth90_validation,T2,NeuralMD,Reference_Phys_v2_common_heavy.families.angle_degrees.frame_maximum_distribution.positive.count,30,0.0,0.0,0.0,1.0,0.0,0.0
truth90_validation,T2,Linear,Reference_Phys_v2_common_heavy.families.angle_degrees.frame_maximum_distribution.positive.maximum,2,0.0,0.0,0.0,1.0,0.0,0.0
truth90_validation,T2,NeuralMD,Reference_Phys_v2_common_heavy.families.angle_degrees.frame_maximum_distribution.positive.maximum,2,0.0,0.0,0.0,1.0,0.0,0.0
truth90_validation,T2,Linear,Reference_Phys_v2_common_heavy.families.angle_degrees.frame_maximum_distribution.positive.mean,2,0.0,0.0,0.0,1.0,0.0,0.0
truth90_validation,T2,NeuralMD,Reference_Phys_v2_common_heavy.families.angle_degrees.frame_maximum_distribution.positive.mean,2,0.0,0.0,0.0,1.0,0.0,0.0
truth90_validation,T2,Linear,Reference_Phys_v2_common_heavy.families.angle_degrees.frame_maximum_distribution.positive.p50,2,0.0,0.0,0.0,1.0,0.0,0.0
truth90_validation,T2,NeuralMD,Reference_Phys_v2_common_heavy.families.angle_degrees.frame_maximum_distribution.positive.p50,2,0.0,0.0,0.0,1.0,0.0,0.0
truth90_validation,T2,Linear,Reference_Phys_v2_common_heavy.families.angle_degrees.frame_maximum_distribution.positive.p90,2,0.0,0.0,0.0,1.0,0.0,0.0
truth90_validation,T2,NeuralMD,Reference_Phys_v2_common_heavy.families.angle_degrees.frame_maximum_distribution.positive.p90,2,0.0,0.0,0.0,1.0,0.0,0.0
truth90_validation,T2,Linear,Reference_Phys_v2_common_heavy.families.angle_degrees.frame_maximum_distribution.positive.p95,2,0.0,0.0,0.0,1.0,0.0,0.0
truth90_validation,T2,NeuralMD,Reference_Phys_v2_common_heavy.families.angle_degrees.frame_maximum_distribution.positive.p95,2,0.0,0.0,0.0,1.0,0.0,0.0
truth90_validation,T2,Linear,Reference_Phys_v2_common_heavy.families.angle_degrees.frame_maximum_distribution.positive.p99,2,0.0,0.0,0.0,1.0,0.0,0.0
truth90_validation,T2,NeuralMD,Reference_Phys_v2_common_heavy.families.angle_degrees.frame_maximum_distribution.positive.p99,2,0.0,0.0,0.0,1.0,0.0,0.0
truth90_validation,T2,Linear,Reference_Phys_v2_common_heavy.families.angle_degrees.threshold,30,0.0,0.0,0.0,1.0,0.0,0.0
truth90_validation,T2,NeuralMD,Reference_Phys_v2_common_heavy.families.angle_degrees.threshold,30,0.0,0.0,0.0,1.0,0.0,0.0
truth90_validation,T2,Linear,Reference_Phys_v2_common_heavy.families.bond_relative.anomaly_frame_fraction,30,0.0,0.0,0.0,1.0,0.0,0.0
truth90_validation,T2,NeuralMD,Reference_Phys_v2_common_heavy.families.bond_relative.anomaly_frame_fraction,30,0.0,0.0,0.0,1.0,0.0,0.0
truth90_validation,T2,Linear,Reference_Phys_v2_common_heavy.families.bond_relative.constraint_anomaly_fraction,30,0.0,0.0,0.0,1.0,0.0,0.0
truth90_validation,T2,NeuralMD,Reference_Phys_v2_common_heavy.families.bond_relative.constraint_anomaly_fraction,30,0.0,0.0,0.0,1.0,0.0,0.0
truth90_validation,T2,Linear,Reference_Phys_v2_common_heavy.families.bond_relative.constraint_distribution.all.count,30,0.0,0.0,0.0,1.0,0.0,0.0
truth90_validation,T2,NeuralMD,Reference_Phys_v2_common_heavy.families.bond_relative.constraint_distribution.all.count,30,0.0,0.0,0.0,1.0,0.0,0.0
truth90_validation,T2,Linear,Reference_Phys_v2_common_heavy.families.bond_relative.constraint_distribution.all.maximum,30,0.0,0.0,0.0,1.0,0.0,0.0
truth90_validation,T2,NeuralMD,Reference_Phys_v2_common_heavy.families.bond_relative.constraint_distribution.all.maximum,30,0.0,0.0,0.0,1.0,0.0,0.0
truth90_validation,T2,Linear,Reference_Phys_v2_common_heavy.families.bond_relative.constraint_distribution.all.mean,30,0.0,0.0,0.0,1.0,0.0,0.0
truth90_validation,T2,NeuralMD,Reference_Phys_v2_common_heavy.families.bond_relative.constraint_distribution.all.mean,30,0.0,0.0,0.0,1.0,0.0,0.0
truth90_validation,T2,Linear,Reference_Phys_v2_common_heavy.families.bond_relative.constraint_distribution.all.p50,30,0.0,0.0,0.0,1.0,0.0,0.0
truth90_validation,T2,NeuralMD,Reference_Phys_v2_common_heavy.families.bond_relative.constraint_distribution.all.p50,30,0.0,0.0,0.0,1.0,0.0,0.0
truth90_validation,T2,Linear,Reference_Phys_v2_common_heavy.families.bond_relative.constraint_distribution.all.p90,30,0.0,0.0,0.0,1.0,0.0,0.0
truth90_validation,T2,NeuralMD,Reference_Phys_v2_common_heavy.families.bond_relative.constraint_distribution.all.p90,30,0.0,0.0,0.0,1.0,0.0,0.0
truth90_validation,T2,Linear,Reference_Phys_v2_common_heavy.families.bond_relative.constraint_distribution.all.p95,30,0.0,0.0,0.0,1.0,0.0,0.0
truth90_validation,T2,NeuralMD,Reference_Phys_v2_common_heavy.families.bond_relative.constraint_distribution.all.p95,30,0.0,0.0,0.0,1.0,0.0,0.0
truth90_validation,T2,Linear,Reference_Phys_v2_common_heavy.families.bond_relative.constraint_distribution.all.p99,30,0.0,0.0,0.0,1.0,0.0,0.0
truth90_validation,T2,NeuralMD,Reference_Phys_v2_common_heavy.families.bond_relative.constraint_distribution.all.p99,30,0.0,0.0,0.0,1.0,0.0,0.0
truth90_validation,T2,Linear,Reference_Phys_v2_common_heavy.families.bond_relative.constraint_distribution.positive.count,30,0.0,0.0,0.0,1.0,0.0,0.0
truth90_validation,T2,NeuralMD,Reference_Phys_v2_common_heavy.families.bond_relative.constraint_distribution.positive.count,30,0.0,0.0,0.0,1.0,0.0,0.0
truth90_validation,T2,Linear,Reference_Phys_v2_common_heavy.families.bond_relative.constraint_distribution.positive.maximum,13,0.0,0.0,0.0,1.0,0.0,0.0
truth90_validation,T2,NeuralMD,Reference_Phys_v2_common_heavy.families.bond_relative.constraint_distribution.positive.maximum,13,0.0,0.0,0.0,1.0,0.0,0.0
truth90_validation,T2,Linear,Reference_Phys_v2_common_heavy.families.bond_relative.constraint_distribution.positive.mean,13,0.0,0.0,0.0,1.0,0.0,0.0
truth90_validation,T2,NeuralMD,Reference_Phys_v2_common_heavy.families.bond_relative.constraint_distribution.positive.mean,13,0.0,0.0,0.0,1.0,0.0,0.0
truth90_validation,T2,Linear,Reference_Phys_v2_common_heavy.families.bond_relative.constraint_distribution.positive.p50,13,0.0,0.0,0.0,1.0,0.0,0.0
truth90_validation,T2,NeuralMD,Reference_Phys_v2_common_heavy.families.bond_relative.constraint_distribution.positive.p50,13,0.0,0.0,0.0,1.0,0.0,0.0
truth90_validation,T2,Linear,Reference_Phys_v2_common_heavy.families.bond_relative.constraint_distribution.positive.p90,13,0.0,0.0,0.0,1.0,0.0,0.0
truth90_validation,T2,NeuralMD,Reference_Phys_v2_common_heavy.families.bond_relative.constraint_distribution.positive.p90,13,0.0,0.0,0.0,1.0,0.0,0.0
truth90_validation,T2,Linear,Reference_Phys_v2_common_heavy.families.bond_relative.constraint_distribution.positive.p95,13,0.0,0.0,0.0,1.0,0.0,0.0
truth90_validation,T2,NeuralMD,Reference_Phys_v2_common_heavy.families.bond_relative.constraint_distribution.positive.p95,13,0.0,0.0,0.0,1.0,0.0,0.0
truth90_validation,T2,Linear,Reference_Phys_v2_common_heavy.families.bond_relative.constraint_distribution.positive.p99,13,0.0,0.0,0.0,1.0,0.0,0.0
truth90_validation,T2,NeuralMD,Reference_Phys_v2_common_heavy.families.bond_relative.constraint_distribution.positive.p99,13,0.0,0.0,0.0,1.0,0.0,0.0
truth90_validation,T2,Linear,Reference_Phys_v2_common_heavy.families.bond_relative.finite_mean_squared_severity,30,0.0,0.0,0.0,1.0,0.0,0.0
truth90_validation,T2,NeuralMD,Reference_Phys_v2_common_heavy.families.bond_relative.finite_mean_squared_severity,30,0.0,0.0,0.0,1.0,0.0,0.0
truth90_validation,T2,Linear,Reference_Phys_v2_common_heavy.families.bond_relative.frame_maximum_distribution.all.count,30,0.0,0.0,0.0,1.0,0.0,0.0
truth90_validation,T2,NeuralMD,Reference_Phys_v2_common_heavy.families.bond_relative.frame_maximum_distribution.all.count,30,0.0,0.0,0.0,1.0,0.0,0.0
truth90_validation,T2,Linear,Reference_Phys_v2_common_heavy.families.bond_relative.frame_maximum_distribution.all.maximum,30,0.0,0.0,0.0,1.0,0.0,0.0
truth90_validation,T2,NeuralMD,Reference_Phys_v2_common_heavy.families.bond_relative.frame_maximum_distribution.all.maximum,30,0.0,0.0,0.0,1.0,0.0,0.0
truth90_validation,T2,Linear,Reference_Phys_v2_common_heavy.families.bond_relative.frame_maximum_distribution.all.mean,30,0.0,0.0,0.0,1.0,0.0,0.0
truth90_validation,T2,NeuralMD,Reference_Phys_v2_common_heavy.families.bond_relative.frame_maximum_distribution.all.mean,30,0.0,0.0,0.0,1.0,0.0,0.0
truth90_validation,T2,Linear,Reference_Phys_v2_common_heavy.families.bond_relative.frame_maximum_distribution.all.p50,30,0.0,0.0,0.0,1.0,0.0,0.0
truth90_validation,T2,NeuralMD,Reference_Phys_v2_common_heavy.families.bond_relative.frame_maximum_distribution.all.p50,30,0.0,0.0,0.0,1.0,0.0,0.0
truth90_validation,T2,Linear,Reference_Phys_v2_common_heavy.families.bond_relative.frame_maximum_distribution.all.p90,30,0.0,0.0,0.0,1.0,0.0,0.0
truth90_validation,T2,NeuralMD,Reference_Phys_v2_common_heavy.families.bond_relative.frame_maximum_distribution.all.p90,30,0.0,0.0,0.0,1.0,0.0,0.0
truth90_validation,T2,Linear,Reference_Phys_v2_common_heavy.families.bond_relative.frame_maximum_distribution.all.p95,30,0.0,0.0,0.0,1.0,0.0,0.0
truth90_validation,T2,NeuralMD,Reference_Phys_v2_common_heavy.families.bond_relative.frame_maximum_distribution.all.p95,30,0.0,0.0,0.0,1.0,0.0,0.0
truth90_validation,T2,Linear,Reference_Phys_v2_common_heavy.families.bond_relative.frame_maximum_distribution.all.p99,30,0.0,0.0,0.0,1.0,0.0,0.0
truth90_validation,T2,NeuralMD,Reference_Phys_v2_common_heavy.families.bond_relative.frame_maximum_distribution.all.p99,30,0.0,0.0,0.0,1.0,0.0,0.0
truth90_validation,T2,Linear,Reference_Phys_v2_common_heavy.families.bond_relative.frame_maximum_distribution.positive.count,30,0.0,0.0,0.0,1.0,0.0,0.0
truth90_validation,T2,NeuralMD,Reference_Phys_v2_common_heavy.families.bond_relative.frame_maximum_distribution.positive.count,30,0.0,0.0,0.0,1.0,0.0,0.0
truth90_validation,T2,Linear,Reference_Phys_v2_common_heavy.families.bond_relative.frame_maximum_distribution.positive.maximum,13,0.0,0.0,0.0,1.0,0.0,0.0
truth90_validation,T2,NeuralMD,Reference_Phys_v2_common_heavy.families.bond_relative.frame_maximum_distribution.positive.maximum,13,0.0,0.0,0.0,1.0,0.0,0.0
truth90_validation,T2,Linear,Reference_Phys_v2_common_heavy.families.bond_relative.frame_maximum_distribution.positive.mean,13,0.0,0.0,0.0,1.0,0.0,0.0
truth90_validation,T2,NeuralMD,Reference_Phys_v2_common_heavy.families.bond_relative.frame_maximum_distribution.positive.mean,13,0.0,0.0,0.0,1.0,0.0,0.0
truth90_validation,T2,Linear,Reference_Phys_v2_common_heavy.families.bond_relative.frame_maximum_distribution.positive.p50,13,0.0,0.0,0.0,1.0,0.0,0.0
truth90_validation,T2,NeuralMD,Reference_Phys_v2_common_heavy.families.bond_relative.frame_maximum_distribution.positive.p50,13,0.0,0.0,0.0,1.0,0.0,0.0
truth90_validation,T2,Linear,Reference_Phys_v2_common_heavy.families.bond_relative.frame_maximum_distribution.positive.p90,13,0.0,0.0,0.0,1.0,0.0,0.0
truth90_validation,T2,NeuralMD,Reference_Phys_v2_common_heavy.families.bond_relative.frame_maximum_distribution.positive.p90,13,0.0,0.0,0.0,1.0,0.0,0.0
truth90_validation,T2,Linear,Reference_Phys_v2_common_heavy.families.bond_relative.frame_maximum_distribution.positive.p95,13,0.0,0.0,0.0,1.0,0.0,0.0
truth90_validation,T2,NeuralMD,Reference_Phys_v2_common_heavy.families.bond_relative.frame_maximum_distribution.positive.p95,13,0.0,0.0,0.0,1.0,0.0,0.0
truth90_validation,T2,Linear,Reference_Phys_v2_common_heavy.families.bond_relative.frame_maximum_distribution.positive.p99,13,0.0,0.0,0.0,1.0,0.0,0.0
truth90_validation,T2,NeuralMD,Reference_Phys_v2_common_heavy.families.bond_relative.frame_maximum_distribution.positive.p99,13,0.0,0.0,0.0,1.0,0.0,0.0
truth90_validation,T2,Linear,Reference_Phys_v2_common_heavy.families.bond_relative.threshold,30,0.0,0.0,0.0,1.0,0.0,0.0
truth90_validation,T2,NeuralMD,Reference_Phys_v2_common_heavy.families.bond_relative.threshold,30,0.0,0.0,0.0,1.0,0.0,0.0
truth90_validation,T2,Linear,Reference_Phys_v2_common_heavy.families.environment_compression.anomaly_frame_fraction,30,0.0,0.0,0.0,1.0,0.0,0.0
truth90_validation,T2,NeuralMD,Reference_Phys_v2_common_heavy.families.environment_compression.anomaly_frame_fraction,30,0.0,0.0,0.0,1.0,0.0,0.0
truth90_validation,T2,Linear,Reference_Phys_v2_common_heavy.families.environment_compression.constraint_anomaly_fraction,30,0.0,0.0,0.0,1.0,0.0,0.0
truth90_validation,T2,NeuralMD,Reference_Phys_v2_common_heavy.families.environment_compression.constraint_anomaly_fraction,30,0.0,0.0,0.0,1.0,0.0,0.0
truth90_validation,T2,Linear,Reference_Phys_v2_common_heavy.families.environment_compression.constraint_distribution.all.count,30,0.0,0.0,0.0,1.0,0.0,0.0
truth90_validation,T2,NeuralMD,Reference_Phys_v2_common_heavy.families.environment_compression.constraint_distribution.all.count,30,0.0,0.0,0.0,1.0,0.0,0.0
truth90_validation,T2,Linear,Reference_Phys_v2_common_heavy.families.environment_compression.constraint_distribution.all.maximum,30,0.0,0.0,0.0,1.0,0.0,0.0
truth90_validation,T2,NeuralMD,Reference_Phys_v2_common_heavy.families.environment_compression.constraint_distribution.all.maximum,30,0.0,0.0,0.0,1.0,0.0,0.0
truth90_validation,T2,Linear,Reference_Phys_v2_common_heavy.families.environment_compression.constraint_distribution.all.mean,30,0.0,0.0,0.0,1.0,0.0,0.0
truth90_validation,T2,NeuralMD,Reference_Phys_v2_common_heavy.families.environment_compression.constraint_distribution.all.mean,30,0.0,0.0,0.0,1.0,0.0,0.0
truth90_validation,T2,Linear,Reference_Phys_v2_common_heavy.families.environment_compression.constraint_distribution.all.p50,30,0.0,0.0,0.0,1.0,0.0,0.0
truth90_validation,T2,NeuralMD,Reference_Phys_v2_common_heavy.families.environment_compression.constraint_distribution.all.p50,30,0.0,0.0,0.0,1.0,0.0,0.0
truth90_validation,T2,Linear,Reference_Phys_v2_common_heavy.families.environment_compression.constraint_distribution.all.p90,30,0.0,0.0,0.0,1.0,0.0,0.0
truth90_validation,T2,NeuralMD,Reference_Phys_v2_common_heavy.families.environment_compression.constraint_distribution.all.p90,30,0.0,0.0,0.0,1.0,0.0,0.0
truth90_validation,T2,Linear,Reference_Phys_v2_common_heavy.families.environment_compression.constraint_distribution.all.p95,30,0.0,0.0,0.0,1.0,0.0,0.0
truth90_validation,T2,NeuralMD,Reference_Phys_v2_common_heavy.families.environment_compression.constraint_distribution.all.p95,30,0.0,0.0,0.0,1.0,0.0,0.0
truth90_validation,T2,Linear,Reference_Phys_v2_common_heavy.families.environment_compression.constraint_distribution.all.p99,30,0.0,0.0,0.0,1.0,0.0,0.0
truth90_validation,T2,NeuralMD,Reference_Phys_v2_common_heavy.families.environment_compression.constraint_distribution.all.p99,30,0.0,0.0,0.0,1.0,0.0,0.0
truth90_validation,T2,Linear,Reference_Phys_v2_common_heavy.families.environment_compression.constraint_distribution.positive.count,30,0.0,0.0,0.0,1.0,0.0,0.0
truth90_validation,T2,NeuralMD,Reference_Phys_v2_common_heavy.families.environment_compression.constraint_distribution.positive.count,30,0.0,0.0,0.0,1.0,0.0,0.0
truth90_validation,T2,Linear,Reference_Phys_v2_common_heavy.families.environment_compression.constraint_distribution.positive.maximum,9,0.0,0.0,0.0,1.0,0.0,0.0
truth90_validation,T2,NeuralMD,Reference_Phys_v2_common_heavy.families.environment_compression.constraint_distribution.positive.maximum,9,0.0,0.0,0.0,1.0,0.0,0.0
truth90_validation,T2,Linear,Reference_Phys_v2_common_heavy.families.environment_compression.constraint_distribution.positive.mean,9,0.0,0.0,0.0,1.0,0.0,0.0
truth90_validation,T2,NeuralMD,Reference_Phys_v2_common_heavy.families.environment_compression.constraint_distribution.positive.mean,9,0.0,0.0,0.0,1.0,0.0,0.0
truth90_validation,T2,Linear,Reference_Phys_v2_common_heavy.families.environment_compression.constraint_distribution.positive.p50,9,0.0,0.0,0.0,1.0,0.0,0.0
truth90_validation,T2,NeuralMD,Reference_Phys_v2_common_heavy.families.environment_compression.constraint_distribution.positive.p50,9,0.0,0.0,0.0,1.0,0.0,0.0
truth90_validation,T2,Linear,Reference_Phys_v2_common_heavy.families.environment_compression.constraint_distribution.positive.p90,9,0.0,0.0,0.0,1.0,0.0,0.0
truth90_validation,T2,NeuralMD,Reference_Phys_v2_common_heavy.families.environment_compression.constraint_distribution.positive.p90,9,0.0,0.0,0.0,1.0,0.0,0.0
truth90_validation,T2,Linear,Reference_Phys_v2_common_heavy.families.environment_compression.constraint_distribution.positive.p95,9,0.0,0.0,0.0,1.0,0.0,0.0
truth90_validation,T2,NeuralMD,Reference_Phys_v2_common_heavy.families.environment_compression.constraint_distribution.positive.p95,9,0.0,0.0,0.0,1.0,0.0,0.0
truth90_validation,T2,Linear,Reference_Phys_v2_common_heavy.families.environment_compression.constraint_distribution.positive.p99,9,0.0,0.0,0.0,1.0,0.0,0.0
truth90_validation,T2,NeuralMD,Reference_Phys_v2_common_heavy.families.environment_compression.constraint_distribution.positive.p99,9,0.0,0.0,0.0,1.0,0.0,0.0
truth90_validation,T2,Linear,Reference_Phys_v2_common_heavy.families.environment_compression.finite_mean_squared_severity,30,0.0,0.0,0.0,1.0,0.0,0.0
truth90_validation,T2,NeuralMD,Reference_Phys_v2_common_heavy.families.environment_compression.finite_mean_squared_severity,30,0.0,0.0,0.0,1.0,0.0,0.0
truth90_validation,T2,Linear,Reference_Phys_v2_common_heavy.families.environment_compression.frame_maximum_distribution.all.count,30,0.0,0.0,0.0,1.0,0.0,0.0
truth90_validation,T2,NeuralMD,Reference_Phys_v2_common_heavy.families.environment_compression.frame_maximum_distribution.all.count,30,0.0,0.0,0.0,1.0,0.0,0.0
truth90_validation,T2,Linear,Reference_Phys_v2_common_heavy.families.environment_compression.frame_maximum_distribution.all.maximum,30,0.0,0.0,0.0,1.0,0.0,0.0
truth90_validation,T2,NeuralMD,Reference_Phys_v2_common_heavy.families.environment_compression.frame_maximum_distribution.all.maximum,30,0.0,0.0,0.0,1.0,0.0,0.0
truth90_validation,T2,Linear,Reference_Phys_v2_common_heavy.families.environment_compression.frame_maximum_distribution.all.mean,30,0.0,0.0,0.0,1.0,0.0,0.0
truth90_validation,T2,NeuralMD,Reference_Phys_v2_common_heavy.families.environment_compression.frame_maximum_distribution.all.mean,30,0.0,0.0,0.0,1.0,0.0,0.0
truth90_validation,T2,Linear,Reference_Phys_v2_common_heavy.families.environment_compression.frame_maximum_distribution.all.p50,30,0.0,0.0,0.0,1.0,0.0,0.0
truth90_validation,T2,NeuralMD,Reference_Phys_v2_common_heavy.families.environment_compression.frame_maximum_distribution.all.p50,30,0.0,0.0,0.0,1.0,0.0,0.0
truth90_validation,T2,Linear,Reference_Phys_v2_common_heavy.families.environment_compression.frame_maximum_distribution.all.p90,30,0.0,0.0,0.0,1.0,0.0,0.0
truth90_validation,T2,NeuralMD,Reference_Phys_v2_common_heavy.families.environment_compression.frame_maximum_distribution.all.p90,30,0.0,0.0,0.0,1.0,0.0,0.0
truth90_validation,T2,Linear,Reference_Phys_v2_common_heavy.families.environment_compression.frame_maximum_distribution.all.p95,30,0.0,0.0,0.0,1.0,0.0,0.0
truth90_validation,T2,NeuralMD,Reference_Phys_v2_common_heavy.families.environment_compression.frame_maximum_distribution.all.p95,30,0.0,0.0,0.0,1.0,0.0,0.0
truth90_validation,T2,Linear,Reference_Phys_v2_common_heavy.families.environment_compression.frame_maximum_distribution.all.p99,30,0.0,0.0,0.0,1.0,0.0,0.0
truth90_validation,T2,NeuralMD,Reference_Phys_v2_common_heavy.families.environment_compression.frame_maximum_distribution.all.p99,30,0.0,0.0,0.0,1.0,0.0,0.0
truth90_validation,T2,Linear,Reference_Phys_v2_common_heavy.families.environment_compression.frame_maximum_distribution.positive.count,30,0.0,0.0,0.0,1.0,0.0,0.0
truth90_validation,T2,NeuralMD,Reference_Phys_v2_common_heavy.families.environment_compression.frame_maximum_distribution.positive.count,30,0.0,0.0,0.0,1.0,0.0,0.0
truth90_validation,T2,Linear,Reference_Phys_v2_common_heavy.families.environment_compression.frame_maximum_distribution.positive.maximum,9,0.0,0.0,0.0,1.0,0.0,0.0
truth90_validation,T2,NeuralMD,Reference_Phys_v2_common_heavy.families.environment_compression.frame_maximum_distribution.positive.maximum,9,0.0,0.0,0.0,1.0,0.0,0.0
truth90_validation,T2,Linear,Reference_Phys_v2_common_heavy.families.environment_compression.frame_maximum_distribution.positive.mean,9,0.0,0.0,0.0,1.0,0.0,0.0
truth90_validation,T2,NeuralMD,Reference_Phys_v2_common_heavy.families.environment_compression.frame_maximum_distribution.positive.mean,9,0.0,0.0,0.0,1.0,0.0,0.0
truth90_validation,T2,Linear,Reference_Phys_v2_common_heavy.families.environment_compression.frame_maximum_distribution.positive.p50,9,0.0,0.0,0.0,1.0,0.0,0.0
truth90_validation,T2,NeuralMD,Reference_Phys_v2_common_heavy.families.environment_compression.frame_maximum_distribution.positive.p50,9,0.0,0.0,0.0,1.0,0.0,0.0
truth90_validation,T2,Linear,Reference_Phys_v2_common_heavy.families.environment_compression.frame_maximum_distribution.positive.p90,9,0.0,0.0,0.0,1.0,0.0,0.0
truth90_validation,T2,NeuralMD,Reference_Phys_v2_common_heavy.families.environment_compression.frame_maximum_distribution.positive.p90,9,0.0,0.0,0.0,1.0,0.0,0.0
truth90_validation,T2,Linear,Reference_Phys_v2_common_heavy.families.environment_compression.frame_maximum_distribution.positive.p95,9,0.0,0.0,0.0,1.0,0.0,0.0
truth90_validation,T2,NeuralMD,Reference_Phys_v2_common_heavy.families.environment_compression.frame_maximum_distribution.positive.p95,9,0.0,0.0,0.0,1.0,0.0,0.0
truth90_validation,T2,Linear,Reference_Phys_v2_common_heavy.families.environment_compression.frame_maximum_distribution.positive.p99,9,0.0,0.0,0.0,1.0,0.0,0.0
truth90_validation,T2,NeuralMD,Reference_Phys_v2_common_heavy.families.environment_compression.frame_maximum_distribution.positive.p99,9,0.0,0.0,0.0,1.0,0.0,0.0
truth90_validation,T2,Linear,Reference_Phys_v2_common_heavy.families.environment_compression.threshold,30,0.0,0.0,0.0,1.0,0.0,0.0
truth90_validation,T2,NeuralMD,Reference_Phys_v2_common_heavy.families.environment_compression.threshold,30,0.0,0.0,0.0,1.0,0.0,0.0
truth90_validation,T2,Linear,Reference_Phys_v2_common_heavy.families.self_compression.anomaly_frame_fraction,30,0.0,0.0,0.0,1.0,0.0,0.0
truth90_validation,T2,NeuralMD,Reference_Phys_v2_common_heavy.families.self_compression.anomaly_frame_fraction,30,0.0,0.0,0.0,1.0,0.0,0.0
truth90_validation,T2,Linear,Reference_Phys_v2_common_heavy.families.self_compression.constraint_anomaly_fraction,30,0.0,0.0,0.0,1.0,0.0,0.0
truth90_validation,T2,NeuralMD,Reference_Phys_v2_common_heavy.families.self_compression.constraint_anomaly_fraction,30,0.0,0.0,0.0,1.0,0.0,0.0
truth90_validation,T2,Linear,Reference_Phys_v2_common_heavy.families.self_compression.constraint_distribution.all.count,30,0.0,0.0,0.0,1.0,0.0,0.0
truth90_validation,T2,NeuralMD,Reference_Phys_v2_common_heavy.families.self_compression.constraint_distribution.all.count,30,0.0,0.0,0.0,1.0,0.0,0.0
truth90_validation,T2,Linear,Reference_Phys_v2_common_heavy.families.self_compression.constraint_distribution.all.maximum,30,0.0,0.0,0.0,1.0,0.0,0.0
truth90_validation,T2,NeuralMD,Reference_Phys_v2_common_heavy.families.self_compression.constraint_distribution.all.maximum,30,0.0,0.0,0.0,1.0,0.0,0.0
truth90_validation,T2,Linear,Reference_Phys_v2_common_heavy.families.self_compression.constraint_distribution.all.mean,30,0.0,0.0,0.0,1.0,0.0,0.0
truth90_validation,T2,NeuralMD,Reference_Phys_v2_common_heavy.families.self_compression.constraint_distribution.all.mean,30,0.0,0.0,0.0,1.0,0.0,0.0
truth90_validation,T2,Linear,Reference_Phys_v2_common_heavy.families.self_compression.constraint_distribution.all.p50,30,0.0,0.0,0.0,1.0,0.0,0.0
truth90_validation,T2,NeuralMD,Reference_Phys_v2_common_heavy.families.self_compression.constraint_distribution.all.p50,30,0.0,0.0,0.0,1.0,0.0,0.0
truth90_validation,T2,Linear,Reference_Phys_v2_common_heavy.families.self_compression.constraint_distribution.all.p90,30,0.0,0.0,0.0,1.0,0.0,0.0
truth90_validation,T2,NeuralMD,Reference_Phys_v2_common_heavy.families.self_compression.constraint_distribution.all.p90,30,0.0,0.0,0.0,1.0,0.0,0.0
truth90_validation,T2,Linear,Reference_Phys_v2_common_heavy.families.self_compression.constraint_distribution.all.p95,30,0.0,0.0,0.0,1.0,0.0,0.0
truth90_validation,T2,NeuralMD,Reference_Phys_v2_common_heavy.families.self_compression.constraint_distribution.all.p95,30,0.0,0.0,0.0,1.0,0.0,0.0
truth90_validation,T2,Linear,Reference_Phys_v2_common_heavy.families.self_compression.constraint_distribution.all.p99,30,0.0,0.0,0.0,1.0,0.0,0.0
truth90_validation,T2,NeuralMD,Reference_Phys_v2_common_heavy.families.self_compression.constraint_distribution.all.p99,30,0.0,0.0,0.0,1.0,0.0,0.0
truth90_validation,T2,Linear,Reference_Phys_v2_common_heavy.families.self_compression.constraint_distribution.positive.count,30,0.0,0.0,0.0,1.0,0.0,0.0
truth90_validation,T2,NeuralMD,Reference_Phys_v2_common_heavy.families.self_compression.constraint_distribution.positive.count,30,0.0,0.0,0.0,1.0,0.0,0.0
truth90_validation,T2,Linear,Reference_Phys_v2_common_heavy.families.self_compression.finite_mean_squared_severity,30,0.0,0.0,0.0,1.0,0.0,0.0
truth90_validation,T2,NeuralMD,Reference_Phys_v2_common_heavy.families.self_compression.finite_mean_squared_severity,30,0.0,0.0,0.0,1.0,0.0,0.0
truth90_validation,T2,Linear,Reference_Phys_v2_common_heavy.families.self_compression.frame_maximum_distribution.all.count,30,0.0,0.0,0.0,1.0,0.0,0.0
truth90_validation,T2,NeuralMD,Reference_Phys_v2_common_heavy.families.self_compression.frame_maximum_distribution.all.count,30,0.0,0.0,0.0,1.0,0.0,0.0
truth90_validation,T2,Linear,Reference_Phys_v2_common_heavy.families.self_compression.frame_maximum_distribution.all.maximum,30,0.0,0.0,0.0,1.0,0.0,0.0
truth90_validation,T2,NeuralMD,Reference_Phys_v2_common_heavy.families.self_compression.frame_maximum_distribution.all.maximum,30,0.0,0.0,0.0,1.0,0.0,0.0
truth90_validation,T2,Linear,Reference_Phys_v2_common_heavy.families.self_compression.frame_maximum_distribution.all.mean,30,0.0,0.0,0.0,1.0,0.0,0.0
truth90_validation,T2,NeuralMD,Reference_Phys_v2_common_heavy.families.self_compression.frame_maximum_distribution.all.mean,30,0.0,0.0,0.0,1.0,0.0,0.0
truth90_validation,T2,Linear,Reference_Phys_v2_common_heavy.families.self_compression.frame_maximum_distribution.all.p50,30,0.0,0.0,0.0,1.0,0.0,0.0
truth90_validation,T2,NeuralMD,Reference_Phys_v2_common_heavy.families.self_compression.frame_maximum_distribution.all.p50,30,0.0,0.0,0.0,1.0,0.0,0.0
truth90_validation,T2,Linear,Reference_Phys_v2_common_heavy.families.self_compression.frame_maximum_distribution.all.p90,30,0.0,0.0,0.0,1.0,0.0,0.0
truth90_validation,T2,NeuralMD,Reference_Phys_v2_common_heavy.families.self_compression.frame_maximum_distribution.all.p90,30,0.0,0.0,0.0,1.0,0.0,0.0
truth90_validation,T2,Linear,Reference_Phys_v2_common_heavy.families.self_compression.frame_maximum_distribution.all.p95,30,0.0,0.0,0.0,1.0,0.0,0.0
truth90_validation,T2,NeuralMD,Reference_Phys_v2_common_heavy.families.self_compression.frame_maximum_distribution.all.p95,30,0.0,0.0,0.0,1.0,0.0,0.0
truth90_validation,T2,Linear,Reference_Phys_v2_common_heavy.families.self_compression.frame_maximum_distribution.all.p99,30,0.0,0.0,0.0,1.0,0.0,0.0
truth90_validation,T2,NeuralMD,Reference_Phys_v2_common_heavy.families.self_compression.frame_maximum_distribution.all.p99,30,0.0,0.0,0.0,1.0,0.0,0.0
truth90_validation,T2,Linear,Reference_Phys_v2_common_heavy.families.self_compression.frame_maximum_distribution.positive.count,30,0.0,0.0,0.0,1.0,0.0,0.0
truth90_validation,T2,NeuralMD,Reference_Phys_v2_common_heavy.families.self_compression.frame_maximum_distribution.positive.count,30,0.0,0.0,0.0,1.0,0.0,0.0
truth90_validation,T2,Linear,Reference_Phys_v2_common_heavy.families.self_compression.threshold,30,0.0,0.0,0.0,1.0,0.0,0.0
truth90_validation,T2,NeuralMD,Reference_Phys_v2_common_heavy.families.self_compression.threshold,30,0.0,0.0,0.0,1.0,0.0,0.0
truth90_validation,T2,Linear,Reference_Phys_v2_common_heavy.finite_frame_fraction,30,0.0,0.0,0.0,1.0,0.0,0.0
truth90_validation,T2,NeuralMD,Reference_Phys_v2_common_heavy.finite_frame_fraction,30,0.0,0.0,0.0,1.0,0.0,0.0
truth90_validation,T2,Linear,Reference_Phys_v2_common_heavy.fixed_environment_valid_frame_fraction,30,0.0,0.0,0.0,1.0,0.0,0.0
truth90_validation,T2,NeuralMD,Reference_Phys_v2_common_heavy.fixed_environment_valid_frame_fraction,30,0.0,0.0,0.0,1.0,0.0,0.0
truth90_validation,T2,Linear,Reference_Phys_v2_common_heavy.heavy_atoms,30,0.0,0.0,0.0,1.0,0.0,0.0
truth90_validation,T2,NeuralMD,Reference_Phys_v2_common_heavy.heavy_atoms,30,0.0,0.0,0.0,1.0,0.0,0.0
truth90_validation,T2,Linear,Reference_Phys_v2_common_heavy.intramolecular_tail_valid_frame_fraction,30,0.0,0.0,0.0,1.0,0.0,0.0
truth90_validation,T2,NeuralMD,Reference_Phys_v2_common_heavy.intramolecular_tail_valid_frame_fraction,30,0.0,0.0,0.0,1.0,0.0,0.0
truth90_validation,T2,Linear,Reference_Phys_v2_common_heavy.physical_excess_distributions.angle.all.count,30,0.0,0.0,0.0,1.0,0.0,0.0
truth90_validation,T2,NeuralMD,Reference_Phys_v2_common_heavy.physical_excess_distributions.angle.all.count,30,0.0,0.0,0.0,1.0,0.0,0.0
truth90_validation,T2,Linear,Reference_Phys_v2_common_heavy.physical_excess_distributions.angle.all.maximum,30,0.0,0.0,0.0,1.0,0.0,0.0
truth90_validation,T2,NeuralMD,Reference_Phys_v2_common_heavy.physical_excess_distributions.angle.all.maximum,30,0.0,0.0,0.0,1.0,0.0,0.0
truth90_validation,T2,Linear,Reference_Phys_v2_common_heavy.physical_excess_distributions.angle.all.mean,30,0.0,0.0,0.0,1.0,0.0,0.0
truth90_validation,T2,NeuralMD,Reference_Phys_v2_common_heavy.physical_excess_distributions.angle.all.mean,30,0.0,0.0,0.0,1.0,0.0,0.0
truth90_validation,T2,Linear,Reference_Phys_v2_common_heavy.physical_excess_distributions.angle.all.p50,30,0.0,0.0,0.0,1.0,0.0,0.0
truth90_validation,T2,NeuralMD,Reference_Phys_v2_common_heavy.physical_excess_distributions.angle.all.p50,30,0.0,0.0,0.0,1.0,0.0,0.0
truth90_validation,T2,Linear,Reference_Phys_v2_common_heavy.physical_excess_distributions.angle.all.p90,30,0.0,0.0,0.0,1.0,0.0,0.0
truth90_validation,T2,NeuralMD,Reference_Phys_v2_common_heavy.physical_excess_distributions.angle.all.p90,30,0.0,0.0,0.0,1.0,0.0,0.0
truth90_validation,T2,Linear,Reference_Phys_v2_common_heavy.physical_excess_distributions.angle.all.p95,30,0.0,0.0,0.0,1.0,0.0,0.0
truth90_validation,T2,NeuralMD,Reference_Phys_v2_common_heavy.physical_excess_distributions.angle.all.p95,30,0.0,0.0,0.0,1.0,0.0,0.0
truth90_validation,T2,Linear,Reference_Phys_v2_common_heavy.physical_excess_distributions.angle.all.p99,30,0.0,0.0,0.0,1.0,0.0,0.0
truth90_validation,T2,NeuralMD,Reference_Phys_v2_common_heavy.physical_excess_distributions.angle.all.p99,30,0.0,0.0,0.0,1.0,0.0,0.0
truth90_validation,T2,Linear,Reference_Phys_v2_common_heavy.physical_excess_distributions.angle.positive.count,30,0.0,0.0,0.0,1.0,0.0,0.0
truth90_validation,T2,NeuralMD,Reference_Phys_v2_common_heavy.physical_excess_distributions.angle.positive.count,30,0.0,0.0,0.0,1.0,0.0,0.0
truth90_validation,T2,Linear,Reference_Phys_v2_common_heavy.physical_excess_distributions.angle.positive.maximum,2,0.0,0.0,0.0,1.0,0.0,0.0
truth90_validation,T2,NeuralMD,Reference_Phys_v2_common_heavy.physical_excess_distributions.angle.positive.maximum,2,0.0,0.0,0.0,1.0,0.0,0.0
truth90_validation,T2,Linear,Reference_Phys_v2_common_heavy.physical_excess_distributions.angle.positive.mean,2,0.0,0.0,0.0,1.0,0.0,0.0
truth90_validation,T2,NeuralMD,Reference_Phys_v2_common_heavy.physical_excess_distributions.angle.positive.mean,2,0.0,0.0,0.0,1.0,0.0,0.0
truth90_validation,T2,Linear,Reference_Phys_v2_common_heavy.physical_excess_distributions.angle.positive.p50,2,0.0,0.0,0.0,1.0,0.0,0.0
truth90_validation,T2,NeuralMD,Reference_Phys_v2_common_heavy.physical_excess_distributions.angle.positive.p50,2,0.0,0.0,0.0,1.0,0.0,0.0
truth90_validation,T2,Linear,Reference_Phys_v2_common_heavy.physical_excess_distributions.angle.positive.p90,2,0.0,0.0,0.0,1.0,0.0,0.0
truth90_validation,T2,NeuralMD,Reference_Phys_v2_common_heavy.physical_excess_distributions.angle.positive.p90,2,0.0,0.0,0.0,1.0,0.0,0.0
truth90_validation,T2,Linear,Reference_Phys_v2_common_heavy.physical_excess_distributions.angle.positive.p95,2,0.0,0.0,0.0,1.0,0.0,0.0
truth90_validation,T2,NeuralMD,Reference_Phys_v2_common_heavy.physical_excess_distributions.angle.positive.p95,2,0.0,0.0,0.0,1.0,0.0,0.0
truth90_validation,T2,Linear,Reference_Phys_v2_common_heavy.physical_excess_distributions.angle.positive.p99,2,0.0,0.0,0.0,1.0,0.0,0.0
truth90_validation,T2,NeuralMD,Reference_Phys_v2_common_heavy.physical_excess_distributions.angle.positive.p99,2,0.0,0.0,0.0,1.0,0.0,0.0
truth90_validation,T2,Linear,Reference_Phys_v2_common_heavy.physical_excess_distributions.bond.all.count,30,0.0,0.0,0.0,1.0,0.0,0.0
truth90_validation,T2,NeuralMD,Reference_Phys_v2_common_heavy.physical_excess_distributions.bond.all.count,30,0.0,0.0,0.0,1.0,0.0,0.0
truth90_validation,T2,Linear,Reference_Phys_v2_common_heavy.physical_excess_distributions.bond.all.maximum,30,0.0,0.0,0.0,1.0,0.0,0.0
truth90_validation,T2,NeuralMD,Reference_Phys_v2_common_heavy.physical_excess_distributions.bond.all.maximum,30,0.0,0.0,0.0,1.0,0.0,0.0
truth90_validation,T2,Linear,Reference_Phys_v2_common_heavy.physical_excess_distributions.bond.all.mean,30,0.0,0.0,0.0,1.0,0.0,0.0
truth90_validation,T2,NeuralMD,Reference_Phys_v2_common_heavy.physical_excess_distributions.bond.all.mean,30,0.0,0.0,0.0,1.0,0.0,0.0
truth90_validation,T2,Linear,Reference_Phys_v2_common_heavy.physical_excess_distributions.bond.all.p50,30,0.0,0.0,0.0,1.0,0.0,0.0
truth90_validation,T2,NeuralMD,Reference_Phys_v2_common_heavy.physical_excess_distributions.bond.all.p50,30,0.0,0.0,0.0,1.0,0.0,0.0
truth90_validation,T2,Linear,Reference_Phys_v2_common_heavy.physical_excess_distributions.bond.all.p90,30,0.0,0.0,0.0,1.0,0.0,0.0
truth90_validation,T2,NeuralMD,Reference_Phys_v2_common_heavy.physical_excess_distributions.bond.all.p90,30,0.0,0.0,0.0,1.0,0.0,0.0
truth90_validation,T2,Linear,Reference_Phys_v2_common_heavy.physical_excess_distributions.bond.all.p95,30,0.0,0.0,0.0,1.0,0.0,0.0
truth90_validation,T2,NeuralMD,Reference_Phys_v2_common_heavy.physical_excess_distributions.bond.all.p95,30,0.0,0.0,0.0,1.0,0.0,0.0
truth90_validation,T2,Linear,Reference_Phys_v2_common_heavy.physical_excess_distributions.bond.all.p99,30,0.0,0.0,0.0,1.0,0.0,0.0
truth90_validation,T2,NeuralMD,Reference_Phys_v2_common_heavy.physical_excess_distributions.bond.all.p99,30,0.0,0.0,0.0,1.0,0.0,0.0
truth90_validation,T2,Linear,Reference_Phys_v2_common_heavy.physical_excess_distributions.bond.positive.count,30,0.0,0.0,0.0,1.0,0.0,0.0
truth90_validation,T2,NeuralMD,Reference_Phys_v2_common_heavy.physical_excess_distributions.bond.positive.count,30,0.0,0.0,0.0,1.0,0.0,0.0
truth90_validation,T2,Linear,Reference_Phys_v2_common_heavy.physical_excess_distributions.bond.positive.maximum,13,0.0,0.0,0.0,1.0,0.0,0.0
truth90_validation,T2,NeuralMD,Reference_Phys_v2_common_heavy.physical_excess_distributions.bond.positive.maximum,13,0.0,0.0,0.0,1.0,0.0,0.0
truth90_validation,T2,Linear,Reference_Phys_v2_common_heavy.physical_excess_distributions.bond.positive.mean,13,0.0,0.0,0.0,1.0,0.0,0.0
truth90_validation,T2,NeuralMD,Reference_Phys_v2_common_heavy.physical_excess_distributions.bond.positive.mean,13,0.0,0.0,0.0,1.0,0.0,0.0
truth90_validation,T2,Linear,Reference_Phys_v2_common_heavy.physical_excess_distributions.bond.positive.p50,13,0.0,0.0,0.0,1.0,0.0,0.0
truth90_validation,T2,NeuralMD,Reference_Phys_v2_common_heavy.physical_excess_distributions.bond.positive.p50,13,0.0,0.0,0.0,1.0,0.0,0.0
truth90_validation,T2,Linear,Reference_Phys_v2_common_heavy.physical_excess_distributions.bond.positive.p90,13,0.0,0.0,0.0,1.0,0.0,0.0
truth90_validation,T2,NeuralMD,Reference_Phys_v2_common_heavy.physical_excess_distributions.bond.positive.p90,13,0.0,0.0,0.0,1.0,0.0,0.0
truth90_validation,T2,Linear,Reference_Phys_v2_common_heavy.physical_excess_distributions.bond.positive.p95,13,0.0,0.0,0.0,1.0,0.0,0.0
truth90_validation,T2,NeuralMD,Reference_Phys_v2_common_heavy.physical_excess_distributions.bond.positive.p95,13,0.0,0.0,0.0,1.0,0.0,0.0
truth90_validation,T2,Linear,Reference_Phys_v2_common_heavy.physical_excess_distributions.bond.positive.p99,13,0.0,0.0,0.0,1.0,0.0,0.0
truth90_validation,T2,NeuralMD,Reference_Phys_v2_common_heavy.physical_excess_distributions.bond.positive.p99,13,0.0,0.0,0.0,1.0,0.0,0.0
truth90_validation,T2,Linear,Reference_Phys_v2_common_heavy.physical_excess_distributions.environment_depth_angstrom.all.count,30,0.0,0.0,0.0,1.0,0.0,0.0
truth90_validation,T2,NeuralMD,Reference_Phys_v2_common_heavy.physical_excess_distributions.environment_depth_angstrom.all.count,30,0.0,0.0,0.0,1.0,0.0,0.0
truth90_validation,T2,Linear,Reference_Phys_v2_common_heavy.physical_excess_distributions.environment_depth_angstrom.all.maximum,30,0.0,0.0,0.0,1.0,0.0,0.0
truth90_validation,T2,NeuralMD,Reference_Phys_v2_common_heavy.physical_excess_distributions.environment_depth_angstrom.all.maximum,30,0.0,0.0,0.0,1.0,0.0,0.0
truth90_validation,T2,Linear,Reference_Phys_v2_common_heavy.physical_excess_distributions.environment_depth_angstrom.all.mean,30,0.0,0.0,0.0,1.0,0.0,0.0
truth90_validation,T2,NeuralMD,Reference_Phys_v2_common_heavy.physical_excess_distributions.environment_depth_angstrom.all.mean,30,0.0,0.0,0.0,1.0,0.0,0.0
truth90_validation,T2,Linear,Reference_Phys_v2_common_heavy.physical_excess_distributions.environment_depth_angstrom.all.p50,30,0.0,0.0,0.0,1.0,0.0,0.0
truth90_validation,T2,NeuralMD,Reference_Phys_v2_common_heavy.physical_excess_distributions.environment_depth_angstrom.all.p50,30,0.0,0.0,0.0,1.0,0.0,0.0
truth90_validation,T2,Linear,Reference_Phys_v2_common_heavy.physical_excess_distributions.environment_depth_angstrom.all.p90,30,0.0,0.0,0.0,1.0,0.0,0.0
truth90_validation,T2,NeuralMD,Reference_Phys_v2_common_heavy.physical_excess_distributions.environment_depth_angstrom.all.p90,30,0.0,0.0,0.0,1.0,0.0,0.0
truth90_validation,T2,Linear,Reference_Phys_v2_common_heavy.physical_excess_distributions.environment_depth_angstrom.all.p95,30,0.0,0.0,0.0,1.0,0.0,0.0
truth90_validation,T2,NeuralMD,Reference_Phys_v2_common_heavy.physical_excess_distributions.environment_depth_angstrom.all.p95,30,0.0,0.0,0.0,1.0,0.0,0.0
truth90_validation,T2,Linear,Reference_Phys_v2_common_heavy.physical_excess_distributions.environment_depth_angstrom.all.p99,30,0.0,0.0,0.0,1.0,0.0,0.0
truth90_validation,T2,NeuralMD,Reference_Phys_v2_common_heavy.physical_excess_distributions.environment_depth_angstrom.all.p99,30,0.0,0.0,0.0,1.0,0.0,0.0
truth90_validation,T2,Linear,Reference_Phys_v2_common_heavy.physical_excess_distributions.environment_depth_angstrom.positive.count,30,0.0,0.0,0.0,1.0,0.0,0.0
truth90_validation,T2,NeuralMD,Reference_Phys_v2_common_heavy.physical_excess_distributions.environment_depth_angstrom.positive.count,30,0.0,0.0,0.0,1.0,0.0,0.0
truth90_validation,T2,Linear,Reference_Phys_v2_common_heavy.physical_excess_distributions.environment_depth_angstrom.positive.maximum,9,0.0,0.0,0.0,1.0,0.0,0.0
truth90_validation,T2,NeuralMD,Reference_Phys_v2_common_heavy.physical_excess_distributions.environment_depth_angstrom.positive.maximum,9,0.0,0.0,0.0,1.0,0.0,0.0
truth90_validation,T2,Linear,Reference_Phys_v2_common_heavy.physical_excess_distributions.environment_depth_angstrom.positive.mean,9,0.0,0.0,0.0,1.0,0.0,0.0
truth90_validation,T2,NeuralMD,Reference_Phys_v2_common_heavy.physical_excess_distributions.environment_depth_angstrom.positive.mean,9,0.0,0.0,0.0,1.0,0.0,0.0
truth90_validation,T2,Linear,Reference_Phys_v2_common_heavy.physical_excess_distributions.environment_depth_angstrom.positive.p50,9,0.0,0.0,0.0,1.0,0.0,0.0
truth90_validation,T2,NeuralMD,Reference_Phys_v2_common_heavy.physical_excess_distributions.environment_depth_angstrom.positive.p50,9,0.0,0.0,0.0,1.0,0.0,0.0
truth90_validation,T2,Linear,Reference_Phys_v2_common_heavy.physical_excess_distributions.environment_depth_angstrom.positive.p90,9,0.0,0.0,0.0,1.0,0.0,0.0
truth90_validation,T2,NeuralMD,Reference_Phys_v2_common_heavy.physical_excess_distributions.environment_depth_angstrom.positive.p90,9,0.0,0.0,0.0,1.0,0.0,0.0
truth90_validation,T2,Linear,Reference_Phys_v2_common_heavy.physical_excess_distributions.environment_depth_angstrom.positive.p95,9,0.0,0.0,0.0,1.0,0.0,0.0
truth90_validation,T2,NeuralMD,Reference_Phys_v2_common_heavy.physical_excess_distributions.environment_depth_angstrom.positive.p95,9,0.0,0.0,0.0,1.0,0.0,0.0
truth90_validation,T2,Linear,Reference_Phys_v2_common_heavy.physical_excess_distributions.environment_depth_angstrom.positive.p99,9,0.0,0.0,0.0,1.0,0.0,0.0
truth90_validation,T2,NeuralMD,Reference_Phys_v2_common_heavy.physical_excess_distributions.environment_depth_angstrom.positive.p99,9,0.0,0.0,0.0,1.0,0.0,0.0
truth90_validation,T2,Linear,Reference_Phys_v2_common_heavy.physical_excess_distributions.self_depth_angstrom.all.count,30,0.0,0.0,0.0,1.0,0.0,0.0
truth90_validation,T2,NeuralMD,Reference_Phys_v2_common_heavy.physical_excess_distributions.self_depth_angstrom.all.count,30,0.0,0.0,0.0,1.0,0.0,0.0
truth90_validation,T2,Linear,Reference_Phys_v2_common_heavy.physical_excess_distributions.self_depth_angstrom.all.maximum,30,0.0,0.0,0.0,1.0,0.0,0.0
truth90_validation,T2,NeuralMD,Reference_Phys_v2_common_heavy.physical_excess_distributions.self_depth_angstrom.all.maximum,30,0.0,0.0,0.0,1.0,0.0,0.0
truth90_validation,T2,Linear,Reference_Phys_v2_common_heavy.physical_excess_distributions.self_depth_angstrom.all.mean,30,0.0,0.0,0.0,1.0,0.0,0.0
truth90_validation,T2,NeuralMD,Reference_Phys_v2_common_heavy.physical_excess_distributions.self_depth_angstrom.all.mean,30,0.0,0.0,0.0,1.0,0.0,0.0
truth90_validation,T2,Linear,Reference_Phys_v2_common_heavy.physical_excess_distributions.self_depth_angstrom.all.p50,30,0.0,0.0,0.0,1.0,0.0,0.0
truth90_validation,T2,NeuralMD,Reference_Phys_v2_common_heavy.physical_excess_distributions.self_depth_angstrom.all.p50,30,0.0,0.0,0.0,1.0,0.0,0.0
truth90_validation,T2,Linear,Reference_Phys_v2_common_heavy.physical_excess_distributions.self_depth_angstrom.all.p90,30,0.0,0.0,0.0,1.0,0.0,0.0
truth90_validation,T2,NeuralMD,Reference_Phys_v2_common_heavy.physical_excess_distributions.self_depth_angstrom.all.p90,30,0.0,0.0,0.0,1.0,0.0,0.0
truth90_validation,T2,Linear,Reference_Phys_v2_common_heavy.physical_excess_distributions.self_depth_angstrom.all.p95,30,0.0,0.0,0.0,1.0,0.0,0.0
truth90_validation,T2,NeuralMD,Reference_Phys_v2_common_heavy.physical_excess_distributions.self_depth_angstrom.all.p95,30,0.0,0.0,0.0,1.0,0.0,0.0
truth90_validation,T2,Linear,Reference_Phys_v2_common_heavy.physical_excess_distributions.self_depth_angstrom.all.p99,30,0.0,0.0,0.0,1.0,0.0,0.0
truth90_validation,T2,NeuralMD,Reference_Phys_v2_common_heavy.physical_excess_distributions.self_depth_angstrom.all.p99,30,0.0,0.0,0.0,1.0,0.0,0.0
truth90_validation,T2,Linear,Reference_Phys_v2_common_heavy.physical_excess_distributions.self_depth_angstrom.positive.count,30,0.0,0.0,0.0,1.0,0.0,0.0
truth90_validation,T2,NeuralMD,Reference_Phys_v2_common_heavy.physical_excess_distributions.self_depth_angstrom.positive.count,30,0.0,0.0,0.0,1.0,0.0,0.0
truth90_validation,T2,Linear,Reference_Phys_v2_common_heavy.windows.early.valid_frame_fraction,30,0.0,0.0,0.0,1.0,0.0,0.0
truth90_validation,T2,NeuralMD,Reference_Phys_v2_common_heavy.windows.early.valid_frame_fraction,30,0.0,0.0,0.0,1.0,0.0,0.0
truth90_validation,T2,Linear,Reference_Phys_v2_common_heavy.windows.late.valid_frame_fraction,30,0.0,0.0,0.0,1.0,0.0,0.0
truth90_validation,T2,NeuralMD,Reference_Phys_v2_common_heavy.windows.late.valid_frame_fraction,30,0.0,0.0,0.0,1.0,0.0,0.0
truth90_validation,T2,Linear,Reference_Phys_v2_common_heavy.windows.middle.valid_frame_fraction,30,0.0,0.0,0.0,1.0,0.0,0.0
truth90_validation,T2,NeuralMD,Reference_Phys_v2_common_heavy.windows.middle.valid_frame_fraction,30,0.0,0.0,0.0,1.0,0.0,0.0
truth90_validation,T2,Linear,Stab.early.end_ps,30,0.0,0.0,0.0,1.0,0.0,0.0
truth90_validation,T2,NeuralMD,Stab.early.end_ps,30,0.0,0.0,0.0,1.0,0.0,0.0
truth90_validation,T2,Linear,Stab.early.geometry.angle_mean_squared_excess,30,-0.008010439171354777,-0.001964751465459059,1.0,0.0,-0.013046317936128695,-0.003664370323510228
truth90_validation,T2,NeuralMD,Stab.early.geometry.angle_mean_squared_excess,30,1.7328309434621712e-05,3.9038536690959934e-08,0.0,0.13333333333333333,5.968610025661695e-07,4.197316727371414e-05
truth90_validation,T2,Linear,Stab.early.geometry.angle_violations,30,-8.547619047619047,-7.0,1.0,0.0,-10.900595238095237,-6.466666666666667
truth90_validation,T2,NeuralMD,Stab.early.geometry.angle_violations,30,3.595238095238095,1.2142857142857144,0.0,0.13333333333333333,1.6997619047619048,5.853571428571422
truth90_validation,T2,Linear,Stab.early.geometry.assessed_geometry_valid,30,0.30476190476190473,0.0,0.0,0.5333333333333333,0.18095238095238095,0.4380952380952381
truth90_validation,T2,NeuralMD,Stab.early.geometry.assessed_geometry_valid,30,-0.6476190476190475,-0.7857142857142857,0.8666666666666667,0.13333333333333333,-0.7857142857142858,-0.5047619047619047
truth90_validation,T2,Linear,Stab.early.geometry.bond_mean_squared_excess,30,-0.31011902020835364,-0.08456333926795384,1.0,0.0,-0.534821264647714,-0.136476577811059
truth90_validation,T2,NeuralMD,Stab.early.geometry.bond_mean_squared_excess,30,3.0157645032665076e-06,3.6720309288663756e-08,0.03333333333333333,0.2,-1.1186546784939606e-08,8.21785032645305e-06
truth90_validation,T2,Linear,Stab.early.geometry.bond_violations,30,-19.36666666666666,-16.07142857142857,1.0,0.0,-25.69619047619047,-14.842619047619051
truth90_validation,T2,NeuralMD,Stab.early.geometry.bond_violations,30,5.814285714285714,2.2857142857142856,0.0,0.2,2.9428571428571426,9.385714285714284
truth90_validation,T2,Linear,Stab.early.geometry.ligand_environment_overlap_violations,30,-0.4523809523809524,0.0,0.26666666666666666,0.6333333333333333,-1.0002380952380951,-0.04761904761904761
truth90_validation,T2,NeuralMD,Stab.early.geometry.ligand_environment_overlap_violations,30,0.05714285714285715,0.0,0.0,0.8666666666666667,0.0047619047619047615,0.14761904761904762
truth90_validation,T2,Linear,Stab.early.geometry.ligand_self_overlap_violations,30,-0.019047619047619046,0.0,0.03333333333333333,0.9666666666666667,-0.05714285714285714,0.0
truth90_validation,T2,NeuralMD,Stab.early.geometry.ligand_self_overlap_violations,30,0.0,0.0,0.0,1.0,0.0,0.0
truth90_validation,T2,Linear,Stab.early.geometry.local_configuration_flips,30,0.0,0.0,0.03333333333333333,0.9333333333333333,-0.014285714285714285,0.014285714285714285
truth90_validation,T2,NeuralMD,Stab.early.geometry.local_configuration_flips,30,0.0047619047619047615,0.0,0.0,0.9666666666666667,0.0,0.014285714285714285
truth90_validation,T2,Linear,Stab.early.geometry.severe_overlap_mean_squared,30,-0.0019486841390727809,0.0,0.3,0.6333333333333333,-0.00452608883797083,-0.0003266424526761598
truth90_validation,T2,NeuralMD,Stab.early.geometry.severe_overlap_mean_squared,30,3.778392174225755e-05,0.0,0.0,0.8666666666666667,5.701049373592456e-09,0.00010845620502720144
truth90_validation,T2,Linear,Stab.early.predicted_step_rms_angstrom,30,0.774385691303432,0.6339804227133425,0.0,0.0,0.5975473926130141,0.9789788382162351
truth90_validation,T2,NeuralMD,Stab.early.predicted_step_rms_angstrom,30,1.0818788607981795,0.9254568800744691,0.0,0.0,0.9211408919644565,1.2695942062560064
truth90_validation,T2,Linear,Stab.early.reference_geometry.angle_mean_squared_excess,30,0.0,0.0,0.0,1.0,0.0,0.0
truth90_validation,T2,NeuralMD,Stab.early.reference_geometry.angle_mean_squared_excess,30,4.3141300872095075e-07,0.0,0.0,0.7666666666666667,6.04853484952626e-08,9.260472128825459e-07
truth90_validation,T2,Linear,Stab.early.reference_geometry.angle_violations,30,0.0,0.0,0.0,1.0,0.0,0.0
truth90_validation,T2,NeuralMD,Stab.early.reference_geometry.angle_violations,30,0.033333333333333326,0.0,0.0,0.7666666666666667,0.014285714285714285,0.057142857142857134
truth90_validation,T2,Linear,Stab.early.reference_geometry.assessed_geometry_valid,30,0.0,0.0,0.0,1.0,0.0,0.0
truth90_validation,T2,NeuralMD,Stab.early.reference_geometry.assessed_geometry_valid,30,-0.03333333333333333,0.0,0.23333333333333334,0.7666666666666667,-0.05714285714285715,-0.014285714285714284
truth90_validation,T2,Linear,Stab.early.reference_geometry.bond_mean_squared_excess,30,0.0,0.0,0.0,1.0,0.0,0.0
truth90_validation,T2,NeuralMD,Stab.early.reference_geometry.bond_mean_squared_excess,30,-1.924277565499046e-08,0.0,0.1,0.9,-4.9307415312862104e-08,0.0
truth90_validation,T2,Linear,Stab.early.reference_geometry.bond_violations,30,0.0,0.0,0.0,1.0,0.0,0.0
truth90_validation,T2,NeuralMD,Stab.early.reference_geometry.bond_violations,30,0.0,0.0,0.0,1.0,0.0,0.0
truth90_validation,T2,Linear,Stab.early.reference_geometry.ligand_environment_overlap_violations,30,0.0,0.0,0.0,1.0,0.0,0.0
truth90_validation,T2,NeuralMD,Stab.early.reference_geometry.ligand_environment_overlap_violations,30,0.0,0.0,0.0,1.0,0.0,0.0
truth90_validation,T2,Linear,Stab.early.reference_geometry.ligand_self_overlap_violations,30,0.0,0.0,0.0,1.0,0.0,0.0
truth90_validation,T2,NeuralMD,Stab.early.reference_geometry.ligand_self_overlap_violations,30,0.0,0.0,0.0,1.0,0.0,0.0
truth90_validation,T2,Linear,Stab.early.reference_geometry.local_configuration_flips,30,0.0,0.0,0.0,1.0,0.0,0.0
truth90_validation,T2,NeuralMD,Stab.early.reference_geometry.local_configuration_flips,30,0.0,0.0,0.0,1.0,0.0,0.0
truth90_validation,T2,Linear,Stab.early.reference_geometry.severe_overlap_mean_squared,30,0.0,0.0,0.0,1.0,0.0,0.0
truth90_validation,T2,NeuralMD,Stab.early.reference_geometry.severe_overlap_mean_squared,30,0.0,0.0,0.0,1.0,0.0,0.0
truth90_validation,T2,Linear,Stab.early.rmsd_angstrom,30,-0.3516752044494709,-0.18710483693886965,0.6666666666666666,0.0,-0.5928148886560516,-0.11858639103513188
truth90_validation,T2,NeuralMD,Stab.early.rmsd_angstrom,30,0.37405050884049074,0.3191710755345212,0.0,0.0,0.26929911280440627,0.49561217500916405
truth90_validation,T2,Linear,Stab.early.start_ps,30,0.0,0.0,0.0,1.0,0.0,0.0
truth90_validation,T2,NeuralMD,Stab.early.start_ps,30,0.0,0.0,0.0,1.0,0.0,0.0
truth90_validation,T2,Linear,Stab.early.true_step_rms_angstrom,30,0.0,0.0,0.0,1.0,0.0,0.0
truth90_validation,T2,NeuralMD,Stab.early.true_step_rms_angstrom,30,0.0,0.0,0.0,1.0,0.0,0.0
truth90_validation,T2,Linear,Stab.late.end_ps,30,0.0,0.0,0.0,1.0,0.0,0.0
truth90_validation,T2,NeuralMD,Stab.late.end_ps,30,0.0,0.0,0.0,1.0,0.0,0.0
truth90_validation,T2,Linear,Stab.late.geometry.angle_mean_squared_excess,30,-0.061638851791356315,-0.044970542171026306,1.0,0.0,-0.0805943173322294,-0.045303543157255474
truth90_validation,T2,NeuralMD,Stab.late.geometry.angle_mean_squared_excess,30,0.0001251569152803926,7.372252031287049e-08,0.1,0.1,1.1497575367565981e-05,0.0002853271378141973
truth90_validation,T2,Linear,Stab.late.geometry.angle_violations,30,-39.46666666666667,-37.833333333333336,1.0,0.0,-47.65277777777778,-32.23861111111112
truth90_validation,T2,NeuralMD,Stab.late.geometry.angle_violations,30,6.605555555555556,2.0,0.03333333333333333,0.1,2.644027777777778,12.213472222222205
truth90_validation,T2,Linear,Stab.late.geometry.assessed_geometry_valid,30,0.26666666666666666,0.0,0.0,0.5333333333333333,0.14999999999999997,0.4
truth90_validation,T2,NeuralMD,Stab.late.geometry.assessed_geometry_valid,30,-0.0611111111111111,0.0,0.26666666666666666,0.5,-0.2222222222222222,0.08347222222222148
truth90_validation,T2,Linear,Stab.late.geometry.bond_mean_squared_excess,30,-5.978961085713951,-2.019714388476998,1.0,0.0,-9.733873070261813,-2.7955204929912814
truth90_validation,T2,NeuralMD,Stab.late.geometry.bond_mean_squared_excess,30,-0.00016359091116589553,-1.0625519393097464e-06,0.6666666666666666,0.06666666666666667,-0.0003453269204361111,-2.7428685988515835e-05
truth90_validation,T2,Linear,Stab.late.geometry.bond_violations,30,-38.30555555555556,-34.66666666666667,1.0,0.0,-47.189166666666665,-30.798888888888897
truth90_validation,T2,NeuralMD,Stab.late.geometry.bond_violations,30,5.733333333333333,1.8333333333333333,0.2,0.06666666666666667,2.599861111111111,9.461388888888889
truth90_validation,T2,Linear,Stab.late.geometry.ligand_environment_overlap_violations,30,-3.705555555555555,-3.0,0.9333333333333333,0.06666666666666667,-5.066666666666666,-2.4276388888888896
truth90_validation,T2,NeuralMD,Stab.late.geometry.ligand_environment_overlap_violations,30,0.03888888888888888,0.0,0.0,0.8333333333333334,0.01111111111111111,0.07777777777777777
truth90_validation,T2,Linear,Stab.late.geometry.ligand_self_overlap_violations,30,-0.08333333333333333,0.0,0.06666666666666667,0.9,-0.24444444444444444,0.03333333333333333
truth90_validation,T2,NeuralMD,Stab.late.geometry.ligand_self_overlap_violations,30,0.016666666666666666,0.0,0.0,0.9666666666666667,0.0,0.05
truth90_validation,T2,Linear,Stab.late.geometry.local_configuration_flips,30,-0.13333333333333333,0.0,0.13333333333333333,0.8333333333333334,-0.3,0.0
truth90_validation,T2,NeuralMD,Stab.late.geometry.local_configuration_flips,30,0.016666666666666666,0.0,0.0,0.9666666666666667,0.0,0.05
truth90_validation,T2,Linear,Stab.late.geometry.severe_overlap_mean_squared,30,-0.011667678385575687,-0.006229832556610056,0.9333333333333333,0.06666666666666667,-0.01722516085843144,-0.007125161360586943
truth90_validation,T2,NeuralMD,Stab.late.geometry.severe_overlap_mean_squared,30,5.514834861221921e-05,0.0,0.0,0.8333333333333334,4.565102213604997e-06,0.00011794436132084505
truth90_validation,T2,Linear,Stab.late.predicted_step_rms_angstrom,30,0.9160594980091357,0.8157569356363595,0.0,0.0,0.7395798394318476,1.112342465520358
truth90_validation,T2,NeuralMD,Stab.late.predicted_step_rms_angstrom,30,1.2237148097171757,1.0858721204994963,0.0,0.0,1.0379990107037251,1.4376068597798028
truth90_validation,T2,Linear,Stab.late.reference_geometry.angle_mean_squared_excess,30,0.0,0.0,0.0,1.0,0.0,0.0
truth90_validation,T2,NeuralMD,Stab.late.reference_geometry.angle_mean_squared_excess,30,2.8857905427149096e-07,0.0,0.0,0.7333333333333333,5.2929982753205214e-08,6.529969968020412e-07
truth90_validation,T2,Linear,Stab.late.reference_geometry.angle_violations,30,0.0,0.0,0.0,1.0,0.0,0.0
truth90_validation,T2,NeuralMD,Stab.late.reference_geometry.angle_violations,30,0.05,0.0,0.0,0.7333333333333333,0.02222222222222222,0.08333333333333331
truth90_validation,T2,Linear,Stab.late.reference_geometry.assessed_geometry_valid,30,0.0,0.0,0.0,1.0,0.0,0.0
truth90_validation,T2,NeuralMD,Stab.late.reference_geometry.assessed_geometry_valid,30,-0.03888888888888888,0.0,0.2,0.8,-0.07222222222222222,-0.011111111111111112
truth90_validation,T2,Linear,Stab.late.reference_geometry.bond_mean_squared_excess,30,0.0,0.0,0.0,1.0,0.0,0.0
truth90_validation,T2,NeuralMD,Stab.late.reference_geometry.bond_mean_squared_excess,30,-5.656565408926447e-08,0.0,0.3,0.7,-1.357014968971292e-07,-6.030384523183646e-09
truth90_validation,T2,Linear,Stab.late.reference_geometry.bond_violations,30,0.0,0.0,0.0,1.0,0.0,0.0
truth90_validation,T2,NeuralMD,Stab.late.reference_geometry.bond_violations,30,0.0,0.0,0.0,1.0,0.0,0.0
truth90_validation,T2,Linear,Stab.late.reference_geometry.ligand_environment_overlap_violations,30,0.0,0.0,0.0,1.0,0.0,0.0
truth90_validation,T2,NeuralMD,Stab.late.reference_geometry.ligand_environment_overlap_violations,30,0.0,0.0,0.0,1.0,0.0,0.0
truth90_validation,T2,Linear,Stab.late.reference_geometry.ligand_self_overlap_violations,30,0.0,0.0,0.0,1.0,0.0,0.0
truth90_validation,T2,NeuralMD,Stab.late.reference_geometry.ligand_self_overlap_violations,30,0.0,0.0,0.0,1.0,0.0,0.0
truth90_validation,T2,Linear,Stab.late.reference_geometry.local_configuration_flips,30,0.0,0.0,0.0,1.0,0.0,0.0
truth90_validation,T2,NeuralMD,Stab.late.reference_geometry.local_configuration_flips,30,0.0,0.0,0.0,1.0,0.0,0.0
truth90_validation,T2,Linear,Stab.late.reference_geometry.severe_overlap_mean_squared,30,0.0,0.0,0.0,1.0,0.0,0.0
truth90_validation,T2,NeuralMD,Stab.late.reference_geometry.severe_overlap_mean_squared,30,1.0391373791587456e-09,0.0,0.0,0.9666666666666667,0.0,3.117412137476237e-09
truth90_validation,T2,Linear,Stab.late.rmsd_angstrom,30,-3.6441932766450695,-2.837164878159756,0.9333333333333333,0.0,-4.909499601492278,-2.528588212048693
truth90_validation,T2,NeuralMD,Stab.late.rmsd_angstrom,30,0.4159741401008817,0.3341888465761071,0.16666666666666666,0.0,0.2274089324594419,0.6252671999879407
truth90_validation,T2,Linear,Stab.late.start_ps,30,0.0,0.0,0.0,1.0,0.0,0.0
truth90_validation,T2,NeuralMD,Stab.late.start_ps,30,0.0,0.0,0.0,1.0,0.0,0.0
truth90_validation,T2,Linear,Stab.late.true_step_rms_angstrom,30,0.0,0.0,0.0,1.0,0.0,0.0
truth90_validation,T2,NeuralMD,Stab.late.true_step_rms_angstrom,30,0.0,0.0,0.0,1.0,0.0,0.0
truth90_validation,T2,Linear,Stab.middle.end_ps,30,0.0,0.0,0.0,1.0,0.0,0.0
truth90_validation,T2,NeuralMD,Stab.middle.end_ps,30,0.0,0.0,0.0,1.0,0.0,0.0
truth90_validation,T2,Linear,Stab.middle.geometry.angle_mean_squared_excess,30,-0.034138429384136665,-0.017127852571231776,1.0,0.0,-0.04969010077058233,-0.021785631220228856
truth90_validation,T2,NeuralMD,Stab.middle.geometry.angle_mean_squared_excess,30,7.7736043834467e-05,9.435890382019486e-08,0.03333333333333333,0.06666666666666667,7.3063182043723745e-06,0.00019670065848837888
truth90_validation,T2,Linear,Stab.middle.geometry.angle_violations,30,-29.976190476190474,-28.785714285714285,1.0,0.0,-36.010238095238094,-24.442380952380955
truth90_validation,T2,NeuralMD,Stab.middle.geometry.angle_violations,30,5.542857142857142,1.3571428571428572,0.0,0.06666666666666667,2.290238095238095,9.771666666666665
truth90_validation,T2,Linear,Stab.middle.geometry.assessed_geometry_valid,30,0.32857142857142857,0.14285714285714285,0.0,0.43333333333333335,0.20476190476190476,0.4666666666666667
truth90_validation,T2,NeuralMD,Stab.middle.geometry.assessed_geometry_valid,30,-0.43333333333333335,-0.4285714285714286,0.7666666666666667,0.16666666666666666,-0.5619047619047619,-0.3095238095238095
truth90_validation,T2,Linear,Stab.middle.geometry.bond_mean_squared_excess,30,-2.25588711081324,-0.7100789652389192,1.0,0.0,-3.851413962798109,-1.0052116110356337
truth90_validation,T2,NeuralMD,Stab.middle.geometry.bond_mean_squared_excess,30,-2.5360366711846013e-05,3.481631131680771e-09,0.3,0.13333333333333333,-6.17845848191236e-05,-1.7202179340800219e-07
truth90_validation,T2,Linear,Stab.middle.geometry.bond_violations,30,-34.03333333333333,-30.357142857142854,1.0,0.0,-42.04583333333334,-27.131666666666675
truth90_validation,T2,NeuralMD,Stab.middle.geometry.bond_violations,30,6.414285714285714,1.9285714285714286,0.06666666666666667,0.13333333333333333,3.438095238095238,9.93833333333333
truth90_validation,T2,Linear,Stab.middle.geometry.ligand_environment_overlap_violations,30,-1.923809523809524,-1.1428571428571428,0.7333333333333333,0.23333333333333334,-2.8907142857142856,-1.0952380952380953
truth90_validation,T2,NeuralMD,Stab.middle.geometry.ligand_environment_overlap_violations,30,0.14761904761904762,0.0,0.0,0.9,0.0,0.37619047619047624
truth90_validation,T2,Linear,Stab.middle.geometry.ligand_self_overlap_violations,30,-0.02857142857142857,0.0,0.06666666666666667,0.9,-0.10476190476190476,0.019047619047619046
truth90_validation,T2,NeuralMD,Stab.middle.geometry.ligand_self_overlap_violations,30,0.009523809523809523,0.0,0.0,0.9666666666666667,0.0,0.02857142857142857
truth90_validation,T2,Linear,Stab.middle.geometry.local_configuration_flips,30,-0.09523809523809525,0.0,0.1,0.8666666666666667,-0.2523809523809524,0.0047619047619047615
truth90_validation,T2,NeuralMD,Stab.middle.geometry.local_configuration_flips,30,0.0047619047619047615,0.0,0.0,0.9666666666666667,0.0,0.014285714285714285
truth90_validation,T2,Linear,Stab.middle.geometry.severe_overlap_mean_squared,30,-0.007321541885220828,-0.0012795659531161798,0.7333333333333333,0.23333333333333334,-0.011667402725954507,-0.003481298768186763
truth90_validation,T2,NeuralMD,Stab.middle.geometry.severe_overlap_mean_squared,30,0.0002446019459878759,0.0,0.0,0.8666666666666667,2.300694673894737e-06,0.0006293190494319805
truth90_validation,T2,Linear,Stab.middle.predicted_step_rms_angstrom,30,0.7857721204854374,0.6281084395487242,0.03333333333333333,0.0,0.6205044248822884,0.9765610378004546
truth90_validation,T2,NeuralMD,Stab.middle.predicted_step_rms_angstrom,30,1.093357226069595,1.019033502334667,0.0,0.0,0.9369851650669188,1.2760128144200913
truth90_validation,T2,Linear,Stab.middle.reference_geometry.angle_mean_squared_excess,30,0.0,0.0,0.0,1.0,0.0,0.0
truth90_validation,T2,NeuralMD,Stab.middle.reference_geometry.angle_mean_squared_excess,30,3.503825656875926e-07,0.0,0.03333333333333333,0.7666666666666667,4.9985079380202864e-08,7.638994559851836e-07
truth90_validation,T2,Linear,Stab.middle.reference_geometry.angle_violations,30,0.0,0.0,0.0,1.0,0.0,0.0
truth90_validation,T2,NeuralMD,Stab.middle.reference_geometry.angle_violations,30,0.03809523809523809,0.0,0.0,0.7666666666666667,0.014285714285714285,0.06666666666666665
truth90_validation,T2,Linear,Stab.middle.reference_geometry.assessed_geometry_valid,30,0.0,0.0,0.0,1.0,0.0,0.0
truth90_validation,T2,NeuralMD,Stab.middle.reference_geometry.assessed_geometry_valid,30,-0.023809523809523815,0.0,0.16666666666666666,0.8333333333333334,-0.042857142857142864,-0.004761904761904763
truth90_validation,T2,Linear,Stab.middle.reference_geometry.bond_mean_squared_excess,30,0.0,0.0,0.0,1.0,0.0,0.0
truth90_validation,T2,NeuralMD,Stab.middle.reference_geometry.bond_mean_squared_excess,30,-6.358195675569518e-08,0.0,0.16666666666666666,0.8333333333333334,-1.4594800286932504e-07,-9.448547169664311e-09
truth90_validation,T2,Linear,Stab.middle.reference_geometry.bond_violations,30,0.0,0.0,0.0,1.0,0.0,0.0
truth90_validation,T2,NeuralMD,Stab.middle.reference_geometry.bond_violations,30,0.0,0.0,0.0,1.0,0.0,0.0
truth90_validation,T2,Linear,Stab.middle.reference_geometry.ligand_environment_overlap_violations,30,0.0,0.0,0.0,1.0,0.0,0.0
truth90_validation,T2,NeuralMD,Stab.middle.reference_geometry.ligand_environment_overlap_violations,30,0.0,0.0,0.0,1.0,0.0,0.0
truth90_validation,T2,Linear,Stab.middle.reference_geometry.ligand_self_overlap_violations,30,0.0,0.0,0.0,1.0,0.0,0.0
truth90_validation,T2,NeuralMD,Stab.middle.reference_geometry.ligand_self_overlap_violations,30,0.0,0.0,0.0,1.0,0.0,0.0
truth90_validation,T2,Linear,Stab.middle.reference_geometry.local_configuration_flips,30,0.0,0.0,0.0,1.0,0.0,0.0
truth90_validation,T2,NeuralMD,Stab.middle.reference_geometry.local_configuration_flips,30,0.0,0.0,0.0,1.0,0.0,0.0
truth90_validation,T2,Linear,Stab.middle.reference_geometry.severe_overlap_mean_squared,30,0.0,0.0,0.0,1.0,0.0,0.0
truth90_validation,T2,NeuralMD,Stab.middle.reference_geometry.severe_overlap_mean_squared,30,-5.514994149955072e-11,0.0,0.03333333333333333,0.9666666666666667,-1.6544982449865214e-10,0.0
truth90_validation,T2,Linear,Stab.middle.rmsd_angstrom,30,-2.035454431408316,-1.5870280270561845,0.9333333333333333,0.0,-2.7333285579461353,-1.3900780044805803
truth90_validation,T2,NeuralMD,Stab.middle.rmsd_angstrom,30,0.42680394311578557,0.378442289490886,0.1,0.0,0.2846080623532153,0.6183557458336404
truth90_validation,T2,Linear,Stab.middle.start_ps,30,0.0,0.0,0.0,1.0,0.0,0.0
truth90_validation,T2,NeuralMD,Stab.middle.start_ps,30,0.0,0.0,0.0,1.0,0.0,0.0
truth90_validation,T2,Linear,Stab.middle.true_step_rms_angstrom,30,0.0,0.0,0.0,1.0,0.0,0.0
truth90_validation,T2,NeuralMD,Stab.middle.true_step_rms_angstrom,30,0.0,0.0,0.0,1.0,0.0,0.0
truth90_validation,T3,Linear,Dyn.contacts.all_residues.brier,30,-0.04414838664026262,-0.03914763486039577,1.0,0.0,-0.05377325513642393,-0.03503611681519446
truth90_validation,T3,NeuralMD,Dyn.contacts.all_residues.brier,30,0.00436620859904864,0.0009485305365405945,0.3,0.0,0.001044564761210298,0.008750333389558947
truth90_validation,T3,Linear,Dyn.contacts.all_residues.distance_w1_angstrom,30,-3.6824505832231984,-2.9288886966736305,1.0,0.0,-4.605582977241048,-2.896151005475339
truth90_validation,T3,NeuralMD,Dyn.contacts.all_residues.distance_w1_angstrom,30,-0.15039553636046393,-0.14474903164634056,0.7,0.0,-0.28614037326407094,-0.010000637083881459
truth90_validation,T3,Linear,Dyn.contacts.all_residues.joint_occurrence_mae_lag_160.0ps,30,-0.04241640318974551,-0.038266919671094246,1.0,0.0,-0.05217841424574367,-0.03381571629942406
truth90_validation,T3,NeuralMD,Dyn.contacts.all_residues.joint_occurrence_mae_lag_160.0ps,30,0.001008200497601433,-0.000671730650533886,0.6,0.0,-0.0022084061167537755,0.005511399174713248
truth90_validation,T3,Linear,Dyn.contacts.all_residues.joint_occurrence_mae_lag_320.0ps,30,-0.040979907157761654,-0.03700131235643663,1.0,0.0,-0.050715331839849026,-0.03229029351803178
truth90_validation,T3,NeuralMD,Dyn.contacts.all_residues.joint_occurrence_mae_lag_320.0ps,30,0.0008815430564505083,-0.0005176486602388971,0.5666666666666667,0.0,-0.0021241993854840577,0.005131926833713513
truth90_validation,T3,Linear,Dyn.contacts.all_residues.joint_occurrence_mae_lag_640.0ps,30,-0.03775700264211386,-0.03390052257462125,1.0,0.0,-0.04671103396270549,-0.029116414861878593
truth90_validation,T3,NeuralMD,Dyn.contacts.all_residues.joint_occurrence_mae_lag_640.0ps,30,0.0009828175663198406,-0.0005885898257499461,0.6,0.0,-0.002343730756237916,0.005462182061279614
truth90_validation,T3,Linear,Dyn.contacts.all_residues.joint_occurrence_mae_lag_80.0ps,30,-0.04318554877683773,-0.03850452938125905,1.0,0.0,-0.053416500826590434,-0.033592174440503844
truth90_validation,T3,NeuralMD,Dyn.contacts.all_residues.joint_occurrence_mae_lag_80.0ps,30,0.0009099534679838484,-0.0007910656974674719,0.6,0.0,-0.0020563265792065237,0.005335260748490098
truth90_validation,T3,Linear,Dyn.contacts.all_residues.predicted_contact_fraction,30,-0.02367226958098884,-0.01967884069903783,0.8333333333333334,0.0,-0.03741347514152841,-0.012476498124282347
truth90_validation,T3,NeuralMD,Dyn.contacts.all_residues.predicted_contact_fraction,30,-0.0023347180240450333,-0.0011426020364175594,0.6666666666666666,0.0,-0.005946137142729523,0.0005189897046356562
truth90_validation,T3,Linear,Dyn.contacts.all_residues.residues,30,0.0,0.0,0.0,1.0,0.0,0.0
truth90_validation,T3,NeuralMD,Dyn.contacts.all_residues.residues,30,0.0,0.0,0.0,1.0,0.0,0.0
truth90_validation,T3,Linear,Dyn.contacts.all_residues.true_contact_fraction,30,0.0,0.0,0.0,1.0,0.0,0.0
truth90_validation,T3,NeuralMD,Dyn.contacts.all_residues.true_contact_fraction,30,0.0,0.0,0.0,1.0,0.0,0.0
truth90_validation,T3,Linear,Dyn.contacts.initial_contact_residues,30,0.0,0.0,0.0,1.0,0.0,0.0
truth90_validation,T3,NeuralMD,Dyn.contacts.initial_contact_residues,30,0.0,0.0,0.0,1.0,0.0,0.0
truth90_validation,T3,Linear,Dyn.contacts.observed_pocket.brier,30,-0.202517365315617,-0.22477678571428572,0.9,0.0,-0.2561156288885178,-0.150783390630692
truth90_validation,T3,NeuralMD,Dyn.contacts.observed_pocket.brier,30,0.030494583395647923,0.023392857142857142,0.3,0.0,0.006517217533482328,0.05689248080697378
truth90_validation,T3,Linear,Dyn.contacts.observed_pocket.distance_w1_angstrom,30,-2.331164817598252,-1.7869474301866415,0.9666666666666667,0.0,-3.078366826157657,-1.6869485903098624
truth90_validation,T3,NeuralMD,Dyn.contacts.observed_pocket.distance_w1_angstrom,30,-0.08263670754325209,-0.12454745876967932,0.7333333333333333,0.0,-0.16866359294259797,0.017921681651459017
truth90_validation,T3,Linear,Dyn.contacts.observed_pocket.joint_occurrence_mae_lag_160.0ps,30,-0.2046077661925262,-0.19569088319088315,0.9333333333333333,0.0,-0.26164417103368004,-0.1481468694451279
truth90_validation,T3,NeuralMD,Dyn.contacts.observed_pocket.joint_occurrence_mae_lag_160.0ps,30,-0.01064713624935875,-0.018752811515969414,0.6,0.0,-0.04109009501274861,0.023061353518063776
truth90_validation,T3,Linear,Dyn.contacts.observed_pocket.joint_occurrence_mae_lag_320.0ps,30,-0.20732701012033342,-0.19473684210526318,0.9333333333333333,0.0,-0.2647836191701181,-0.14819992075797436
truth90_validation,T3,NeuralMD,Dyn.contacts.observed_pocket.joint_occurrence_mae_lag_320.0ps,30,-0.012139800861462824,-0.01844040247678018,0.5666666666666667,0.0,-0.041738111565158977,0.02132802029864836
truth90_validation,T3,Linear,Dyn.contacts.observed_pocket.joint_occurrence_mae_lag_640.0ps,30,-0.21175403895193037,-0.20451388888888888,0.9333333333333333,0.0,-0.26916243367507786,-0.1480869311435606
truth90_validation,T3,NeuralMD,Dyn.contacts.observed_pocket.joint_occurrence_mae_lag_640.0ps,30,-0.011084976921819993,-0.018038355693154456,0.6,0.0,-0.041839821101870726,0.02161013020866524
truth90_validation,T3,Linear,Dyn.contacts.observed_pocket.joint_occurrence_mae_lag_80.0ps,30,-0.2028637289182397,-0.18791883842144458,0.9,0.0,-0.2558365469299484,-0.14439304580102771
truth90_validation,T3,NeuralMD,Dyn.contacts.observed_pocket.joint_occurrence_mae_lag_80.0ps,30,-0.010348825518699143,-0.017205616423784695,0.6,0.0,-0.0395124286935763,0.023532372460770817
truth90_validation,T3,Linear,Dyn.contacts.observed_pocket.predicted_contact_fraction,30,0.1802553576484786,0.19568181818181818,0.2,0.0,0.1123397350799763,0.2453460524856284
truth90_validation,T3,NeuralMD,Dyn.contacts.observed_pocket.predicted_contact_fraction,30,-0.027645637553077283,-0.03161826599326595,0.7333333333333333,0.0,-0.05591933649077352,-0.002240933645797565
truth90_validation,T3,Linear,Dyn.contacts.observed_pocket.residues,30,0.0,0.0,0.0,1.0,0.0,0.0
truth90_validation,T3,NeuralMD,Dyn.contacts.observed_pocket.residues,30,0.0,0.0,0.0,1.0,0.0,0.0
truth90_validation,T3,Linear,Dyn.contacts.observed_pocket.true_contact_fraction,30,0.0,0.0,0.0,1.0,0.0,0.0
truth90_validation,T3,NeuralMD,Dyn.contacts.observed_pocket.true_contact_fraction,30,0.0,0.0,0.0,1.0,0.0,0.0
truth90_validation,T3,Linear,Dyn.contacts.retention.generated_right_censored_fraction,30,0.16697114203306157,0.17142857142857143,0.2,0.1,0.04215809744950611,0.3035188942536078
truth90_validation,T3,NeuralMD,Dyn.contacts.retention.generated_right_censored_fraction,30,-0.5333766212287884,-0.5555555555555556,0.9666666666666667,0.03333333333333333,-0.6178256062321464,-0.4468314562723425
truth90_validation,T3,Linear,Dyn.contacts.retention.generated_span_ps,30,163.18078970679593,183.0,0.4,0.0,-505.29826364553924,823.3565485609439
truth90_validation,T3,NeuralMD,Dyn.contacts.retention.generated_span_ps,30,-2709.1606478488834,-2504.9523809523807,0.9666666666666667,0.03333333333333333,-3208.614491129785,-2208.0358364866415
truth90_validation,T3,Linear,Dyn.contacts.retention.span_mae_ps,30,-965.7048986216167,-772.3076923076924,0.7333333333333333,0.0,-1363.925760684391,-550.1250906016935
truth90_validation,T3,NeuralMD,Dyn.contacts.retention.span_mae_ps,30,-1020.186320880129,-959.5098039215687,0.7,0.03333333333333333,-1505.4558550221711,-571.0830884526551
truth90_validation,T3,Linear,Dyn.contacts.retention.true_right_censored_fraction,30,0.0,0.0,0.0,1.0,0.0,0.0
truth90_validation,T3,NeuralMD,Dyn.contacts.retention.true_right_censored_fraction,30,0.0,0.0,0.0,1.0,0.0,0.0
truth90_validation,T3,Linear,Dyn.contacts.retention.true_span_ps,30,0.0,0.0,0.0,1.0,0.0,0.0
truth90_validation,T3,NeuralMD,Dyn.contacts.retention.true_span_ps,30,0.0,0.0,0.0,1.0,0.0,0.0
truth90_validation,T3,Linear,Dyn.correlations.160.0ps.absolute_error,30,-0.9485167188800252,-0.9457247403991763,1.0,0.0,-0.9704827313687034,-0.9270286870111212
truth90_validation,T3,NeuralMD,Dyn.correlations.160.0ps.absolute_error,30,-0.9483212679277548,-0.9454764574726717,1.0,0.0,-0.9703569654232898,-0.9261941983449065
truth90_validation,T3,Linear,Dyn.correlations.160.0ps.predicted,30,-0.9704118481602048,-0.9665148835770112,1.0,0.0,-0.9926387464878098,-0.9458641721858109
truth90_validation,T3,NeuralMD,Dyn.correlations.160.0ps.predicted,30,-0.9702163972079345,-0.9663782383990933,1.0,0.0,-0.9915656602148228,-0.9471881178236932
truth90_validation,T3,Linear,Dyn.correlations.160.0ps.truth,30,0.0,0.0,0.0,1.0,0.0,0.0
truth90_validation,T3,NeuralMD,Dyn.correlations.160.0ps.truth,30,0.0,0.0,0.0,1.0,0.0,0.0
truth90_validation,T3,Linear,Dyn.correlations.320.0ps.absolute_error,30,-0.9117530942414686,-0.9106524706819987,1.0,0.0,-0.9342304177174283,-0.887506316389115
truth90_validation,T3,NeuralMD,Dyn.correlations.320.0ps.absolute_error,30,-0.9114340723209796,-0.910384226175922,1.0,0.0,-0.9337901609623097,-0.8867785122085788
truth90_validation,T3,Linear,Dyn.correlations.320.0ps.predicted,30,-0.9542151109541812,-0.967581674499976,1.0,0.0,-0.9760459583276613,-0.9319736198404047
truth90_validation,T3,NeuralMD,Dyn.correlations.320.0ps.predicted,30,-0.9538960890336923,-0.967323978923816,1.0,0.0,-0.976306503923504,-0.9317111538690146
truth90_validation,T3,Linear,Dyn.correlations.320.0ps.truth,30,0.0,0.0,0.0,1.0,0.0,0.0
truth90_validation,T3,NeuralMD,Dyn.correlations.320.0ps.truth,30,0.0,0.0,0.0,1.0,0.0,0.0
truth90_validation,T3,Linear,Dyn.correlations.640.0ps.absolute_error,30,-0.9355907956965136,-0.9381689176635388,1.0,0.0,-0.9556411640355357,-0.9162349808327775
truth90_validation,T3,NeuralMD,Dyn.correlations.640.0ps.absolute_error,30,-0.9350178270778453,-0.937380727483826,1.0,0.0,-0.9543183953175532,-0.9147090405568791
truth90_validation,T3,Linear,Dyn.correlations.640.0ps.predicted,30,-0.9908354673197652,-0.9796182062291761,1.0,0.0,-1.0135451382104939,-0.9685322375831226
truth90_validation,T3,NeuralMD,Dyn.correlations.640.0ps.predicted,30,-0.9902624987010971,-0.9794176459159494,1.0,0.0,-1.013293645582327,-0.9683289381278558
truth90_validation,T3,Linear,Dyn.correlations.640.0ps.truth,30,0.0,0.0,0.0,1.0,0.0,0.0
truth90_validation,T3,NeuralMD,Dyn.correlations.640.0ps.truth,30,0.0,0.0,0.0,1.0,0.0,0.0
truth90_validation,T3,Linear,Dyn.correlations.80.0ps.absolute_error,30,-1.2781481126472505,-1.3074948365485195,1.0,0.0,-1.324626012123161,-1.2288609703291289
truth90_validation,T3,NeuralMD,Dyn.correlations.80.0ps.absolute_error,30,-1.2779738888760301,-1.3072801356952646,1.0,0.0,-1.3232167308609788,-1.2282081755287708
truth90_validation,T3,Linear,Dyn.correlations.80.0ps.predicted,30,-1.5097708618144265,-1.5097114651988206,1.0,0.0,-1.5233993043558594,-1.4973323386580997
truth90_validation,T3,NeuralMD,Dyn.correlations.80.0ps.predicted,30,-1.5095966380432064,-1.5094853820890444,1.0,0.0,-1.5222409390126206,-1.496970161249513
truth90_validation,T3,Linear,Dyn.correlations.80.0ps.truth,30,0.0,0.0,0.0,1.0,0.0,0.0
truth90_validation,T3,NeuralMD,Dyn.correlations.80.0ps.truth,30,0.0,0.0,0.0,1.0,0.0,0.0
truth90_validation,T3,Linear,Dyn.displacement_variogram,30,-0.05390135753827786,-0.05442606124377089,0.7333333333333333,0.0,-0.11432984634046131,0.0029940721409256305
truth90_validation,T3,NeuralMD,Dyn.displacement_variogram,30,-0.6579560217812168,-0.585638526781239,1.0,0.0,-0.7787073350439423,-0.5552376682650606
truth90_validation,T3,Linear,Dyn.ligand_torsions.correlation_160.0ps.defined_torsions,30,0.0,0.0,0.0,1.0,0.0,0.0
truth90_validation,T3,NeuralMD,Dyn.ligand_torsions.correlation_160.0ps.defined_torsions,30,0.0,0.0,0.0,1.0,0.0,0.0
truth90_validation,T3,Linear,Dyn.ligand_torsions.correlation_160.0ps.mae,30,-0.010470982490285967,-0.010273395050971239,0.8,0.0,-0.022028388165688122,0.0006314878785081188
truth90_validation,T3,NeuralMD,Dyn.ligand_torsions.correlation_160.0ps.mae,30,-0.011205043379549917,-0.010757027237420311,0.8333333333333334,0.0,-0.023732284825408085,0.00034364308148632716
truth90_validation,T3,Linear,Dyn.ligand_torsions.correlation_320.0ps.defined_torsions,30,0.0,0.0,0.0,1.0,0.0,0.0
truth90_validation,T3,NeuralMD,Dyn.ligand_torsions.correlation_320.0ps.defined_torsions,30,0.0,0.0,0.0,1.0,0.0,0.0
truth90_validation,T3,Linear,Dyn.ligand_torsions.correlation_320.0ps.mae,30,-0.008806311793556098,-0.008337705247788499,0.8,0.0,-0.021050691527305654,0.0029107114579573147
truth90_validation,T3,NeuralMD,Dyn.ligand_torsions.correlation_320.0ps.mae,30,-0.011223784875779352,-0.009772968693516203,0.8,0.0,-0.02476199157437195,0.00044687680877984347
truth90_validation,T3,Linear,Dyn.ligand_torsions.correlation_640.0ps.defined_torsions,30,0.0,0.0,0.0,1.0,0.0,0.0
truth90_validation,T3,NeuralMD,Dyn.ligand_torsions.correlation_640.0ps.defined_torsions,30,0.0,0.0,0.0,1.0,0.0,0.0
truth90_validation,T3,Linear,Dyn.ligand_torsions.correlation_640.0ps.mae,30,-0.006203842397970188,-0.004587924281282633,0.6666666666666666,0.0,-0.0174328139669558,0.00516858385122704
truth90_validation,T3,NeuralMD,Dyn.ligand_torsions.correlation_640.0ps.mae,30,-0.011573458623238669,-0.009416272416049202,0.8,0.0,-0.02428676849675899,0.0009159589693926516
truth90_validation,T3,Linear,Dyn.ligand_torsions.correlation_80.0ps.defined_torsions,30,0.0,0.0,0.0,1.0,0.0,0.0
truth90_validation,T3,NeuralMD,Dyn.ligand_torsions.correlation_80.0ps.defined_torsions,30,0.0,0.0,0.0,1.0,0.0,0.0
truth90_validation,T3,Linear,Dyn.ligand_torsions.correlation_80.0ps.mae,30,-0.008927305846531187,-0.009047089344199143,0.8333333333333334,0.0,-0.021507825036407118,0.003026044519365585
truth90_validation,T3,NeuralMD,Dyn.ligand_torsions.correlation_80.0ps.mae,30,-0.009128104380786213,-0.009077325457494366,0.8333333333333334,0.0,-0.02087818816173342,0.0024076511706956
truth90_validation,T3,Linear,Dyn.ligand_torsions.histogram_defined_torsions,30,0.0,0.0,0.0,1.0,0.0,0.0
truth90_validation,T3,NeuralMD,Dyn.ligand_torsions.histogram_defined_torsions,30,0.0,0.0,0.0,1.0,0.0,0.0
truth90_validation,T3,Linear,Dyn.ligand_torsions.histogram_js,30,-0.24673466275355185,-0.26507818315947695,1.0,0.0,-0.27831683741080226,-0.2124112476557613
truth90_validation,T3,NeuralMD,Dyn.ligand_torsions.histogram_js,30,-0.172141662511003,-0.16486324812743225,1.0,0.0,-0.19135958254682794,-0.15393982861995453
truth90_validation,T3,Linear,Dyn.ligand_torsions.invalid_fraction,30,0.0,0.0,0.0,1.0,0.0,0.0
truth90_validation,T3,NeuralMD,Dyn.ligand_torsions.invalid_fraction,30,0.0,0.0,0.0,1.0,0.0,0.0
truth90_validation,T3,Linear,Dyn.ligand_torsions.torsions,30,0.0,0.0,0.0,1.0,0.0,0.0
truth90_validation,T3,NeuralMD,Dyn.ligand_torsions.torsions,30,0.0,0.0,0.0,1.0,0.0,0.0
truth90_validation,T3,Linear,Dyn.ligand_torsions.true_invalid_fraction,30,0.0,0.0,0.0,1.0,0.0,0.0
truth90_validation,T3,NeuralMD,Dyn.ligand_torsions.true_invalid_fraction,30,0.0,0.0,0.0,1.0,0.0,0.0
truth90_validation,T3,Linear,Dyn.predicted_mean_atom_rmsf_angstrom,30,-6.495571999971642,-4.659797883909299,1.0,0.0,-8.977296741454477,-4.648653695930896
truth90_validation,T3,NeuralMD,Dyn.predicted_mean_atom_rmsf_angstrom,30,0.8142587283635946,0.6137558925977289,0.03333333333333333,0.0,0.5955630777438721,1.0840335011725217
truth90_validation,T3,Linear,Dyn.radius_of_gyration_w1_angstrom,30,-7.021763391737914,-4.200046529700452,1.0,0.0,-10.414243609348661,-4.413396121579603
truth90_validation,T3,NeuralMD,Dyn.radius_of_gyration_w1_angstrom,30,-0.015616838708672365,-0.0126392861830582,0.6,0.0,-0.04905599285636063,0.016955945862523403
truth90_validation,T3,Linear,Dyn.rmsd_final_angstrom,30,-26.040314625881553,-18.282275749271314,1.0,0.0,-36.95714783867896,-18.70512144399555
truth90_validation,T3,NeuralMD,Dyn.rmsd_final_angstrom,30,0.19563112561802504,0.26675877524476466,0.4,0.0,-0.13698503450021982,0.520951795390806
truth90_validation,T3,Linear,Dyn.rmsd_growth_angstrom,30,-26.07035088219013,-18.67847630239428,1.0,0.0,-35.89285710913859,-18.66583193020821
truth90_validation,T3,NeuralMD,Dyn.rmsd_growth_angstrom,30,0.04029030008517841,0.17800008520499194,0.43333333333333335,0.0,-0.2561857024683361,0.3426279326013696
truth90_validation,T3,Linear,Dyn.rmsd_time_average_angstrom,30,-12.846788242300075,-9.251076548871927,1.0,0.0,-18.292177696776125,-9.109749074469375
truth90_validation,T3,NeuralMD,Dyn.rmsd_time_average_angstrom,30,0.09362700343709093,0.15775260312039963,0.36666666666666664,0.0,-0.11571973217451433,0.3125811694848593
truth90_validation,T3,Linear,Dyn.rmsf_mae_angstrom,30,-5.359055653303673,-3.7779142133349994,1.0,0.0,-7.597861678272837,-3.6876498782320413
truth90_validation,T3,NeuralMD,Dyn.rmsf_mae_angstrom,30,-0.4891103878110389,-0.4326392802715237,0.9,0.0,-0.6859837575011969,-0.33265967051152395
truth90_validation,T3,Linear,Dyn.step_distribution_w1_angstrom,30,-0.32385123459471704,-0.42488952345948106,0.8666666666666667,0.0,-0.45142906859564325,-0.17098913551404213
truth90_validation,T3,NeuralMD,Dyn.step_distribution_w1_angstrom,30,-0.6073903295149283,-0.580175382217063,0.9666666666666667,0.0,-0.7428060450781571,-0.4718194936073424
truth90_validation,T3,Linear,Dyn.true_mean_atom_rmsf_angstrom,30,0.0,0.0,0.0,1.0,0.0,0.0
truth90_validation,T3,NeuralMD,Dyn.true_mean_atom_rmsf_angstrom,30,0.0,0.0,0.0,1.0,0.0,0.0
truth90_validation,T3,Linear,Geo.auc_angstrom_ps,30,-81191.70169133648,-58466.80378887057,1.0,0.0,-112522.42405062067,-58720.74262945091
truth90_validation,T3,NeuralMD,Geo.auc_angstrom_ps,30,591.7226617224148,996.9964517209264,0.36666666666666664,0.0,-727.8227855600234,2018.2014298970603
truth90_validation,T3,Linear,Geo.coordinate_energy_score_angstrom,30,-14.771026453842575,-10.471505833000597,1.0,0.0,-20.66006436040336,-10.45867133700845
truth90_validation,T3,NeuralMD,Geo.coordinate_energy_score_angstrom,30,0.11545884642584478,0.18774391334528584,0.36666666666666664,0.0,-0.08707637934586752,0.3347915150795413
truth90_validation,T3,Linear,Geo.final_rmsd_angstrom,30,-26.040314625881553,-18.282275749271314,1.0,0.0,-36.611093550168185,-18.70131596014835
truth90_validation,T3,NeuralMD,Geo.final_rmsd_angstrom,30,0.19563112561802504,0.26675877524476466,0.4,0.0,-0.10779320473213698,0.5020897061242248
truth90_validation,T3,Linear,Geo.mean_rmsd_angstrom,30,-12.848767629081156,-9.261534322206705,1.0,0.0,-17.97026542367652,-9.197896599243478
truth90_validation,T3,NeuralMD,Geo.mean_rmsd_angstrom,30,0.09465024058882024,0.16343894923840396,0.36666666666666664,0.0,-0.10629762153519358,0.31040266257660964
truth90_validation,T3,Linear,Motion.centre_displacement_vector_mae_angstrom,30,-9.312423140011727,-7.269885687832957,1.0,0.0,-13.458684915803753,-6.328504641396195
truth90_validation,T3,Linear,Motion.relative_displacement_amplitude_mae_angstrom,30,-11.05511514983785,-7.8651326168133,1.0,0.0,-15.472687828036495,-7.749159311651043
truth90_validation,T3,Linear,Phys.angle_mean_squared_excess,30,-0.1499975013643099,-0.1473035089447461,1.0,0.0,-0.16760178493559538,-0.1328923125179574
truth90_validation,T3,Linear,Phys.angle_violations,30,-37.47333333333333,-31.393750000000004,1.0,0.0,-46.60332291666668,-29.500864583333332
truth90_validation,T3,Linear,Phys.assessed_geometry_valid,30,0.3958333333333333,0.24375,0.0,0.3,0.2575,0.54875
truth90_validation,T3,Linear,Phys.bond_mean_squared_excess,30,-50.3676831309657,-34.99544588544839,1.0,0.0,-67.44069141976912,-34.16014162499486
truth90_validation,T3,Linear,Phys.bond_violations,30,-32.153333333333336,-27.4375,1.0,0.0,-40.03879166666667,-25.21747916666667
truth90_validation,T3,Linear,Phys.ligand_environment_overlap_violations,30,-5.062499999999998,-4.25,0.9666666666666667,0.03333333333333333,-6.434177083333332,-3.8102916666666675
truth90_validation,T3,Linear,Phys.ligand_self_overlap_violations,30,-0.16499999999999998,0.0,0.23333333333333334,0.7666666666666667,-0.31042708333333335,-0.047489583333333384
truth90_validation,T3,Linear,Phys.local_configuration_flips,30,-0.6129166666666667,-0.275,0.5666666666666667,0.3333333333333333,-0.9116666666666665,-0.3462500000000001
truth90_validation,T3,Linear,Phys.severe_overlap_mean_squared,30,-0.02436105431158808,-0.021237095139263414,0.9666666666666667,0.03333333333333333,-0.030682105908462806,-0.018249100743408277
truth90_validation,T3,Linear,Phys_common_heavy.angle_mean_squared_excess,30,-0.19650772859219767,-0.16878739872535584,1.0,0.0,-0.2633632164485156,-0.14811330841061923
truth90_validation,T3,NeuralMD,Phys_common_heavy.angle_mean_squared_excess,30,-0.002200109732442755,-0.00027119419713965995,0.9333333333333333,0.03333333333333333,-0.005493866300834384,-0.0003144351759138754
truth90_validation,T3,Linear,Phys_common_heavy.angle_violations,30,-17.748749999999998,-15.4875,1.0,0.0,-21.7655625,-14.162312500000002
truth90_validation,T3,NeuralMD,Phys_common_heavy.angle_violations,30,0.2883333333333336,-0.7125,0.6666666666666666,0.03333333333333333,-0.8658541666666665,1.890479166666667
truth90_validation,T3,Linear,Phys_common_heavy.assessed_geometry_valid,30,0.4066666666666667,0.25625,0.03333333333333333,0.2,0.2753958333333333,0.5475104166666666
truth90_validation,T3,NeuralMD,Phys_common_heavy.assessed_geometry_valid,30,0.24583333333333338,0.0625,0.36666666666666664,0.03333333333333333,0.12332291666666664,0.3758333333333333
truth90_validation,T3,Linear,Phys_common_heavy.bond_mean_squared_excess,30,-30.11640830205284,-8.12334697825734,1.0,0.0,-45.62371740478398,-16.97769595816533
truth90_validation,T3,NeuralMD,Phys_common_heavy.bond_mean_squared_excess,30,-0.0036163826450386336,-0.0007506364473293196,1.0,0.0,-0.006434591438718125,-0.0015040443389427456
truth90_validation,T3,Linear,Phys_common_heavy.bond_violations,30,-17.35666666666667,-14.7625,1.0,0.0,-21.413156249999997,-13.915177083333337
truth90_validation,T3,NeuralMD,Phys_common_heavy.bond_violations,30,-2.304166666666667,-2.4499999999999997,0.8,0.0,-3.6400208333333333,-0.8147083333333347
truth90_validation,T3,Linear,Phys_common_heavy.ligand_environment_overlap_violations,30,-5.062499999999998,-4.25,0.9666666666666667,0.03333333333333333,-6.406729166666667,-3.8046979166666683
truth90_validation,T3,NeuralMD,Phys_common_heavy.ligand_environment_overlap_violations,30,0.2558333333333333,0.00625,0.0,0.5,0.028322916666666663,0.6558645833333332
truth90_validation,T3,Linear,Phys_common_heavy.ligand_self_overlap_violations,30,-0.16499999999999998,0.0,0.23333333333333334,0.7666666666666667,-0.31753124999999993,-0.04457291666666672
truth90_validation,T3,NeuralMD,Phys_common_heavy.ligand_self_overlap_violations,30,0.0004166666666666667,0.0,0.0,0.9666666666666667,0.0,0.0012500000000000002
truth90_validation,T3,Linear,Phys_common_heavy.local_configuration_flips,30,0.0,0.0,0.0,1.0,0.0,0.0
truth90_validation,T3,NeuralMD,Phys_common_heavy.local_configuration_flips,30,0.0,0.0,0.0,1.0,0.0,0.0
truth90_validation,T3,Linear,Phys_common_heavy.severe_overlap_mean_squared,30,-0.024361053879885027,-0.021237095139263414,0.9666666666666667,0.03333333333333333,-0.030572556136791315,-0.018608508041854113
truth90_validation,T3,NeuralMD,Phys_common_heavy.severe_overlap_mean_squared,30,0.0003603736631640892,2.3849532182722994e-07,0.0,0.5,3.8053065227060525e-05,0.0009476445621352267
truth90_validation,T3,Linear,Phys_v2.assessed_tail_valid_frame_fraction,30,0.9054166666666668,0.98125,0.0,0.0,0.8358229166666666,0.9595833333333332
truth90_validation,T3,Linear,Phys_v2.bonded_distribution_comparison.angle.mean_wasserstein,30,-16.359768934220774,-17.043451396298053,1.0,0.0,-17.494171811024238,-15.057278909131293
truth90_validation,T3,Linear,Phys_v2.bonded_distribution_comparison.angle.predicted_constraint_variance_mean,30,-50.433071565697134,-53.854996887166514,0.8666666666666667,0.0,-63.90233913188937,-36.62397712625171
truth90_validation,T3,Linear,Phys_v2.bonded_distribution_comparison.angle.predicted_within_path_variance_mean,30,-50.433071565697134,-53.854996887166514,0.8666666666666667,0.0,-63.59026675380065,-36.61894832291719
truth90_validation,T3,Linear,Phys_v2.bonded_distribution_comparison.angle.reference_constraint_variance_mean,30,0.0,0.0,0.0,1.0,0.0,0.0
truth90_validation,T3,Linear,Phys_v2.bonded_distribution_comparison.bond.mean_wasserstein,30,-5.053894889026378,-3.848052452626818,1.0,0.0,-6.289120071694356,-3.8225734784568997
truth90_validation,T3,Linear,Phys_v2.bonded_distribution_comparison.bond.predicted_constraint_variance_mean,30,-19.36699136944699,-12.244360401926965,1.0,0.0,-26.63865379034549,-13.09550151389548
truth90_validation,T3,Linear,Phys_v2.bonded_distribution_comparison.bond.predicted_within_path_variance_mean,30,-19.36699136944699,-12.244360401926965,1.0,0.0,-25.82546575352385,-12.87266240102467
truth90_validation,T3,Linear,Phys_v2.bonded_distribution_comparison.bond.reference_constraint_variance_mean,30,0.0,0.0,0.0,1.0,0.0,0.0
truth90_validation,T3,Linear,Phys_v2.chemistry.checked_centres,30,0.0,0.0,0.0,1.0,0.0,0.0
truth90_validation,T3,Linear,Phys_v2.extra_mean_squared_severity.angle_degrees,30,-492.41274996465165,-483.5688945428243,1.0,0.0,-550.3077209048635,-434.43683751036474
truth90_validation,T3,Linear,Phys_v2.extra_mean_squared_severity.bond_relative,30,-50.3676831309657,-34.99544588544839,1.0,0.0,-67.71658826408432,-32.74952820123132
truth90_validation,T3,Linear,Phys_v2.extra_mean_squared_severity.environment_compression,30,-0.023985683216683488,-0.020970065083844636,0.9666666666666667,0.03333333333333333,-0.030221801697638894,-0.01795204973596165
truth90_validation,T3,Linear,Phys_v2.extra_mean_squared_severity.self_compression,30,-3.7928660081071955e-05,0.0,0.23333333333333334,0.7666666666666667,-7.640134244887456e-05,-9.137405069725686e-06
truth90_validation,T3,Linear,Phys_v2.families.angle_degrees.anomaly_frame_fraction,30,-0.8945833333333334,-0.9625,0.9666666666666667,0.03333333333333333,-0.9541666666666665,-0.8108229166666666
truth90_validation,T3,Linear,Phys_v2.families.angle_degrees.constraint_anomaly_fraction,30,-0.408813625133712,-0.4339260912698413,0.9666666666666667,0.03333333333333333,-0.4406783078961334,-0.37201169535844514
truth90_validation,T3,Linear,Phys_v2.families.angle_degrees.constraint_distribution.all.count,30,0.0,0.0,0.0,1.0,0.0,0.0
truth90_validation,T3,Linear,Phys_v2.families.angle_degrees.constraint_distribution.all.maximum,30,-72.57898926540791,-78.9930921364735,1.0,0.0,-79.38650905023671,-65.24325774206729
truth90_validation,T3,Linear,Phys_v2.families.angle_degrees.constraint_distribution.all.mean,30,-12.393382069128023,-12.574455415618047,1.0,0.0,-13.433769886233181,-11.286325886445624
truth90_validation,T3,Linear,Phys_v2.families.angle_degrees.constraint_distribution.all.p50,30,-4.011170747368613,-4.182433968084299,0.9,0.1,-5.186494821338996,-2.943833080388924
truth90_validation,T3,Linear,Phys_v2.families.angle_degrees.constraint_distribution.all.p90,30,-38.65866119915419,-38.63690715304949,1.0,0.0,-41.53328778780402,-35.00260144678567
truth90_validation,T3,Linear,Phys_v2.families.angle_degrees.constraint_distribution.all.p95,30,-51.129407086877016,-50.167558470608995,1.0,0.0,-55.106163947692934,-46.28295486418254
truth90_validation,T3,Linear,Phys_v2.families.angle_degrees.constraint_distribution.all.p99,30,-71.42536211659949,-74.8485927980594,1.0,0.0,-76.20574445843604,-65.84439595434776
truth90_validation,T3,Linear,Phys_v2.families.angle_degrees.constraint_distribution.positive.count,30,-2997.866666666667,-2511.5,1.0,0.0,-3715.9441666666667,-2360.9308333333333
truth90_validation,T3,Linear,Phys_v2.families.angle_degrees.constraint_distribution.positive.maximum,29,-71.91175516838828,-77.6868187570146,1.0,0.0,-78.67087327293727,-64.37564290824399
truth90_validation,T3,Linear,Phys_v2.families.angle_degrees.constraint_distribution.positive.mean,29,-20.681601074633942,-21.013941968879806,1.0,0.0,-22.093648563763008,-18.959926496723863
truth90_validation,T3,Linear,Phys_v2.families.angle_degrees.constraint_distribution.positive.p50,29,-15.363055027922163,-16.458450404160562,1.0,0.0,-16.816657572242683,-13.70465859922117
truth90_validation,T3,Linear,Phys_v2.families.angle_degrees.constraint_distribution.positive.p90,29,-46.64110061232964,-47.013637065076544,1.0,0.0,-50.34838509011195,-42.11802652507022
truth90_validation,T3,Linear,Phys_v2.families.angle_degrees.constraint_distribution.positive.p95,29,-57.32246367606679,-57.75345454505581,1.0,0.0,-62.10661820020586,-52.24222721487899
truth90_validation,T3,Linear,Phys_v2.families.angle_degrees.constraint_distribution.positive.p99,29,-72.51889537863312,-74.56578760586741,1.0,0.0,-77.54837569159805,-65.87660830674925
truth90_validation,T3,Linear,Phys_v2.families.angle_degrees.finite_mean_squared_severity,30,-492.4127499646517,-483.5688945428243,1.0,0.0,-549.3303129839586,-431.96213866029353
truth90_validation,T3,Linear,Phys_v2.families.angle_degrees.frame_maximum_distribution.all.count,30,0.0,0.0,0.0,1.0,0.0,0.0
truth90_validation,T3,Linear,Phys_v2.families.angle_degrees.frame_maximum_distribution.all.maximum,30,-72.57898926540791,-78.9930921364735,1.0,0.0,-79.11190241614706,-65.10534263695229
truth90_validation,T3,Linear,Phys_v2.families.angle_degrees.frame_maximum_distribution.all.mean,30,-63.45931539555987,-64.06934945838493,1.0,0.0,-68.06662918420392,-58.09351124630973
truth90_validation,T3,Linear,Phys_v2.families.angle_degrees.frame_maximum_distribution.all.p50,30,-71.61470974219573,-74.5655378694662,1.0,0.0,-76.60878515143277,-65.73866297761685
truth90_validation,T3,Linear,Phys_v2.families.angle_degrees.frame_maximum_distribution.all.p90,30,-78.74455845523086,-82.26666897848209,1.0,0.0,-84.32383854692831,-72.28447061441851
truth90_validation,T3,Linear,Phys_v2.families.angle_degrees.frame_maximum_distribution.all.p95,30,-77.42724723307695,-80.94573362687508,1.0,0.0,-82.89092077764255,-70.30517425960336
truth90_validation,T3,Linear,Phys_v2.families.angle_degrees.frame_maximum_distribution.all.p99,30,-73.86077917108425,-81.65301900110825,1.0,0.0,-79.99747793455097,-66.36920284610343
truth90_validation,T3,Linear,Phys_v2.families.angle_degrees.frame_maximum_distribution.positive.count,30,-34.266666666666666,-25.0,0.7666666666666667,0.16666666666666666,-45.6675,-23.89833333333334
truth90_validation,T3,Linear,Phys_v2.families.angle_degrees.frame_maximum_distribution.positive.maximum,29,-71.91175516838828,-77.6868187570146,1.0,0.0,-78.40552198570623,-64.28089988878388
truth90_validation,T3,Linear,Phys_v2.families.angle_degrees.frame_maximum_distribution.positive.mean,29,-63.156815133225166,-65.31884164989415,1.0,0.0,-67.63800998648155,-57.42198336213894
truth90_validation,T3,Linear,Phys_v2.families.angle_degrees.frame_maximum_distribution.positive.p50,29,-71.0530580818163,-74.85827494256414,1.0,0.0,-76.25584157145275,-64.78239500240599
truth90_validation,T3,Linear,Phys_v2.families.angle_degrees.frame_maximum_distribution.positive.p90,29,-77.93669400431482,-81.52300009357934,1.0,0.0,-83.20844525568657,-70.8565935653053
truth90_validation,T3,Linear,Phys_v2.families.angle_degrees.frame_maximum_distribution.positive.p95,29,-76.757874607543,-80.5945923689386,1.0,0.0,-81.96917407862213,-70.19406186864533
truth90_validation,T3,Linear,Phys_v2.families.angle_degrees.frame_maximum_distribution.positive.p99,29,-72.8064585094962,-77.56673690004864,1.0,0.0,-79.36809879696987,-65.34828514876726
truth90_validation,T3,Linear,Phys_v2.families.angle_degrees.threshold,30,0.0,0.0,0.0,1.0,0.0,0.0
truth90_validation,T3,Linear,Phys_v2.families.bond_relative.anomaly_frame_fraction,30,-0.9854166666666667,-1.0,1.0,0.0,-0.9962500000000001,-0.97
truth90_validation,T3,Linear,Phys_v2.families.bond_relative.constraint_anomaly_fraction,30,-0.9107260863622365,-0.9138782704723072,1.0,0.0,-0.93288591043331,-0.890005473660093
truth90_validation,T3,Linear,Phys_v2.families.bond_relative.constraint_distribution.all.count,30,0.0,0.0,0.0,1.0,0.0,0.0
truth90_validation,T3,Linear,Phys_v2.families.bond_relative.constraint_distribution.all.maximum,30,-25.855985903179146,-28.08936500235109,1.0,0.0,-30.3524276292925,-21.4790346681198
truth90_validation,T3,Linear,Phys_v2.families.bond_relative.constraint_distribution.all.mean,30,-4.076386676647078,-3.110453381449996,1.0,0.0,-5.096809618485589,-3.126091962947603
truth90_validation,T3,Linear,Phys_v2.families.bond_relative.constraint_distribution.all.p50,30,-2.6702128596933985,-1.358976045568704,1.0,0.0,-3.5775146505489017,-1.8179743055590345
truth90_validation,T3,Linear,Phys_v2.families.bond_relative.constraint_distribution.all.p90,30,-9.939436066643271,-7.707391183605283,1.0,0.0,-12.225110081459366,-7.770213666531347
truth90_validation,T3,Linear,Phys_v2.families.bond_relative.constraint_distribution.all.p95,30,-13.695203215699047,-14.889462870686932,1.0,0.0,-16.468727344175246,-11.079659676979073
truth90_validation,T3,Linear,Phys_v2.families.bond_relative.constraint_distribution.all.p99,30,-21.11392992440586,-23.634147535520043,1.0,0.0,-24.393441445366292,-17.624298130519833
truth90_validation,T3,Linear,Phys_v2.families.bond_relative.constraint_distribution.positive.count,30,-2572.266666666667,-2195.0,1.0,0.0,-3230.6433333333334,-2025.441666666667
truth90_validation,T3,Linear,Phys_v2.families.bond_relative.constraint_distribution.positive.maximum,28,-26.03666211278761,-28.08936500235109,1.0,0.0,-30.18715388477579,-21.560045359087812
truth90_validation,T3,Linear,Phys_v2.families.bond_relative.constraint_distribution.positive.mean,28,-4.15571366917201,-3.2681643923599557,1.0,0.0,-5.10415541446667,-3.2449127172245498
truth90_validation,T3,Linear,Phys_v2.families.bond_relative.constraint_distribution.positive.p50,28,-2.7382236261210946,-1.5046305376551499,1.0,0.0,-3.70024255459173,-1.9156332735020853
truth90_validation,T3,Linear,Phys_v2.families.bond_relative.constraint_distribution.positive.p90,28,-9.936914446911617,-8.613528552846972,1.0,0.0,-12.089818612893689,-7.8949078188239135
truth90_validation,T3,Linear,Phys_v2.families.bond_relative.constraint_distribution.positive.p95,28,-13.804639534008459,-15.237528977570813,1.0,0.0,-16.508951488411775,-11.16168269148632
truth90_validation,T3,Linear,Phys_v2.families.bond_relative.constraint_distribution.positive.p99,28,-21.306787517045898,-23.97580450233052,1.0,0.0,-24.770840592290263,-17.847921471405567
truth90_validation,T3,Linear,Phys_v2.families.bond_relative.finite_mean_squared_severity,30,-50.36768313096571,-34.9954458854484,1.0,0.0,-68.14097964915491,-33.71861046240377
truth90_validation,T3,Linear,Phys_v2.families.bond_relative.frame_maximum_distribution.all.count,30,0.0,0.0,0.0,1.0,0.0,0.0
truth90_validation,T3,Linear,Phys_v2.families.bond_relative.frame_maximum_distribution.all.maximum,30,-25.855985903179146,-28.08936500235109,1.0,0.0,-30.027163928376225,-21.38526610401285
truth90_validation,T3,Linear,Phys_v2.families.bond_relative.frame_maximum_distribution.all.mean,30,-12.974195118020681,-14.152984844431948,1.0,0.0,-15.117743619206218,-10.692886621009363
truth90_validation,T3,Linear,Phys_v2.families.bond_relative.frame_maximum_distribution.all.p50,30,-12.955490543059982,-14.146654345390399,1.0,0.0,-15.234555981317547,-10.648641349546395
truth90_validation,T3,Linear,Phys_v2.families.bond_relative.frame_maximum_distribution.all.p90,30,-23.279910258114572,-25.30252588424793,1.0,0.0,-27.151804206916328,-19.395465228710027
truth90_validation,T3,Linear,Phys_v2.families.bond_relative.frame_maximum_distribution.all.p95,30,-24.570233032381346,-26.696987883535243,1.0,0.0,-28.747850689810356,-20.4421474510875
truth90_validation,T3,Linear,Phys_v2.families.bond_relative.frame_maximum_distribution.all.p99,30,-25.599596978699324,-27.811351524900303,1.0,0.0,-29.731529227218402,-21.57976954014992
truth90_validation,T3,Linear,Phys_v2.families.bond_relative.frame_maximum_distribution.positive.count,30,-34.1,-23.0,0.7,0.3,-45.733333333333334,-22.230000000000018
truth90_validation,T3,Linear,Phys_v2.families.bond_relative.frame_maximum_distribution.positive.maximum,28,-26.03666211278761,-28.08936500235109,1.0,0.0,-30.27726190846429,-21.80072801078176
truth90_validation,T3,Linear,Phys_v2.families.bond_relative.frame_maximum_distribution.positive.mean,28,-13.07192759568998,-14.152682305727275,1.0,0.0,-15.340600445623219,-10.765215682691474
truth90_validation,T3,Linear,Phys_v2.families.bond_relative.frame_maximum_distribution.positive.p50,28,-13.05451899044944,-14.146216631276015,1.0,0.0,-15.359601307701114,-10.77101617480466
truth90_validation,T3,Linear,Phys_v2.families.bond_relative.frame_maximum_distribution.positive.p90,28,-23.44441607350431,-25.302322280201864,1.0,0.0,-27.328404377804038,-19.46927696885637
truth90_validation,T3,Linear,Phys_v2.families.bond_relative.frame_maximum_distribution.positive.p95,28,-24.74278682459656,-26.696655895922966,1.0,0.0,-28.83317729863699,-20.895880426398147
truth90_validation,T3,Linear,Phys_v2.families.bond_relative.frame_maximum_distribution.positive.p99,28,-25.77858493289164,-27.81108971708604,1.0,0.0,-30.069482898053955,-21.390315765581946
truth90_validation,T3,Linear,Phys_v2.families.bond_relative.threshold,30,0.0,0.0,0.0,1.0,0.0,0.0
truth90_validation,T3,Linear,Phys_v2.families.environment_compression.anomaly_frame_fraction,30,-0.7004166666666667,-0.81875,0.9666666666666667,0.03333333333333333,-0.7858749999999999,-0.6070833333333333
truth90_validation,T3,Linear,Phys_v2.families.environment_compression.constraint_anomaly_fraction,30,-8.846011317082752e-05,-7.625486386765096e-05,0.9666666666666667,0.03333333333333333,-0.00011741679092618735,-6.525843745032972e-05
truth90_validation,T3,Linear,Phys_v2.families.environment_compression.constraint_distribution.all.count,30,0.0,0.0,0.0,1.0,0.0,0.0
truth90_validation,T3,Linear,Phys_v2.families.environment_compression.constraint_distribution.all.maximum,30,-0.6450931892492557,-0.8220665684411528,0.9666666666666667,0.03333333333333333,-0.739094317456625,-0.5417122617101888
truth90_validation,T3,Linear,Phys_v2.families.environment_compression.constraint_distribution.all.mean,30,-2.125832464998864e-05,-1.787219254711642e-05,0.9666666666666667,0.03333333333333333,-2.8922702156408742e-05,-1.5699173284977415e-05
truth90_validation,T3,Linear,Phys_v2.families.environment_compression.constraint_distribution.all.p50,30,0.0,0.0,0.0,1.0,0.0,0.0
truth90_validation,T3,Linear,Phys_v2.families.environment_compression.constraint_distribution.all.p90,30,0.0,0.0,0.0,1.0,0.0,0.0
truth90_validation,T3,Linear,Phys_v2.families.environment_compression.constraint_distribution.all.p95,30,0.0,0.0,0.0,1.0,0.0,0.0
truth90_validation,T3,Linear,Phys_v2.families.environment_compression.constraint_distribution.all.p99,30,0.0,0.0,0.0,1.0,0.0,0.0
truth90_validation,T3,Linear,Phys_v2.families.environment_compression.constraint_distribution.positive.count,30,-405.0,-340.0,0.9666666666666667,0.03333333333333333,-514.1716666666666,-297.03000000000003
truth90_validation,T3,Linear,Phys_v2.families.environment_compression.constraint_distribution.positive.maximum,15,-0.49054038093887076,-0.5141555878629185,1.0,0.0,-0.6129858929653531,-0.36103436467683186
truth90_validation,T3,Linear,Phys_v2.families.environment_compression.constraint_distribution.positive.mean,15,-0.09948995954901388,-0.11858102484806694,0.9333333333333333,0.0,-0.13475496492517158,-0.06364443961655149
truth90_validation,T3,Linear,Phys_v2.families.environment_compression.constraint_distribution.positive.p50,15,-0.0818537683591781,-0.07367198046383132,0.9333333333333333,0.0,-0.11185498800136794,-0.05417773241386937
truth90_validation,T3,Linear,Phys_v2.families.environment_compression.constraint_distribution.positive.p90,15,-0.2549854997347854,-0.26625589578336606,0.9333333333333333,0.0,-0.3441641374041009,-0.1601760084137589
truth90_validation,T3,Linear,Phys_v2.families.environment_compression.constraint_distribution.positive.p95,15,-0.29871420685777406,-0.32341813331477554,0.8666666666666667,0.0,-0.39883132309183555,-0.18758965919920204
truth90_validation,T3,Linear,Phys_v2.families.environment_compression.constraint_distribution.positive.p99,15,-0.39037887726276455,-0.40658310403785447,1.0,0.0,-0.5081648760377444,-0.2704503969460335
truth90_validation,T3,Linear,Phys_v2.families.environment_compression.finite_mean_squared_severity,30,-0.023985683216683488,-0.020970065083844636,0.9666666666666667,0.03333333333333333,-0.03058390709821449,-0.01812207905216585
truth90_validation,T3,Linear,Phys_v2.families.environment_compression.frame_maximum_distribution.all.count,30,0.0,0.0,0.0,1.0,0.0,0.0
truth90_validation,T3,Linear,Phys_v2.families.environment_compression.frame_maximum_distribution.all.maximum,30,-0.6450931892492557,-0.8220665684411528,0.9666666666666667,0.03333333333333333,-0.7386062704007668,-0.5409047294545273
truth90_validation,T3,Linear,Phys_v2.families.environment_compression.frame_maximum_distribution.all.mean,30,-0.3423497107409135,-0.38087790019770273,0.9666666666666667,0.03333333333333333,-0.39349622750555163,-0.29201068149593973
truth90_validation,T3,Linear,Phys_v2.families.environment_compression.frame_maximum_distribution.all.p50,30,-0.3551852731793747,-0.3976696514659846,0.9,0.1,-0.41657043367433955,-0.2886306048773951
truth90_validation,T3,Linear,Phys_v2.families.environment_compression.frame_maximum_distribution.all.p90,30,-0.5734489212599228,-0.6299219868420344,0.9666666666666667,0.03333333333333333,-0.6479647239416388,-0.48807918710956
truth90_validation,T3,Linear,Phys_v2.families.environment_compression.frame_maximum_distribution.all.p95,30,-0.6194268811338388,-0.6651331848687303,0.9666666666666667,0.03333333333333333,-0.6965813292614448,-0.5340820229074277
truth90_validation,T3,Linear,Phys_v2.families.environment_compression.frame_maximum_distribution.all.p99,30,-0.6624581421829869,-0.7250169791272294,0.9666666666666667,0.03333333333333333,-0.7428307212846654,-0.5665431893840658
truth90_validation,T3,Linear,Phys_v2.families.environment_compression.frame_maximum_distribution.positive.count,30,-56.03333333333333,-65.5,0.9666666666666667,0.03333333333333333,-62.83416666666667,-48.36666666666667
truth90_validation,T3,Linear,Phys_v2.families.environment_compression.frame_maximum_distribution.positive.maximum,15,-0.49054038093887076,-0.5141555878629185,1.0,0.0,-0.6074867828575039,-0.3639079625199795
truth90_validation,T3,Linear,Phys_v2.families.environment_compression.frame_maximum_distribution.positive.mean,15,-0.30365263891989,-0.34034058934349504,0.9333333333333333,0.0,-0.3736436358251109,-0.22889333291682282
truth90_validation,T3,Linear,Phys_v2.families.environment_compression.frame_maximum_distribution.positive.p50,15,-0.33494019859496293,-0.3736258736742324,0.9333333333333333,0.0,-0.4107248640978358,-0.25006845021004637
truth90_validation,T3,Linear,Phys_v2.families.environment_compression.frame_maximum_distribution.positive.p90,15,-0.4091765221776754,-0.44344112218104637,1.0,0.0,-0.5195812367816814,-0.2909240805593546
truth90_validation,T3,Linear,Phys_v2.families.environment_compression.frame_maximum_distribution.positive.p95,15,-0.4230608129045285,-0.4764208705759445,1.0,0.0,-0.534196326015614,-0.3029861419388597
truth90_validation,T3,Linear,Phys_v2.families.environment_compression.frame_maximum_distribution.positive.p99,15,-0.47253207179818035,-0.5043919819537104,1.0,0.0,-0.5923311033173198,-0.3514247326332188
truth90_validation,T3,Linear,Phys_v2.families.environment_compression.threshold,30,0.0,0.0,0.0,1.0,0.0,0.0
truth90_validation,T3,Linear,Phys_v2.families.self_compression.anomaly_frame_fraction,30,-0.09291666666666668,0.0,0.23333333333333334,0.7666666666666667,-0.16586458333333337,-0.0333020833333335
truth90_validation,T3,Linear,Phys_v2.families.self_compression.constraint_anomaly_fraction,30,-0.0005966904898157376,0.0,0.23333333333333334,0.7666666666666667,-0.0011238803439936748,-0.00015142163989673862
truth90_validation,T3,Linear,Phys_v2.families.self_compression.constraint_distribution.all.count,30,0.0,0.0,0.0,1.0,0.0,0.0
truth90_validation,T3,Linear,Phys_v2.families.self_compression.constraint_distribution.all.maximum,30,-0.11254603850743425,0.0,0.23333333333333334,0.7666666666666667,-0.19832612453365686,-0.03944502933199748
truth90_validation,T3,Linear,Phys_v2.families.self_compression.constraint_distribution.all.mean,30,-0.00011709298264685016,0.0,0.23333333333333334,0.7666666666666667,-0.00023294346601512194,-2.908364903401454e-05
truth90_validation,T3,Linear,Phys_v2.families.self_compression.constraint_distribution.all.p50,30,0.0,0.0,0.0,1.0,0.0,0.0
truth90_validation,T3,Linear,Phys_v2.families.self_compression.constraint_distribution.all.p90,30,0.0,0.0,0.0,1.0,0.0,0.0
truth90_validation,T3,Linear,Phys_v2.families.self_compression.constraint_distribution.all.p95,30,0.0,0.0,0.0,1.0,0.0,0.0
truth90_validation,T3,Linear,Phys_v2.families.self_compression.constraint_distribution.all.p99,30,0.0,0.0,0.0,1.0,0.0,0.0
truth90_validation,T3,Linear,Phys_v2.families.self_compression.constraint_distribution.positive.count,30,-13.2,0.0,0.23333333333333334,0.7666666666666667,-25.467499999999998,-3.5658333333333383
truth90_validation,T3,Linear,Phys_v2.families.self_compression.constraint_distribution.positive.maximum,1,-0.5754643107512174,-0.5754643107512174,1.0,0.0,-0.5754643107512174,-0.5754643107512174
truth90_validation,T3,Linear,Phys_v2.families.self_compression.constraint_distribution.positive.mean,1,-0.14439354827654485,-0.14439354827654485,1.0,0.0,-0.14439354827654485,-0.14439354827654485
truth90_validation,T3,Linear,Phys_v2.families.self_compression.constraint_distribution.positive.p50,1,-0.1003371964218775,-0.1003371964218775,1.0,0.0,-0.1003371964218775,-0.1003371964218775
truth90_validation,T3,Linear,Phys_v2.families.self_compression.constraint_distribution.positive.p90,1,-0.3846155551887774,-0.3846155551887774,1.0,0.0,-0.3846155551887774,-0.3846155551887774
truth90_validation,T3,Linear,Phys_v2.families.self_compression.constraint_distribution.positive.p95,1,-0.48639903452584193,-0.48639903452584193,1.0,0.0,-0.48639903452584193,-0.48639903452584193
truth90_validation,T3,Linear,Phys_v2.families.self_compression.constraint_distribution.positive.p99,1,-0.5624398070310186,-0.5624398070310186,1.0,0.0,-0.5624398070310186,-0.5624398070310186
truth90_validation,T3,Linear,Phys_v2.families.self_compression.finite_mean_squared_severity,30,-3.7928660081071955e-05,0.0,0.23333333333333334,0.7666666666666667,-7.79698728426531e-05,-9.190465969850917e-06
truth90_validation,T3,Linear,Phys_v2.families.self_compression.frame_maximum_distribution.all.count,30,0.0,0.0,0.0,1.0,0.0,0.0
truth90_validation,T3,Linear,Phys_v2.families.self_compression.frame_maximum_distribution.all.maximum,30,-0.11254603850743425,0.0,0.23333333333333334,0.7666666666666667,-0.20337453123205418,-0.03863794341910732
truth90_validation,T3,Linear,Phys_v2.families.self_compression.frame_maximum_distribution.all.mean,30,-0.02463801646966851,0.0,0.23333333333333334,0.7666666666666667,-0.04650973184567143,-0.007951568929721521
truth90_validation,T3,Linear,Phys_v2.families.self_compression.frame_maximum_distribution.all.p50,30,-0.009174547394116767,0.0,0.06666666666666667,0.9333333333333333,-0.02356465012065793,0.0
truth90_validation,T3,Linear,Phys_v2.families.self_compression.frame_maximum_distribution.all.p90,30,-0.07948001745098764,0.0,0.23333333333333334,0.7666666666666667,-0.13856568680888778,-0.02421839665674332
truth90_validation,T3,Linear,Phys_v2.families.self_compression.frame_maximum_distribution.all.p95,30,-0.10230879850975458,0.0,0.23333333333333334,0.7666666666666667,-0.178401048568555,-0.03659920809789149
truth90_validation,T3,Linear,Phys_v2.families.self_compression.frame_maximum_distribution.all.p99,30,-0.11286376527877105,0.0,0.23333333333333334,0.7666666666666667,-0.2051812759924435,-0.03784755754946232
truth90_validation,T3,Linear,Phys_v2.families.self_compression.frame_maximum_distribution.positive.count,30,-7.433333333333334,0.0,0.23333333333333334,0.7666666666666667,-12.866666666666667,-2.6666666666666665
truth90_validation,T3,Linear,Phys_v2.families.self_compression.frame_maximum_distribution.positive.maximum,1,-0.5754643107512174,-0.5754643107512174,1.0,0.0,-0.5754643107512174,-0.5754643107512174
truth90_validation,T3,Linear,Phys_v2.families.self_compression.frame_maximum_distribution.positive.mean,1,-0.2104276528004796,-0.2104276528004796,1.0,0.0,-0.2104276528004796,-0.2104276528004796
truth90_validation,T3,Linear,Phys_v2.families.self_compression.frame_maximum_distribution.positive.p50,1,-0.15412656377178277,-0.15412656377178277,1.0,0.0,-0.15412656377178277,-0.15412656377178277
truth90_validation,T3,Linear,Phys_v2.families.self_compression.frame_maximum_distribution.positive.p90,1,-0.501555429424382,-0.501555429424382,1.0,0.0,-0.501555429424382,-0.501555429424382
truth90_validation,T3,Linear,Phys_v2.families.self_compression.frame_maximum_distribution.positive.p95,1,-0.537403076984283,-0.537403076984283,1.0,0.0,-0.537403076984283,-0.537403076984283
truth90_validation,T3,Linear,Phys_v2.families.self_compression.frame_maximum_distribution.positive.p99,1,-0.5698321257258876,-0.5698321257258876,1.0,0.0,-0.5698321257258876,-0.5698321257258876
truth90_validation,T3,Linear,Phys_v2.families.self_compression.threshold,30,0.0,0.0,0.0,1.0,0.0,0.0
truth90_validation,T3,Linear,Phys_v2.finite_frame_fraction,30,0.0,0.0,0.0,1.0,0.0,0.0
truth90_validation,T3,Linear,Phys_v2.fixed_environment_valid_frame_fraction,30,0.7004166666666667,0.81875,0.0,0.03333333333333333,0.60540625,0.7841770833333331
truth90_validation,T3,Linear,Phys_v2.heavy_atoms,30,0.0,0.0,0.0,1.0,0.0,0.0
truth90_validation,T3,Linear,Phys_v2.intramolecular_tail_valid_frame_fraction,30,0.9445833333333334,0.9875,0.0,0.0,0.8941666666666669,0.9829270833333335
truth90_validation,T3,Linear,Phys_v2.physical_excess_distributions.angle.all.count,30,0.0,0.0,0.0,1.0,0.0,0.0
truth90_validation,T3,Linear,Phys_v2.physical_excess_distributions.angle.all.maximum,30,-72.57898926540791,-78.9930921364735,1.0,0.0,-78.99456019544105,-65.0608922313152
truth90_validation,T3,Linear,Phys_v2.physical_excess_distributions.angle.all.mean,30,-12.393382069128023,-12.574455415618047,1.0,0.0,-13.425787564584397,-11.24434792329371
truth90_validation,T3,Linear,Phys_v2.physical_excess_distributions.angle.all.p50,30,-4.011170747368613,-4.182433968084299,0.9,0.1,-5.235165374491187,-2.9254753690041264
truth90_validation,T3,Linear,Phys_v2.physical_excess_distributions.angle.all.p90,30,-38.65866119915419,-38.63690715304949,1.0,0.0,-41.573053278285045,-35.053269594850924
truth90_validation,T3,Linear,Phys_v2.physical_excess_distributions.angle.all.p95,30,-51.129407086877016,-50.167558470608995,1.0,0.0,-55.190661368623026,-46.46968975190358
truth90_validation,T3,Linear,Phys_v2.physical_excess_distributions.angle.all.p99,30,-71.42536211659949,-74.8485927980594,1.0,0.0,-76.06944523043786,-65.47528240212334
truth90_validation,T3,Linear,Phys_v2.physical_excess_distributions.angle.positive.count,30,-2997.866666666667,-2511.5,1.0,0.0,-3712.3241666666668,-2341.098333333334
truth90_validation,T3,Linear,Phys_v2.physical_excess_distributions.angle.positive.maximum,29,-71.91175516838828,-77.6868187570146,1.0,0.0,-78.60239785592913,-64.26204849606376
truth90_validation,T3,Linear,Phys_v2.physical_excess_distributions.angle.positive.mean,29,-20.681601074633942,-21.013941968879806,1.0,0.0,-22.102776579317176,-18.818268906024205
truth90_validation,T3,Linear,Phys_v2.physical_excess_distributions.angle.positive.p50,29,-15.363055027922163,-16.458450404160562,1.0,0.0,-16.784505656267722,-13.877322178009953
truth90_validation,T3,Linear,Phys_v2.physical_excess_distributions.angle.positive.p90,29,-46.64110061232964,-47.013637065076544,1.0,0.0,-50.52821998953628,-42.4248590105346
truth90_validation,T3,Linear,Phys_v2.physical_excess_distributions.angle.positive.p95,29,-57.32246367606679,-57.75345454505581,1.0,0.0,-61.90538382667704,-51.91422273495679
truth90_validation,T3,Linear,Phys_v2.physical_excess_distributions.angle.positive.p99,29,-72.51889537863312,-74.56578760586741,1.0,0.0,-77.56707623341241,-66.14335160829155
truth90_validation,T3,Linear,Phys_v2.physical_excess_distributions.bond.all.count,30,0.0,0.0,0.0,1.0,0.0,0.0
truth90_validation,T3,Linear,Phys_v2.physical_excess_distributions.bond.all.maximum,30,-30.70208805047007,-30.389359010299295,1.0,0.0,-36.069071344340685,-25.279884991319243
truth90_validation,T3,Linear,Phys_v2.physical_excess_distributions.bond.all.mean,30,-5.027966705829261,-3.8227299723152735,1.0,0.0,-6.337956649351403,-3.7840169966707604
truth90_validation,T3,Linear,Phys_v2.physical_excess_distributions.bond.all.p50,30,-3.428019425813103,-1.7655819017451373,1.0,0.0,-4.584227779698994,-2.393804232356607
truth90_validation,T3,Linear,Phys_v2.physical_excess_distributions.bond.all.p90,30,-11.940412346641214,-9.303492132484658,1.0,0.0,-14.649071474600131,-9.369456488656184
truth90_validation,T3,Linear,Phys_v2.physical_excess_distributions.bond.all.p95,30,-16.308784627210798,-17.167120114577727,1.0,0.0,-19.678945411912398,-13.204148511420401
truth90_validation,T3,Linear,Phys_v2.physical_excess_distributions.bond.all.p99,30,-24.943777183502696,-26.34760161519353,1.0,0.0,-29.488394442469392,-20.344272347817522
truth90_validation,T3,Linear,Phys_v2.physical_excess_distributions.bond.positive.count,30,-2572.266666666667,-2195.0,1.0,0.0,-3193.314166666667,-2022.5191666666667
truth90_validation,T3,Linear,Phys_v2.physical_excess_distributions.bond.positive.maximum,28,-30.952818304666728,-30.389359010299295,1.0,0.0,-36.63952017291448,-25.17935778785559
truth90_validation,T3,Linear,Phys_v2.physical_excess_distributions.bond.positive.mean,28,-5.115184316415919,-4.005301049374134,1.0,0.0,-6.32300552789251,-3.9685801095432733
truth90_validation,T3,Linear,Phys_v2.physical_excess_distributions.bond.positive.p50,28,-3.5035884210082564,-1.9320179124716856,1.0,0.0,-4.664561958348369,-2.4591689374790335
truth90_validation,T3,Linear,Phys_v2.physical_excess_distributions.bond.positive.p90,28,-11.96132954599564,-10.208647526117115,1.0,0.0,-14.526988782822489,-9.4726531606882
truth90_validation,T3,Linear,Phys_v2.physical_excess_distributions.bond.positive.p95,28,-16.37298816330237,-17.876025689559235,1.0,0.0,-19.37035992243859,-13.463030830938264
truth90_validation,T3,Linear,Phys_v2.physical_excess_distributions.bond.positive.p99,28,-25.20928996808522,-26.562283044131608,1.0,0.0,-29.696804910075898,-20.56410176743349
truth90_validation,T3,Linear,Phys_v2.physical_excess_distributions.environment_depth_angstrom.all.count,30,0.0,0.0,0.0,1.0,0.0,0.0
truth90_validation,T3,Linear,Phys_v2.physical_excess_distributions.environment_depth_angstrom.all.maximum,30,-0.9764353738769282,-1.1579964304753065,0.9666666666666667,0.03333333333333333,-1.109595825942801,-0.8195925456611544
truth90_validation,T3,Linear,Phys_v2.physical_excess_distributions.environment_depth_angstrom.all.mean,30,-3.150237307848878e-05,-2.6483747159863944e-05,0.9666666666666667,0.03333333333333333,-4.245236758829215e-05,-2.3107997977884462e-05
truth90_validation,T3,Linear,Phys_v2.physical_excess_distributions.environment_depth_angstrom.all.p50,30,0.0,0.0,0.0,1.0,0.0,0.0
truth90_validation,T3,Linear,Phys_v2.physical_excess_distributions.environment_depth_angstrom.all.p90,30,0.0,0.0,0.0,1.0,0.0,0.0
truth90_validation,T3,Linear,Phys_v2.physical_excess_distributions.environment_depth_angstrom.all.p95,30,0.0,0.0,0.0,1.0,0.0,0.0
truth90_validation,T3,Linear,Phys_v2.physical_excess_distributions.environment_depth_angstrom.all.p99,30,0.0,0.0,0.0,1.0,0.0,0.0
truth90_validation,T3,Linear,Phys_v2.physical_excess_distributions.environment_depth_angstrom.positive.count,30,-405.0,-340.0,0.9666666666666667,0.03333333333333333,-510.81083333333333,-297.61916666666673
truth90_validation,T3,Linear,Phys_v2.physical_excess_distributions.environment_depth_angstrom.positive.maximum,15,-0.7762957826614996,-0.8191407819652271,1.0,0.0,-0.9522941380279492,-0.5915128151641141
truth90_validation,T3,Linear,Phys_v2.physical_excess_distributions.environment_depth_angstrom.positive.mean,15,-0.16885153072675532,-0.18905001209795896,1.0,0.0,-0.21753958263038742,-0.114675916195792
truth90_validation,T3,Linear,Phys_v2.physical_excess_distributions.environment_depth_angstrom.positive.p50,15,-0.13549279150977867,-0.1185689796663463,0.9333333333333333,0.0,-0.1782981377024831,-0.09285899295195811
truth90_validation,T3,Linear,Phys_v2.physical_excess_distributions.environment_depth_angstrom.positive.p90,15,-0.4211008629023757,-0.47962972484085103,0.9333333333333333,0.0,-0.5439460804158412,-0.28724712988776485
truth90_validation,T3,Linear,Phys_v2.physical_excess_distributions.environment_depth_angstrom.positive.p95,15,-0.49226958587697833,-0.5388092751890419,0.9333333333333333,0.0,-0.6391316186887225,-0.33536527984836084
truth90_validation,T3,Linear,Phys_v2.physical_excess_distributions.environment_depth_angstrom.positive.p99,15,-0.6389726267605997,-0.7310317833900069,1.0,0.0,-0.809164427658628,-0.4615389298315215
truth90_validation,T3,Linear,Phys_v2.physical_excess_distributions.self_depth_angstrom.all.count,30,0.0,0.0,0.0,1.0,0.0,0.0
truth90_validation,T3,Linear,Phys_v2.physical_excess_distributions.self_depth_angstrom.all.maximum,30,-0.17638704043630138,0.0,0.23333333333333334,0.7666666666666667,-0.3073640340112352,-0.05877645868511472
truth90_validation,T3,Linear,Phys_v2.physical_excess_distributions.self_depth_angstrom.all.mean,30,-0.0001785812282349612,0.0,0.23333333333333334,0.7666666666666667,-0.00035316638849264254,-4.56210875762503e-05
truth90_validation,T3,Linear,Phys_v2.physical_excess_distributions.self_depth_angstrom.all.p50,30,0.0,0.0,0.0,1.0,0.0,0.0
truth90_validation,T3,Linear,Phys_v2.physical_excess_distributions.self_depth_angstrom.all.p90,30,0.0,0.0,0.0,1.0,0.0,0.0
truth90_validation,T3,Linear,Phys_v2.physical_excess_distributions.self_depth_angstrom.all.p95,30,0.0,0.0,0.0,1.0,0.0,0.0
truth90_validation,T3,Linear,Phys_v2.physical_excess_distributions.self_depth_angstrom.all.p99,30,0.0,0.0,0.0,1.0,0.0,0.0
truth90_validation,T3,Linear,Phys_v2.physical_excess_distributions.self_depth_angstrom.positive.count,30,-13.2,0.0,0.23333333333333334,0.7666666666666667,-26.034166666666668,-3.3333333333333335
truth90_validation,T3,Linear,Phys_v2.physical_excess_distributions.self_depth_angstrom.positive.maximum,1,-0.8879557409783218,-0.8879557409783218,1.0,0.0,-0.8879557409783218,-0.8879557409783218
truth90_validation,T3,Linear,Phys_v2.physical_excess_distributions.self_depth_angstrom.positive.mean,1,-0.21886933280539667,-0.21886933280539667,1.0,0.0,-0.21886933280539667,-0.21886933280539667
truth90_validation,T3,Linear,Phys_v2.physical_excess_distributions.self_depth_angstrom.positive.p50,1,-0.15674490343582648,-0.15674490343582648,1.0,0.0,-0.15674490343582648,-0.15674490343582648
truth90_validation,T3,Linear,Phys_v2.physical_excess_distributions.self_depth_angstrom.positive.p90,1,-0.5978656325234127,-0.5978656325234127,1.0,0.0,-0.5978656325234127,-0.5978656325234127
truth90_validation,T3,Linear,Phys_v2.physical_excess_distributions.self_depth_angstrom.positive.p95,1,-0.7525765211157509,-0.7525765211157509,1.0,0.0,-0.7525765211157509,-0.7525765211157509
truth90_validation,T3,Linear,Phys_v2.physical_excess_distributions.self_depth_angstrom.positive.p99,1,-0.8681584953236196,-0.8681584953236196,1.0,0.0,-0.8681584953236196,-0.8681584953236196
truth90_validation,T3,Linear,Phys_v2.windows.early.valid_frame_fraction,30,0.9530864197530864,0.962962962962963,0.0,0.0,0.9234567901234567,0.9765432098765431
truth90_validation,T3,Linear,Phys_v2.windows.late.valid_frame_fraction,30,0.8705128205128205,1.0,0.0,0.0,0.7782051282051282,0.9487179487179487
truth90_validation,T3,Linear,Phys_v2.windows.middle.valid_frame_fraction,30,0.891358024691358,1.0,0.0,0.03333333333333333,0.791327160493827,0.9629629629629629
truth90_validation,T3,Linear,Phys_v2_common_heavy.assessed_tail_valid_frame_fraction,30,0.9125,0.96875,0.0,0.0,0.8566666666666666,0.9579166666666665
truth90_validation,T3,NeuralMD,Phys_v2_common_heavy.assessed_tail_valid_frame_fraction,30,0.5466666666666666,0.5375000000000001,0.0,0.0,0.4887500000000001,0.6024999999999999
truth90_validation,T3,Linear,Phys_v2_common_heavy.bonded_distribution_comparison.angle.mean_wasserstein,30,-18.879378308317353,-19.046025397190746,1.0,0.0,-22.152251710377868,-16.229807703517416
truth90_validation,T3,NeuralMD,Phys_v2_common_heavy.bonded_distribution_comparison.angle.mean_wasserstein,30,-0.8307467256462552,-0.46168875850493185,0.7,0.0,-1.478432463449878,-0.3362821567858387
truth90_validation,T3,Linear,Phys_v2_common_heavy.bonded_distribution_comparison.angle.predicted_constraint_variance_mean,30,-83.75846002166404,-87.97416789396779,0.9666666666666667,0.0,-104.39762695470006,-62.86928135158173
truth90_validation,T3,NeuralMD,Phys_v2_common_heavy.bonded_distribution_comparison.angle.predicted_constraint_variance_mean,30,22.915249512357242,24.0601955074559,0.06666666666666667,0.0,16.742063158745893,27.92765257124193
truth90_validation,T3,Linear,Phys_v2_common_heavy.bonded_distribution_comparison.angle.predicted_within_path_variance_mean,30,-83.75846002166404,-87.97416789396779,0.9666666666666667,0.0,-105.0071731653613,-64.07404212353268
truth90_validation,T3,NeuralMD,Phys_v2_common_heavy.bonded_distribution_comparison.angle.predicted_within_path_variance_mean,30,22.915249512357242,24.0601955074559,0.06666666666666667,0.0,16.38328108973879,28.15557730573957
truth90_validation,T3,Linear,Phys_v2_common_heavy.bonded_distribution_comparison.angle.reference_constraint_variance_mean,30,0.0,0.0,0.0,1.0,0.0,0.0
truth90_validation,T3,NeuralMD,Phys_v2_common_heavy.bonded_distribution_comparison.angle.reference_constraint_variance_mean,30,0.0,0.0,0.0,1.0,0.0,0.0
truth90_validation,T3,Linear,Phys_v2_common_heavy.bonded_distribution_comparison.bond.mean_wasserstein,30,-4.391341363935145,-2.5275430419828377,1.0,0.0,-5.800168522773579,-3.088533103404832
truth90_validation,T3,NeuralMD,Phys_v2_common_heavy.bonded_distribution_comparison.bond.mean_wasserstein,30,-0.031599766863799096,-0.024840744256952943,1.0,0.0,-0.04227423714641321,-0.022648116502675973
truth90_validation,T3,Linear,Phys_v2_common_heavy.bonded_distribution_comparison.bond.predicted_constraint_variance_mean,30,-16.45116789533301,-4.686041440624431,1.0,0.0,-24.148327017316774,-9.930125798466053
truth90_validation,T3,NeuralMD,Phys_v2_common_heavy.bonded_distribution_comparison.bond.predicted_constraint_variance_mean,30,-0.0007456969361858914,0.001341346259074234,0.2,0.0,-0.0037446362558915714,0.0011979741403738817
truth90_validation,T3,Linear,Phys_v2_common_heavy.bonded_distribution_comparison.bond.predicted_within_path_variance_mean,30,-16.45116789533301,-4.686041440624431,1.0,0.0,-24.121426577029432,-9.686260003588854
truth90_validation,T3,NeuralMD,Phys_v2_common_heavy.bonded_distribution_comparison.bond.predicted_within_path_variance_mean,30,-0.0007456969361858914,0.001341346259074234,0.2,0.0,-0.0036514641117676304,0.0012375347791299125
truth90_validation,T3,Linear,Phys_v2_common_heavy.bonded_distribution_comparison.bond.reference_constraint_variance_mean,30,0.0,0.0,0.0,1.0,0.0,0.0
truth90_validation,T3,NeuralMD,Phys_v2_common_heavy.bonded_distribution_comparison.bond.reference_constraint_variance_mean,30,0.0,0.0,0.0,1.0,0.0,0.0
truth90_validation,T3,Linear,Phys_v2_common_heavy.chemistry.checked_centres,30,0.0,0.0,0.0,1.0,0.0,0.0
truth90_validation,T3,NeuralMD,Phys_v2_common_heavy.chemistry.checked_centres,30,0.0,0.0,0.0,1.0,0.0,0.0
truth90_validation,T3,Linear,Phys_v2_common_heavy.extra_mean_squared_severity.angle_degrees,30,-645.0968192488509,-554.0963443375624,1.0,0.0,-870.7279644086908,-479.21345169589915
truth90_validation,T3,NeuralMD,Phys_v2_common_heavy.extra_mean_squared_severity.angle_degrees,30,-7.222534200385715,-0.8902780324564123,0.9333333333333333,0.03333333333333333,-18.097879847024114,-1.0345180114151433
truth90_validation,T3,Linear,Phys_v2_common_heavy.extra_mean_squared_severity.bond_relative,30,-30.116408302052832,-8.123346978257338,1.0,0.0,-45.66093783475084,-16.990542820249498
truth90_validation,T3,NeuralMD,Phys_v2_common_heavy.extra_mean_squared_severity.bond_relative,30,-0.0036163826450386336,-0.0007506364473293195,1.0,0.0,-0.006494253211232074,-0.0015137887562861087
truth90_validation,T3,Linear,Phys_v2_common_heavy.extra_mean_squared_severity.environment_compression,30,-0.023985682784980436,-0.020970065083844636,0.9666666666666667,0.03333333333333333,-0.030342939589194,-0.018091953525831393
truth90_validation,T3,NeuralMD,Phys_v2_common_heavy.extra_mean_squared_severity.environment_compression,30,0.0003603482635404106,2.3849532182722994e-07,0.0,0.5,3.862236494661289e-05,0.0009325915930773246
truth90_validation,T3,Linear,Phys_v2_common_heavy.extra_mean_squared_severity.self_compression,30,-3.7928660081071955e-05,0.0,0.23333333333333334,0.7666666666666667,-7.68350195412384e-05,-8.262485906959461e-06
truth90_validation,T3,NeuralMD,Phys_v2_common_heavy.extra_mean_squared_severity.self_compression,30,7.732654988839632e-10,0.0,0.0,0.9666666666666667,0.0,2.3197964966518896e-09
truth90_validation,T3,Linear,Phys_v2_common_heavy.families.angle_degrees.anomaly_frame_fraction,30,-0.9070833333333332,-0.9375,0.9666666666666667,0.03333333333333333,-0.9504270833333335,-0.8337187500000001
truth90_validation,T3,NeuralMD,Phys_v2_common_heavy.families.angle_degrees.anomaly_frame_fraction,30,-0.17041666666666666,-0.0625,0.5666666666666667,0.4,-0.25,-0.10291666666666668
truth90_validation,T3,Linear,Phys_v2_common_heavy.families.angle_degrees.constraint_anomaly_fraction,30,-0.4563856184466793,-0.444656862745098,0.9666666666666667,0.03333333333333333,-0.5085520188780882,-0.40347790967167696
truth90_validation,T3,NeuralMD,Phys_v2_common_heavy.families.angle_degrees.constraint_anomaly_fraction,30,-0.02325772655706866,-0.002269736842105263,0.5666666666666667,0.4,-0.050135916815275364,-0.004728961325589618
truth90_validation,T3,Linear,Phys_v2_common_heavy.families.angle_degrees.constraint_distribution.all.count,30,0.0,0.0,0.0,1.0,0.0,0.0
truth90_validation,T3,NeuralMD,Phys_v2_common_heavy.families.angle_degrees.constraint_distribution.all.count,30,0.0,0.0,0.0,1.0,0.0,0.0
truth90_validation,T3,Linear,Phys_v2_common_heavy.families.angle_degrees.constraint_distribution.all.maximum,30,-69.7668042202638,-73.7902392245808,1.0,0.0,-77.42374418389277,-62.18487984327037
truth90_validation,T3,NeuralMD,Phys_v2_common_heavy.families.angle_degrees.constraint_distribution.all.maximum,30,-2.9344782219925096,-6.684637229409141,0.8,0.03333333333333333,-7.749690047013709,2.5602896865504716
truth90_validation,T3,Linear,Phys_v2_common_heavy.families.angle_degrees.constraint_distribution.all.mean,30,-14.841769856621198,-14.763801194417734,1.0,0.0,-17.58823883650633,-12.383294699429635
truth90_validation,T3,NeuralMD,Phys_v2_common_heavy.families.angle_degrees.constraint_distribution.all.mean,30,-0.4959964498548787,-0.19569956975052175,0.9666666666666667,0.03333333333333333,-0.9978135991329977,-0.16885922754671687
truth90_validation,T3,Linear,Phys_v2_common_heavy.families.angle_degrees.constraint_distribution.all.p50,30,-7.228325481381319,-5.454552098225125,0.9666666666666667,0.03333333333333333,-10.730212772382309,-4.6483532624211135
truth90_validation,T3,NeuralMD,Phys_v2_common_heavy.families.angle_degrees.constraint_distribution.all.p50,30,0.0,0.0,0.0,1.0,0.0,0.0
truth90_validation,T3,Linear,Phys_v2_common_heavy.families.angle_degrees.constraint_distribution.all.p90,30,-41.745228295672206,-38.59704729536196,1.0,0.0,-47.516016069156215,-36.14279331783269
truth90_validation,T3,NeuralMD,Phys_v2_common_heavy.families.angle_degrees.constraint_distribution.all.p90,30,-1.2653324738469711,0.0,0.23333333333333334,0.6666666666666666,-3.0286094188710386,-0.06371804479938727
truth90_validation,T3,Linear,Phys_v2_common_heavy.families.angle_degrees.constraint_distribution.all.p95,30,-51.97557820072091,-49.27853950657537,1.0,0.0,-58.170818790776764,-45.419877817371585
truth90_validation,T3,NeuralMD,Phys_v2_common_heavy.families.angle_degrees.constraint_distribution.all.p95,30,-2.5229123262970115,-0.9786838110018062,0.7666666666666667,0.16666666666666666,-4.42709118160208,-1.1297214468827044
truth90_validation,T3,Linear,Phys_v2_common_heavy.families.angle_degrees.constraint_distribution.all.p99,30,-69.76768127859778,-71.58327114178078,1.0,0.0,-76.02382036130656,-62.29381870481129
truth90_validation,T3,NeuralMD,Phys_v2_common_heavy.families.angle_degrees.constraint_distribution.all.p99,30,-6.164226134429898,-5.277128385249993,0.9333333333333333,0.03333333333333333,-8.27302413121825,-4.365918896376646
truth90_validation,T3,Linear,Phys_v2_common_heavy.families.angle_degrees.constraint_distribution.positive.count,30,-1419.9,-1239.0,1.0,0.0,-1732.035,-1122.6475000000003
truth90_validation,T3,NeuralMD,Phys_v2_common_heavy.families.angle_degrees.constraint_distribution.positive.count,30,23.066666666666666,-57.0,0.6666666666666666,0.03333333333333333,-72.73416666666667,162.27083333333331
truth90_validation,T3,Linear,Phys_v2_common_heavy.families.angle_degrees.constraint_distribution.positive.maximum,28,-68.27014145020817,-72.53277764859848,1.0,0.0,-75.91869087799907,-60.1775352068484
truth90_validation,T3,NeuralMD,Phys_v2_common_heavy.families.angle_degrees.constraint_distribution.positive.maximum,28,-2.948746919951991,-6.90788911929762,0.8214285714285714,0.0,-8.003796365781316,3.126403185151318
truth90_validation,T3,Linear,Phys_v2_common_heavy.families.angle_degrees.constraint_distribution.positive.mean,28,-21.774183150728312,-21.768860260052424,1.0,0.0,-24.782897568489734,-18.697975869301906
truth90_validation,T3,NeuralMD,Phys_v2_common_heavy.families.angle_degrees.constraint_distribution.positive.mean,28,-3.1131902873033357,-2.5885926915858573,1.0,0.0,-4.124475954393931,-2.2558062045750265
truth90_validation,T3,Linear,Phys_v2_common_heavy.families.angle_degrees.constraint_distribution.positive.p50,28,-17.764743205372103,-17.330952852449236,1.0,0.0,-21.902519511094674,-14.296169871042423
truth90_validation,T3,NeuralMD,Phys_v2_common_heavy.families.angle_degrees.constraint_distribution.positive.p50,28,-2.6100752979547495,-1.9328154871947798,1.0,0.0,-3.677368703220233,-1.8293265658480051
truth90_validation,T3,Linear,Phys_v2_common_heavy.families.angle_degrees.constraint_distribution.positive.p90,28,-46.333462589254665,-43.77004067314028,1.0,0.0,-51.43580772230418,-40.41806004365213
truth90_validation,T3,NeuralMD,Phys_v2_common_heavy.families.angle_degrees.constraint_distribution.positive.p90,28,-6.948084210146777,-6.035589544120219,1.0,0.0,-8.912031231406877,-5.296480305121284
truth90_validation,T3,Linear,Phys_v2_common_heavy.families.angle_degrees.constraint_distribution.positive.p95,28,-56.927189073198825,-54.83229635731355,1.0,0.0,-62.81511578268407,-50.70716193597877
truth90_validation,T3,NeuralMD,Phys_v2_common_heavy.families.angle_degrees.constraint_distribution.positive.p95,28,-7.901563971550865,-6.9898921754534715,1.0,0.0,-9.964781904036666,-6.0660983106843736
truth90_validation,T3,Linear,Phys_v2_common_heavy.families.angle_degrees.constraint_distribution.positive.p99,28,-69.47915679704894,-73.87822096470288,1.0,0.0,-76.21297800883882,-61.98504836912184
truth90_validation,T3,NeuralMD,Phys_v2_common_heavy.families.angle_degrees.constraint_distribution.positive.p99,28,-8.203172555523306,-8.004096642283875,0.9642857142857143,0.0,-10.70841704674597,-5.597348020946602
truth90_validation,T3,Linear,Phys_v2_common_heavy.families.angle_degrees.finite_mean_squared_severity,30,-645.0968192488509,-554.0963443375622,1.0,0.0,-862.3459568554907,-477.01634058340466
truth90_validation,T3,NeuralMD,Phys_v2_common_heavy.families.angle_degrees.finite_mean_squared_severity,30,-7.222534200385715,-0.8902780324564123,0.9333333333333333,0.03333333333333333,-17.60730529995524,-1.0288896590655252
truth90_validation,T3,Linear,Phys_v2_common_heavy.families.angle_degrees.frame_maximum_distribution.all.count,30,0.0,0.0,0.0,1.0,0.0,0.0
truth90_validation,T3,NeuralMD,Phys_v2_common_heavy.families.angle_degrees.frame_maximum_distribution.all.count,30,0.0,0.0,0.0,1.0,0.0,0.0
truth90_validation,T3,Linear,Phys_v2_common_heavy.families.angle_degrees.frame_maximum_distribution.all.maximum,30,-69.7668042202638,-73.7902392245808,1.0,0.0,-76.82548467941142,-61.850383112661326
truth90_validation,T3,NeuralMD,Phys_v2_common_heavy.families.angle_degrees.frame_maximum_distribution.all.maximum,30,-2.9344782219925096,-6.684637229409141,0.8,0.03333333333333333,-7.736334763270994,2.592583009664953
truth90_validation,T3,Linear,Phys_v2_common_heavy.families.angle_degrees.frame_maximum_distribution.all.mean,30,-55.44063434980515,-55.16852985058304,1.0,0.0,-61.449866342363784,-48.951927645173924
truth90_validation,T3,NeuralMD,Phys_v2_common_heavy.families.angle_degrees.frame_maximum_distribution.all.mean,30,-3.0478910655722258,-2.4953521298472223,0.9333333333333333,0.03333333333333333,-4.145582751637452,-2.0369170873195857
truth90_validation,T3,Linear,Phys_v2_common_heavy.families.angle_degrees.frame_maximum_distribution.all.p50,30,-62.418109030498904,-62.57457600368737,1.0,0.0,-69.27990082359233,-55.28027407576679
truth90_validation,T3,NeuralMD,Phys_v2_common_heavy.families.angle_degrees.frame_maximum_distribution.all.p50,30,-2.6944821903536567,-1.6106641284972778,0.6,0.2,-4.0138796519695275,-1.567536761050503
truth90_validation,T3,Linear,Phys_v2_common_heavy.families.angle_degrees.frame_maximum_distribution.all.p90,30,-73.93359333153312,-78.53927438003518,1.0,0.0,-80.726372081759,-65.59944236696161
truth90_validation,T3,NeuralMD,Phys_v2_common_heavy.families.angle_degrees.frame_maximum_distribution.all.p90,30,-7.721344292727433,-6.853631884898499,0.9333333333333333,0.03333333333333333,-10.076170960923843,-5.448267270058013
truth90_validation,T3,Linear,Phys_v2_common_heavy.families.angle_degrees.frame_maximum_distribution.all.p95,30,-73.51650844514077,-77.68420137977336,1.0,0.0,-79.94038258246007,-65.90530016838225
truth90_validation,T3,NeuralMD,Phys_v2_common_heavy.families.angle_degrees.frame_maximum_distribution.all.p95,30,-6.907668556914301,-6.927468762204514,0.8666666666666667,0.03333333333333333,-9.357134911056662,-4.279794325086903
truth90_validation,T3,Linear,Phys_v2_common_heavy.families.angle_degrees.frame_maximum_distribution.all.p99,30,-71.2574495648554,-73.77839453782462,1.0,0.0,-78.11168852003591,-63.077389357966545
truth90_validation,T3,NeuralMD,Phys_v2_common_heavy.families.angle_degrees.frame_maximum_distribution.all.p99,30,-4.449317459389372,-6.731658154150011,0.8,0.03333333333333333,-8.1228666168221,-0.06343288078106843
truth90_validation,T3,Linear,Phys_v2_common_heavy.families.angle_degrees.frame_maximum_distribution.positive.count,30,-38.4,-30.0,0.8,0.13333333333333333,-48.634166666666665,-28.098333333333343
truth90_validation,T3,NeuralMD,Phys_v2_common_heavy.families.angle_degrees.frame_maximum_distribution.positive.count,30,-5.233333333333333,-0.5,0.5,0.03333333333333333,-15.968333333333334,5.100833333333329
truth90_validation,T3,Linear,Phys_v2_common_heavy.families.angle_degrees.frame_maximum_distribution.positive.maximum,28,-68.27014145020817,-72.53277764859848,1.0,0.0,-75.75605295265883,-59.89462701962971
truth90_validation,T3,NeuralMD,Phys_v2_common_heavy.families.angle_degrees.frame_maximum_distribution.positive.maximum,28,-2.948746919951991,-6.90788911929762,0.8214285714285714,0.0,-8.008637123076724,2.932302014767568
truth90_validation,T3,Linear,Phys_v2_common_heavy.families.angle_degrees.frame_maximum_distribution.positive.mean,28,-54.9760332583188,-55.838631597020914,1.0,0.0,-60.86356334650273,-48.51669157929834
truth90_validation,T3,NeuralMD,Phys_v2_common_heavy.families.angle_degrees.frame_maximum_distribution.positive.mean,28,-4.853988009793846,-4.309187944179818,1.0,0.0,-6.235545200467539,-3.622110539873664
truth90_validation,T3,Linear,Phys_v2_common_heavy.families.angle_degrees.frame_maximum_distribution.positive.p50,28,-61.490341227256316,-62.02475405757046,1.0,0.0,-68.21576475043508,-53.99859379078117
truth90_validation,T3,NeuralMD,Phys_v2_common_heavy.families.angle_degrees.frame_maximum_distribution.positive.p50,28,-5.294507159231881,-4.162472292897235,1.0,0.0,-6.748947097144145,-3.9837526356566864
truth90_validation,T3,Linear,Phys_v2_common_heavy.families.angle_degrees.frame_maximum_distribution.positive.p90,28,-72.76108423047903,-75.96096387290129,1.0,0.0,-79.49760666145158,-64.9635491015473
truth90_validation,T3,NeuralMD,Phys_v2_common_heavy.families.angle_degrees.frame_maximum_distribution.positive.p90,28,-8.602915110341856,-7.752218331194476,0.9642857142857143,0.0,-11.087674726998516,-6.424066835739069
truth90_validation,T3,Linear,Phys_v2_common_heavy.families.angle_degrees.frame_maximum_distribution.positive.p95,28,-72.07645269540156,-76.13895498290151,1.0,0.0,-78.54976513594713,-64.08434845326141
truth90_validation,T3,NeuralMD,Phys_v2_common_heavy.families.angle_degrees.frame_maximum_distribution.positive.p95,28,-7.2516649799611965,-7.556013990333035,0.8928571428571429,0.0,-9.996131642178815,-4.33261746204588
truth90_validation,T3,Linear,Phys_v2_common_heavy.families.angle_degrees.frame_maximum_distribution.positive.p99,28,-69.407603710235,-72.46332953624392,1.0,0.0,-76.33613616224206,-61.29869778967417
truth90_validation,T3,NeuralMD,Phys_v2_common_heavy.families.angle_degrees.frame_maximum_distribution.positive.p99,28,-4.1656612873790655,-6.901462884683405,0.8214285714285714,0.0,-8.570787299183795,0.7329879694127301
truth90_validation,T3,Linear,Phys_v2_common_heavy.families.angle_degrees.threshold,30,0.0,0.0,0.0,1.0,0.0,0.0
truth90_validation,T3,NeuralMD,Phys_v2_common_heavy.families.angle_degrees.threshold,30,0.0,0.0,0.0,1.0,0.0,0.0
truth90_validation,T3,Linear,Phys_v2_common_heavy.families.bond_relative.anomaly_frame_fraction,30,-0.97375,-0.98125,1.0,0.0,-0.9854270833333335,-0.9599999999999999
truth90_validation,T3,NeuralMD,Phys_v2_common_heavy.families.bond_relative.anomaly_frame_fraction,30,-0.6079166666666667,-0.6375,1.0,0.0,-0.6700104166666666,-0.5429166666666667
truth90_validation,T3,Linear,Phys_v2_common_heavy.families.bond_relative.constraint_anomaly_fraction,30,-0.876966210063037,-0.8808159232072276,1.0,0.0,-0.9067587523571187,-0.8460175234695195
truth90_validation,T3,NeuralMD,Phys_v2_common_heavy.families.bond_relative.constraint_anomaly_fraction,30,-0.13711710797920118,-0.11670285359801488,1.0,0.0,-0.17600400243376316,-0.10493027575458808
truth90_validation,T3,Linear,Phys_v2_common_heavy.families.bond_relative.constraint_distribution.all.count,30,0.0,0.0,0.0,1.0,0.0,0.0
truth90_validation,T3,NeuralMD,Phys_v2_common_heavy.families.bond_relative.constraint_distribution.all.count,30,0.0,0.0,0.0,1.0,0.0,0.0
truth90_validation,T3,Linear,Phys_v2_common_heavy.families.bond_relative.constraint_distribution.all.maximum,30,-16.542093586472927,-11.381781458492885,1.0,0.0,-20.966824518583987,-12.255420154907931
truth90_validation,T3,NeuralMD,Phys_v2_common_heavy.families.bond_relative.constraint_distribution.all.maximum,30,-0.27255355149620186,-0.14635986994869624,1.0,0.0,-0.3922724964788924,-0.1695570239351251
truth90_validation,T3,Linear,Phys_v2_common_heavy.families.bond_relative.constraint_distribution.all.mean,30,-3.0172145234898546,-1.7410991226904562,1.0,0.0,-3.9770895269613247,-2.1243619309291564
truth90_validation,T3,NeuralMD,Phys_v2_common_heavy.families.bond_relative.constraint_distribution.all.mean,30,-0.01734380833930719,-0.01155033406780362,1.0,0.0,-0.025642265527732765,-0.011127688023233847
truth90_validation,T3,Linear,Phys_v2_common_heavy.families.bond_relative.constraint_distribution.all.p50,30,-2.226963985289957,-1.0749357410405236,1.0,0.0,-3.0824388179645053,-1.4570138833945392
truth90_validation,T3,NeuralMD,Phys_v2_common_heavy.families.bond_relative.constraint_distribution.all.p50,30,-0.0011796031930801124,0.0,0.06666666666666667,0.9333333333333333,-0.0034350766274510096,0.0
truth90_validation,T3,Linear,Phys_v2_common_heavy.families.bond_relative.constraint_distribution.all.p90,30,-6.673839210961615,-4.118787332494079,1.0,0.0,-8.732941886398686,-4.909119122843733
truth90_validation,T3,NeuralMD,Phys_v2_common_heavy.families.bond_relative.constraint_distribution.all.p90,30,-0.05977933263419268,-0.04323928593931857,1.0,0.0,-0.08511555448581835,-0.04017297874225452
truth90_validation,T3,Linear,Phys_v2_common_heavy.families.bond_relative.constraint_distribution.all.p95,30,-9.223117707501734,-5.004041907974109,1.0,0.0,-11.926808273726936,-6.70826178295504
truth90_validation,T3,NeuralMD,Phys_v2_common_heavy.families.bond_relative.constraint_distribution.all.p95,30,-0.09088541555315888,-0.0641793467356854,1.0,0.0,-0.1215939344878258,-0.06424627029697424
truth90_validation,T3,Linear,Phys_v2_common_heavy.families.bond_relative.constraint_distribution.all.p99,30,-13.703262489927333,-9.817187126337632,1.0,0.0,-17.462651922520006,-10.086780531021093
truth90_validation,T3,NeuralMD,Phys_v2_common_heavy.families.bond_relative.constraint_distribution.all.p99,30,-0.18349822145282235,-0.11496545553547506,1.0,0.0,-0.2467938310599749,-0.1287913862122932
truth90_validation,T3,Linear,Phys_v2_common_heavy.families.bond_relative.constraint_distribution.positive.count,30,-1388.5333333333333,-1181.0,1.0,0.0,-1712.3233333333333,-1115.0000000000002
truth90_validation,T3,NeuralMD,Phys_v2_common_heavy.families.bond_relative.constraint_distribution.positive.count,30,-184.33333333333334,-196.0,0.8,0.0,-287.60833333333335,-65.79083333333338
truth90_validation,T3,Linear,Phys_v2_common_heavy.families.bond_relative.constraint_distribution.positive.maximum,28,-16.477429342824195,-11.381781458492885,1.0,0.0,-21.100536494267065,-12.231581936128872
truth90_validation,T3,NeuralMD,Phys_v2_common_heavy.families.bond_relative.constraint_distribution.positive.maximum,28,-0.28307544527815337,-0.14635986994869624,1.0,0.0,-0.41449887024842047,-0.1743803467763635
truth90_validation,T3,Linear,Phys_v2_common_heavy.families.bond_relative.constraint_distribution.positive.mean,28,-3.1284973485828416,-1.9357456560731507,1.0,0.0,-4.167014128099147,-2.2184510679819023
truth90_validation,T3,NeuralMD,Phys_v2_common_heavy.families.bond_relative.constraint_distribution.positive.mean,28,-0.052977033067025066,-0.038667863263292405,1.0,0.0,-0.06725933190348767,-0.04057387753782918
truth90_validation,T3,Linear,Phys_v2_common_heavy.families.bond_relative.constraint_distribution.positive.p50,28,-2.335945648106884,-1.201103509003877,1.0,0.0,-3.2060880786322494,-1.5781241899676055
truth90_validation,T3,NeuralMD,Phys_v2_common_heavy.families.bond_relative.constraint_distribution.positive.p50,28,-0.03643606128841743,-0.029560840448200877,1.0,0.0,-0.046077443164626364,-0.028766502824728438
truth90_validation,T3,Linear,Phys_v2_common_heavy.families.bond_relative.constraint_distribution.positive.p90,28,-6.833244716207695,-4.213372481011605,1.0,0.0,-8.980292574441092,-4.833819352336127
truth90_validation,T3,NeuralMD,Phys_v2_common_heavy.families.bond_relative.constraint_distribution.positive.p90,28,-0.11877857272499473,-0.08240031733639908,1.0,0.0,-0.1536977664244326,-0.0889645461849738
truth90_validation,T3,Linear,Phys_v2_common_heavy.families.bond_relative.constraint_distribution.positive.p95,28,-9.375106629848712,-5.09079644584548,1.0,0.0,-12.47638085237032,-6.72386113376017
truth90_validation,T3,NeuralMD,Phys_v2_common_heavy.families.bond_relative.constraint_distribution.positive.p95,28,-0.1674599135863124,-0.10097520569603476,1.0,0.0,-0.22399529999431136,-0.11894570910269638
truth90_validation,T3,Linear,Phys_v2_common_heavy.families.bond_relative.constraint_distribution.positive.p99,28,-13.672358900927632,-10.037055323965152,1.0,0.0,-17.41717399674013,-9.891352528405518
truth90_validation,T3,NeuralMD,Phys_v2_common_heavy.families.bond_relative.constraint_distribution.positive.p99,28,-0.24968881520817504,-0.13538202597181737,1.0,0.0,-0.35743951060476414,-0.16157226906156325
truth90_validation,T3,Linear,Phys_v2_common_heavy.families.bond_relative.finite_mean_squared_severity,30,-30.11640830205284,-8.123346978257338,1.0,0.0,-45.624002741601934,-16.97732895313492
truth90_validation,T3,NeuralMD,Phys_v2_common_heavy.families.bond_relative.finite_mean_squared_severity,30,-0.0036163826450386336,-0.0007506364473293195,1.0,0.0,-0.006345016196923385,-0.0014170710050675573
truth90_validation,T3,Linear,Phys_v2_common_heavy.families.bond_relative.frame_maximum_distribution.all.count,30,0.0,0.0,0.0,1.0,0.0,0.0
truth90_validation,T3,NeuralMD,Phys_v2_common_heavy.families.bond_relative.frame_maximum_distribution.all.count,30,0.0,0.0,0.0,1.0,0.0,0.0
truth90_validation,T3,Linear,Phys_v2_common_heavy.families.bond_relative.frame_maximum_distribution.all.maximum,30,-16.542093586472927,-11.381781458492885,1.0,0.0,-20.909686563712278,-12.519987344080064
truth90_validation,T3,NeuralMD,Phys_v2_common_heavy.families.bond_relative.frame_maximum_distribution.all.maximum,30,-0.27255355149620186,-0.14635986994869624,1.0,0.0,-0.3957966706738878,-0.16803221066465196
truth90_validation,T3,Linear,Phys_v2_common_heavy.families.bond_relative.frame_maximum_distribution.all.mean,30,-8.166311417531835,-5.486728247144425,1.0,0.0,-10.50969111974027,-6.073798078476982
truth90_validation,T3,NeuralMD,Phys_v2_common_heavy.families.bond_relative.frame_maximum_distribution.all.mean,30,-0.12022000022685796,-0.06118028168362659,1.0,0.0,-0.17586558172872954,-0.07314584574003379
truth90_validation,T3,Linear,Phys_v2_common_heavy.families.bond_relative.frame_maximum_distribution.all.p50,30,-8.122074659957907,-5.439099089655587,1.0,0.0,-10.404093762593828,-6.026743697644144
truth90_validation,T3,NeuralMD,Phys_v2_common_heavy.families.bond_relative.frame_maximum_distribution.all.p50,30,-0.11443178663144545,-0.05731786106369572,1.0,0.0,-0.16783601698868764,-0.06924400412665084
truth90_validation,T3,Linear,Phys_v2_common_heavy.families.bond_relative.frame_maximum_distribution.all.p90,30,-14.8597596994015,-10.190842734243974,1.0,0.0,-18.841686434078273,-11.183609101442284
truth90_validation,T3,NeuralMD,Phys_v2_common_heavy.families.bond_relative.frame_maximum_distribution.all.p90,30,-0.24442833562898844,-0.13231446409485714,1.0,0.0,-0.3558227311725485,-0.15647322862202662
truth90_validation,T3,Linear,Phys_v2_common_heavy.families.bond_relative.frame_maximum_distribution.all.p95,30,-15.703067644587287,-10.7864921099229,1.0,0.0,-20.04686873895306,-11.83010394591959
truth90_validation,T3,NeuralMD,Phys_v2_common_heavy.families.bond_relative.frame_maximum_distribution.all.p95,30,-0.26068637936873185,-0.14066043319287594,1.0,0.0,-0.3765548775573189,-0.16429446075373674
truth90_validation,T3,Linear,Phys_v2_common_heavy.families.bond_relative.frame_maximum_distribution.all.p99,30,-16.375063550809465,-11.262694733498364,1.0,0.0,-20.883492499736974,-12.355234034423793
truth90_validation,T3,NeuralMD,Phys_v2_common_heavy.families.bond_relative.frame_maximum_distribution.all.p99,30,-0.2709642018699336,-0.14703209258499744,1.0,0.0,-0.3908830968838665,-0.17078462502065414
truth90_validation,T3,Linear,Phys_v2_common_heavy.families.bond_relative.frame_maximum_distribution.positive.count,30,-36.0,-27.5,0.8,0.2,-46.634166666666665,-24.365833333333338
truth90_validation,T3,NeuralMD,Phys_v2_common_heavy.families.bond_relative.frame_maximum_distribution.positive.count,30,-22.933333333333334,-12.5,0.6333333333333333,0.0,-33.100833333333334,-13.3
truth90_validation,T3,Linear,Phys_v2_common_heavy.families.bond_relative.frame_maximum_distribution.positive.maximum,28,-16.477429342824195,-11.381781458492885,1.0,0.0,-21.164294574144566,-12.205550141391521
truth90_validation,T3,NeuralMD,Phys_v2_common_heavy.families.bond_relative.frame_maximum_distribution.positive.maximum,28,-0.28307544527815337,-0.14635986994869624,1.0,0.0,-0.4143785541446497,-0.1724885304614677
truth90_validation,T3,Linear,Phys_v2_common_heavy.families.bond_relative.frame_maximum_distribution.positive.mean,28,-8.152826980603754,-5.486362248645173,1.0,0.0,-10.442103636396254,-5.896062836911526
truth90_validation,T3,NeuralMD,Phys_v2_common_heavy.families.bond_relative.frame_maximum_distribution.positive.mean,28,-0.1394957066581747,-0.07120861908966697,1.0,0.0,-0.20124475498622985,-0.08673059120083512
truth90_validation,T3,Linear,Phys_v2_common_heavy.families.bond_relative.frame_maximum_distribution.positive.p50,28,-8.111226575428988,-5.438707506677259,1.0,0.0,-10.610141779605524,-5.924971492550444
truth90_validation,T3,NeuralMD,Phys_v2_common_heavy.families.bond_relative.frame_maximum_distribution.positive.p50,28,-0.13630414136664826,-0.07292030961642429,1.0,0.0,-0.1975245505967066,-0.08707926586548498
truth90_validation,T3,Linear,Phys_v2_common_heavy.families.bond_relative.frame_maximum_distribution.positive.p90,28,-14.805962135304382,-10.190239310825927,1.0,0.0,-18.985057238322923,-10.781652885986771
truth90_validation,T3,NeuralMD,Phys_v2_common_heavy.families.bond_relative.frame_maximum_distribution.positive.p90,28,-0.2575693101390134,-0.13375872510949574,1.0,0.0,-0.3714967859296922,-0.15937336733987276
truth90_validation,T3,Linear,Phys_v2_common_heavy.families.bond_relative.frame_maximum_distribution.positive.p95,28,-15.643769855243034,-10.785877683989284,1.0,0.0,-20.191878189173977,-11.459491496332626
truth90_validation,T3,NeuralMD,Phys_v2_common_heavy.families.bond_relative.frame_maximum_distribution.positive.p95,28,-0.2724612841904424,-0.14126791283640733,1.0,0.0,-0.39511167665217706,-0.16421178136262848
truth90_validation,T3,Linear,Phys_v2_common_heavy.families.bond_relative.frame_maximum_distribution.positive.p99,28,-16.311325698871272,-11.262608483343971,1.0,0.0,-20.813370027578582,-11.975832836029115
truth90_validation,T3,NeuralMD,Phys_v2_common_heavy.families.bond_relative.frame_maximum_distribution.positive.p99,28,-0.2815912414918896,-0.14688685349415553,1.0,0.0,-0.4073210536770311,-0.17075625847425605
truth90_validation,T3,Linear,Phys_v2_common_heavy.families.bond_relative.threshold,30,0.0,0.0,0.0,1.0,0.0,0.0
truth90_validation,T3,NeuralMD,Phys_v2_common_heavy.families.bond_relative.threshold,30,0.0,0.0,0.0,1.0,0.0,0.0
truth90_validation,T3,Linear,Phys_v2_common_heavy.families.environment_compression.anomaly_frame_fraction,30,-0.7004166666666667,-0.81875,0.9666666666666667,0.03333333333333333,-0.7846041666666667,-0.60790625
truth90_validation,T3,NeuralMD,Phys_v2_common_heavy.families.environment_compression.anomaly_frame_fraction,30,0.05791666666666668,0.00625,0.0,0.5,0.019572916666666666,0.10250000000000001
truth90_validation,T3,Linear,Phys_v2_common_heavy.families.environment_compression.constraint_anomaly_fraction,30,-8.846011317082752e-05,-7.625486386765096e-05,0.9666666666666667,0.03333333333333333,-0.00011792129165743332,-6.456194357761262e-05
truth90_validation,T3,NeuralMD,Phys_v2_common_heavy.families.environment_compression.constraint_anomaly_fraction,30,3.6565085433446952e-06,6.072382803011902e-08,0.0,0.5,3.9110507398221605e-07,9.346530673038824e-06
truth90_validation,T3,Linear,Phys_v2_common_heavy.families.environment_compression.constraint_distribution.all.count,30,0.0,0.0,0.0,1.0,0.0,0.0
truth90_validation,T3,NeuralMD,Phys_v2_common_heavy.families.environment_compression.constraint_distribution.all.count,30,0.0,0.0,0.0,1.0,0.0,0.0
truth90_validation,T3,Linear,Phys_v2_common_heavy.families.environment_compression.constraint_distribution.all.maximum,30,-0.6450923527337198,-0.8220665684411528,0.9666666666666667,0.03333333333333333,-0.7421618394756432,-0.5396566073552914
truth90_validation,T3,NeuralMD,Phys_v2_common_heavy.families.environment_compression.constraint_distribution.all.maximum,30,0.1755377891997914,0.01544329374930199,0.0,0.5,0.09058524021603212,0.2755445760666085
truth90_validation,T3,Linear,Phys_v2_common_heavy.families.environment_compression.constraint_distribution.all.mean,30,-2.1258324398444673e-05,-1.787219014879823e-05,0.9666666666666667,0.03333333333333333,-2.8681960081666585e-05,-1.5399586097558144e-05
truth90_validation,T3,NeuralMD,Phys_v2_common_heavy.families.environment_compression.constraint_distribution.all.mean,30,8.577037660723687e-07,1.875551827702452e-09,0.0,0.5,6.513363258412554e-08,2.147264213488646e-06
truth90_validation,T3,Linear,Phys_v2_common_heavy.families.environment_compression.constraint_distribution.all.p50,30,0.0,0.0,0.0,1.0,0.0,0.0
truth90_validation,T3,NeuralMD,Phys_v2_common_heavy.families.environment_compression.constraint_distribution.all.p50,30,0.0,0.0,0.0,1.0,0.0,0.0
truth90_validation,T3,Linear,Phys_v2_common_heavy.families.environment_compression.constraint_distribution.all.p90,30,0.0,0.0,0.0,1.0,0.0,0.0
truth90_validation,T3,NeuralMD,Phys_v2_common_heavy.families.environment_compression.constraint_distribution.all.p90,30,0.0,0.0,0.0,1.0,0.0,0.0
truth90_validation,T3,Linear,Phys_v2_common_heavy.families.environment_compression.constraint_distribution.all.p95,30,0.0,0.0,0.0,1.0,0.0,0.0
truth90_validation,T3,NeuralMD,Phys_v2_common_heavy.families.environment_compression.constraint_distribution.all.p95,30,0.0,0.0,0.0,1.0,0.0,0.0
truth90_validation,T3,Linear,Phys_v2_common_heavy.families.environment_compression.constraint_distribution.all.p99,30,0.0,0.0,0.0,1.0,0.0,0.0
truth90_validation,T3,NeuralMD,Phys_v2_common_heavy.families.environment_compression.constraint_distribution.all.p99,30,0.0,0.0,0.0,1.0,0.0,0.0
truth90_validation,T3,Linear,Phys_v2_common_heavy.families.environment_compression.constraint_distribution.positive.count,30,-405.0,-340.0,0.9666666666666667,0.03333333333333333,-509.21416666666664,-305.16583333333335
truth90_validation,T3,NeuralMD,Phys_v2_common_heavy.families.environment_compression.constraint_distribution.positive.count,30,20.466666666666665,0.5,0.0,0.5,2.1666666666666665,53.06833333333333
truth90_validation,T3,Linear,Phys_v2_common_heavy.families.environment_compression.constraint_distribution.positive.maximum,15,-0.4905387079077991,-0.5141555878629185,1.0,0.0,-0.61785696543389,-0.3694358799674119
truth90_validation,T3,Linear,Phys_v2_common_heavy.families.environment_compression.constraint_distribution.positive.mean,15,-0.09948935439122683,-0.11858102484806694,0.9333333333333333,0.0,-0.1382203902445816,-0.06403258975110798
truth90_validation,T3,Linear,Phys_v2_common_heavy.families.environment_compression.constraint_distribution.positive.p50,15,-0.0818537683591781,-0.07367198046383132,0.9333333333333333,0.0,-0.1119169317393601,-0.05193642267532668
truth90_validation,T3,Linear,Phys_v2_common_heavy.families.environment_compression.constraint_distribution.positive.p90,15,-0.2549842183228567,-0.26625589578336606,0.9333333333333333,0.0,-0.3416864701192127,-0.1621769088908502
truth90_validation,T3,Linear,Phys_v2_common_heavy.families.environment_compression.constraint_distribution.positive.p95,15,-0.2987127296362739,-0.32341813331477554,0.8666666666666667,0.0,-0.4011601544268585,-0.19515767607429121
truth90_validation,T3,Linear,Phys_v2_common_heavy.families.environment_compression.constraint_distribution.positive.p99,15,-0.3903772433936072,-0.40658310403785447,1.0,0.0,-0.5074459924769322,-0.2758674865949247
truth90_validation,T3,Linear,Phys_v2_common_heavy.families.environment_compression.finite_mean_squared_severity,30,-0.023985682784980436,-0.020970065083844636,0.9666666666666667,0.03333333333333333,-0.030162884367560743,-0.018123095319336365
truth90_validation,T3,NeuralMD,Phys_v2_common_heavy.families.environment_compression.finite_mean_squared_severity,30,0.0003603482635404106,2.3849532182722994e-07,0.0,0.5,4.18519759911792e-05,0.0009813226913296695
truth90_validation,T3,Linear,Phys_v2_common_heavy.families.environment_compression.frame_maximum_distribution.all.count,30,0.0,0.0,0.0,1.0,0.0,0.0
truth90_validation,T3,NeuralMD,Phys_v2_common_heavy.families.environment_compression.frame_maximum_distribution.all.count,30,0.0,0.0,0.0,1.0,0.0,0.0
truth90_validation,T3,Linear,Phys_v2_common_heavy.families.environment_compression.frame_maximum_distribution.all.maximum,30,-0.6450923527337198,-0.8220665684411528,0.9666666666666667,0.03333333333333333,-0.7381902574491632,-0.5404942451394438
truth90_validation,T3,NeuralMD,Phys_v2_common_heavy.families.environment_compression.frame_maximum_distribution.all.maximum,30,0.1755377891997914,0.01544329374930199,0.0,0.5,0.08365417907103065,0.2778409737490916
truth90_validation,T3,Linear,Phys_v2_common_heavy.families.environment_compression.frame_maximum_distribution.all.mean,30,-0.34234969761292616,-0.38087790019770273,0.9666666666666667,0.03333333333333333,-0.39416500168530433,-0.2883233899369368
truth90_validation,T3,NeuralMD,Phys_v2_common_heavy.families.environment_compression.frame_maximum_distribution.all.mean,30,0.01943169905927524,0.00019304117186627487,0.0,0.5,0.0033459795993313482,0.04659907014029148
truth90_validation,T3,Linear,Phys_v2_common_heavy.families.environment_compression.frame_maximum_distribution.all.p50,30,-0.3551852731793747,-0.3976696514659846,0.9,0.1,-0.4180532266045154,-0.29375993881446305
truth90_validation,T3,NeuralMD,Phys_v2_common_heavy.families.environment_compression.frame_maximum_distribution.all.p50,30,0.013341923084661393,0.0,0.0,0.9666666666666667,0.0,0.04002576925398418
truth90_validation,T3,Linear,Phys_v2_common_heavy.families.environment_compression.frame_maximum_distribution.all.p90,30,-0.5734489212599228,-0.6299219868420344,0.9666666666666667,0.03333333333333333,-0.6507535314951178,-0.48724123486164184
truth90_validation,T3,NeuralMD,Phys_v2_common_heavy.families.environment_compression.frame_maximum_distribution.all.p90,30,0.04982032431534369,0.0,0.0,0.8333333333333334,0.006847363564223653,0.10897560232548674
truth90_validation,T3,Linear,Phys_v2_common_heavy.families.environment_compression.frame_maximum_distribution.all.p95,30,-0.6194268704476661,-0.6651331848687303,0.9666666666666667,0.03333333333333333,-0.6941033221018934,-0.5355672979330777
truth90_validation,T3,NeuralMD,Phys_v2_common_heavy.families.environment_compression.frame_maximum_distribution.all.p95,30,0.0704270531850369,0.0,0.0,0.7666666666666667,0.01496505954103158,0.1423099625126859
truth90_validation,T3,Linear,Phys_v2_common_heavy.families.environment_compression.frame_maximum_distribution.all.p99,30,-0.6624579665147243,-0.7250169791272294,0.9666666666666667,0.03333333333333333,-0.7442220128601098,-0.5698495259816871
truth90_validation,T3,NeuralMD,Phys_v2_common_heavy.families.environment_compression.frame_maximum_distribution.all.p99,30,0.12307848389176737,0.0032430916873533214,0.0,0.5,0.0531386882695677,0.2116339669304367
truth90_validation,T3,Linear,Phys_v2_common_heavy.families.environment_compression.frame_maximum_distribution.positive.count,30,-56.03333333333333,-65.5,0.9666666666666667,0.03333333333333333,-62.93416666666666,-48.032500000000006
truth90_validation,T3,NeuralMD,Phys_v2_common_heavy.families.environment_compression.frame_maximum_distribution.positive.count,30,4.633333333333334,0.5,0.0,0.5,1.6333333333333333,8.80083333333333
truth90_validation,T3,Linear,Phys_v2_common_heavy.families.environment_compression.frame_maximum_distribution.positive.maximum,15,-0.4905387079077991,-0.5141555878629185,1.0,0.0,-0.6127550970614436,-0.36566076065034225
truth90_validation,T3,Linear,Phys_v2_common_heavy.families.environment_compression.frame_maximum_distribution.positive.mean,15,-0.3036520337621029,-0.34034058934349504,0.9333333333333333,0.0,-0.37101446193146803,-0.22789328293037758
truth90_validation,T3,Linear,Phys_v2_common_heavy.families.environment_compression.frame_maximum_distribution.positive.p50,15,-0.33494019859496293,-0.3736258736742324,0.9333333333333333,0.0,-0.40854480998702125,-0.25416849010629283
truth90_validation,T3,Linear,Phys_v2_common_heavy.families.environment_compression.frame_maximum_distribution.positive.p90,15,-0.40917524076574663,-0.44344112218104637,1.0,0.0,-0.5218677772014038,-0.29642833785488737
truth90_validation,T3,Linear,Phys_v2_common_heavy.families.environment_compression.frame_maximum_distribution.positive.p95,15,-0.42305933568302834,-0.4764208705759445,1.0,0.0,-0.5444826804682109,-0.30039680491557413
truth90_validation,T3,Linear,Phys_v2_common_heavy.families.environment_compression.frame_maximum_distribution.positive.p99,15,-0.47253043792902294,-0.5043919819537104,1.0,0.0,-0.590679125545988,-0.346518966689963
truth90_validation,T3,Linear,Phys_v2_common_heavy.families.environment_compression.threshold,30,0.0,0.0,0.0,1.0,0.0,0.0
truth90_validation,T3,NeuralMD,Phys_v2_common_heavy.families.environment_compression.threshold,30,0.0,0.0,0.0,1.0,0.0,0.0
truth90_validation,T3,Linear,Phys_v2_common_heavy.families.self_compression.anomaly_frame_fraction,30,-0.09291666666666668,0.0,0.23333333333333334,0.7666666666666667,-0.1650104166666667,-0.029583333333333333
truth90_validation,T3,NeuralMD,Phys_v2_common_heavy.families.self_compression.anomaly_frame_fraction,30,0.0004166666666666667,0.0,0.0,0.9666666666666667,0.0,0.0012500000000000002
truth90_validation,T3,Linear,Phys_v2_common_heavy.families.self_compression.constraint_anomaly_fraction,30,-0.0005966904898157376,0.0,0.23333333333333334,0.7666666666666667,-0.0011336164025305263,-0.0001383656668309882
truth90_validation,T3,NeuralMD,Phys_v2_common_heavy.families.self_compression.constraint_anomaly_fraction,30,1.7618040873854825e-07,0.0,0.0,0.9666666666666667,0.0,5.285412262156448e-07
truth90_validation,T3,Linear,Phys_v2_common_heavy.families.self_compression.constraint_distribution.all.count,30,0.0,0.0,0.0,1.0,0.0,0.0
truth90_validation,T3,NeuralMD,Phys_v2_common_heavy.families.self_compression.constraint_distribution.all.count,30,0.0,0.0,0.0,1.0,0.0,0.0
truth90_validation,T3,Linear,Phys_v2_common_heavy.families.self_compression.constraint_distribution.all.maximum,30,-0.11254603850743425,0.0,0.23333333333333334,0.7666666666666667,-0.1978959647688698,-0.036117220298402516
truth90_validation,T3,NeuralMD,Phys_v2_common_heavy.families.self_compression.constraint_distribution.all.maximum,30,0.002208331439411861,0.0,0.0,0.9666666666666667,0.0,0.006624994318235583
truth90_validation,T3,Linear,Phys_v2_common_heavy.families.self_compression.constraint_distribution.all.mean,30,-0.00011709298264685016,0.0,0.23333333333333334,0.7666666666666667,-0.00022720491104050243,-3.5150733087566346e-05
truth90_validation,T3,NeuralMD,Phys_v2_common_heavy.families.self_compression.constraint_distribution.all.mean,30,1.167194206877305e-08,0.0,0.0,0.9666666666666667,0.0,3.501582620631915e-08
truth90_validation,T3,Linear,Phys_v2_common_heavy.families.self_compression.constraint_distribution.all.p50,30,0.0,0.0,0.0,1.0,0.0,0.0
truth90_validation,T3,NeuralMD,Phys_v2_common_heavy.families.self_compression.constraint_distribution.all.p50,30,0.0,0.0,0.0,1.0,0.0,0.0
truth90_validation,T3,Linear,Phys_v2_common_heavy.families.self_compression.constraint_distribution.all.p90,30,0.0,0.0,0.0,1.0,0.0,0.0
truth90_validation,T3,NeuralMD,Phys_v2_common_heavy.families.self_compression.constraint_distribution.all.p90,30,0.0,0.0,0.0,1.0,0.0,0.0
truth90_validation,T3,Linear,Phys_v2_common_heavy.families.self_compression.constraint_distribution.all.p95,30,0.0,0.0,0.0,1.0,0.0,0.0
truth90_validation,T3,NeuralMD,Phys_v2_common_heavy.families.self_compression.constraint_distribution.all.p95,30,0.0,0.0,0.0,1.0,0.0,0.0
truth90_validation,T3,Linear,Phys_v2_common_heavy.families.self_compression.constraint_distribution.all.p99,30,0.0,0.0,0.0,1.0,0.0,0.0
truth90_validation,T3,NeuralMD,Phys_v2_common_heavy.families.self_compression.constraint_distribution.all.p99,30,0.0,0.0,0.0,1.0,0.0,0.0
truth90_validation,T3,Linear,Phys_v2_common_heavy.families.self_compression.constraint_distribution.positive.count,30,-13.2,0.0,0.23333333333333334,0.7666666666666667,-25.500833333333333,-3.5658333333333383
truth90_validation,T3,NeuralMD,Phys_v2_common_heavy.families.self_compression.constraint_distribution.positive.count,30,0.03333333333333333,0.0,0.0,0.9666666666666667,0.0,0.1
truth90_validation,T3,Linear,Phys_v2_common_heavy.families.self_compression.constraint_distribution.positive.maximum,1,-0.5754643107512174,-0.5754643107512174,1.0,0.0,-0.5754643107512174,-0.5754643107512174
truth90_validation,T3,Linear,Phys_v2_common_heavy.families.self_compression.constraint_distribution.positive.mean,1,-0.14439354827654485,-0.14439354827654485,1.0,0.0,-0.14439354827654485,-0.14439354827654485
truth90_validation,T3,Linear,Phys_v2_common_heavy.families.self_compression.constraint_distribution.positive.p50,1,-0.1003371964218775,-0.1003371964218775,1.0,0.0,-0.1003371964218775,-0.1003371964218775
truth90_validation,T3,Linear,Phys_v2_common_heavy.families.self_compression.constraint_distribution.positive.p90,1,-0.3846155551887774,-0.3846155551887774,1.0,0.0,-0.3846155551887774,-0.3846155551887774
truth90_validation,T3,Linear,Phys_v2_common_heavy.families.self_compression.constraint_distribution.positive.p95,1,-0.48639903452584193,-0.48639903452584193,1.0,0.0,-0.48639903452584193,-0.48639903452584193
truth90_validation,T3,Linear,Phys_v2_common_heavy.families.self_compression.constraint_distribution.positive.p99,1,-0.5624398070310186,-0.5624398070310186,1.0,0.0,-0.5624398070310186,-0.5624398070310186
truth90_validation,T3,Linear,Phys_v2_common_heavy.families.self_compression.finite_mean_squared_severity,30,-3.7928660081071955e-05,0.0,0.23333333333333334,0.7666666666666667,-7.751256480486447e-05,-8.34409005369498e-06
truth90_validation,T3,NeuralMD,Phys_v2_common_heavy.families.self_compression.finite_mean_squared_severity,30,7.732654988839632e-10,0.0,0.0,0.9666666666666667,0.0,2.3197964966518896e-09
truth90_validation,T3,Linear,Phys_v2_common_heavy.families.self_compression.frame_maximum_distribution.all.count,30,0.0,0.0,0.0,1.0,0.0,0.0
truth90_validation,T3,NeuralMD,Phys_v2_common_heavy.families.self_compression.frame_maximum_distribution.all.count,30,0.0,0.0,0.0,1.0,0.0,0.0
truth90_validation,T3,Linear,Phys_v2_common_heavy.families.self_compression.frame_maximum_distribution.all.maximum,30,-0.11254603850743425,0.0,0.23333333333333334,0.7666666666666667,-0.1999055506093458,-0.036406546719966876
truth90_validation,T3,NeuralMD,Phys_v2_common_heavy.families.self_compression.frame_maximum_distribution.all.maximum,30,0.002208331439411861,0.0,0.0,0.9666666666666667,0.0,0.006624994318235583
truth90_validation,T3,Linear,Phys_v2_common_heavy.families.self_compression.frame_maximum_distribution.all.mean,30,-0.02463801646966851,0.0,0.23333333333333334,0.7666666666666667,-0.0462483043050677,-0.007907525327968002
truth90_validation,T3,NeuralMD,Phys_v2_common_heavy.families.self_compression.frame_maximum_distribution.all.mean,30,2.7604142992648262e-05,0.0,0.0,0.9666666666666667,0.0,8.281242897794479e-05
truth90_validation,T3,Linear,Phys_v2_common_heavy.families.self_compression.frame_maximum_distribution.all.p50,30,-0.009174547394116767,0.0,0.06666666666666667,0.9333333333333333,-0.02356465012065793,0.0
truth90_validation,T3,NeuralMD,Phys_v2_common_heavy.families.self_compression.frame_maximum_distribution.all.p50,30,0.0,0.0,0.0,1.0,0.0,0.0
truth90_validation,T3,Linear,Phys_v2_common_heavy.families.self_compression.frame_maximum_distribution.all.p90,30,-0.07948001745098764,0.0,0.23333333333333334,0.7666666666666667,-0.14200763087763216,-0.026810594641619084
truth90_validation,T3,NeuralMD,Phys_v2_common_heavy.families.self_compression.frame_maximum_distribution.all.p90,30,0.0,0.0,0.0,1.0,0.0,0.0
truth90_validation,T3,Linear,Phys_v2_common_heavy.families.self_compression.frame_maximum_distribution.all.p95,30,-0.10230879850975458,0.0,0.23333333333333334,0.7666666666666667,-0.18026109532759244,-0.035839392473027934
truth90_validation,T3,NeuralMD,Phys_v2_common_heavy.families.self_compression.frame_maximum_distribution.all.p95,30,0.0,0.0,0.0,1.0,0.0,0.0
truth90_validation,T3,Linear,Phys_v2_common_heavy.families.self_compression.frame_maximum_distribution.all.p99,30,-0.11286376527877105,0.0,0.23333333333333334,0.7666666666666667,-0.19795165154867417,-0.0384143321255631
truth90_validation,T3,NeuralMD,Phys_v2_common_heavy.families.self_compression.frame_maximum_distribution.all.p99,30,0.000463749602276477,0.0,0.0,0.9666666666666667,0.0,0.001391248806829431
truth90_validation,T3,Linear,Phys_v2_common_heavy.families.self_compression.frame_maximum_distribution.positive.count,30,-7.433333333333334,0.0,0.23333333333333334,0.7666666666666667,-13.7,-2.466666666666667
truth90_validation,T3,NeuralMD,Phys_v2_common_heavy.families.self_compression.frame_maximum_distribution.positive.count,30,0.03333333333333333,0.0,0.0,0.9666666666666667,0.0,0.1
truth90_validation,T3,Linear,Phys_v2_common_heavy.families.self_compression.frame_maximum_distribution.positive.maximum,1,-0.5754643107512174,-0.5754643107512174,1.0,0.0,-0.5754643107512174,-0.5754643107512174
truth90_validation,T3,Linear,Phys_v2_common_heavy.families.self_compression.frame_maximum_distribution.positive.mean,1,-0.2104276528004796,-0.2104276528004796,1.0,0.0,-0.2104276528004796,-0.2104276528004796
truth90_validation,T3,Linear,Phys_v2_common_heavy.families.self_compression.frame_maximum_distribution.positive.p50,1,-0.15412656377178277,-0.15412656377178277,1.0,0.0,-0.15412656377178277,-0.15412656377178277
truth90_validation,T3,Linear,Phys_v2_common_heavy.families.self_compression.frame_maximum_distribution.positive.p90,1,-0.501555429424382,-0.501555429424382,1.0,0.0,-0.501555429424382,-0.501555429424382
truth90_validation,T3,Linear,Phys_v2_common_heavy.families.self_compression.frame_maximum_distribution.positive.p95,1,-0.537403076984283,-0.537403076984283,1.0,0.0,-0.537403076984283,-0.537403076984283
truth90_validation,T3,Linear,Phys_v2_common_heavy.families.self_compression.frame_maximum_distribution.positive.p99,1,-0.5698321257258876,-0.5698321257258876,1.0,0.0,-0.5698321257258876,-0.5698321257258876
truth90_validation,T3,Linear,Phys_v2_common_heavy.families.self_compression.threshold,30,0.0,0.0,0.0,1.0,0.0,0.0
truth90_validation,T3,NeuralMD,Phys_v2_common_heavy.families.self_compression.threshold,30,0.0,0.0,0.0,1.0,0.0,0.0
truth90_validation,T3,Linear,Phys_v2_common_heavy.finite_frame_fraction,30,0.0,0.0,0.0,1.0,0.0,0.0
truth90_validation,T3,NeuralMD,Phys_v2_common_heavy.finite_frame_fraction,30,0.0,0.0,0.0,1.0,0.0,0.0
truth90_validation,T3,Linear,Phys_v2_common_heavy.fixed_environment_valid_frame_fraction,30,0.7004166666666667,0.81875,0.0,0.03333333333333333,0.6079062500000001,0.7820833333333332
truth90_validation,T3,NeuralMD,Phys_v2_common_heavy.fixed_environment_valid_frame_fraction,30,-0.05791666666666666,-0.006249999999999978,0.5,0.5,-0.11208333333333333,-0.01916666666666666
truth90_validation,T3,Linear,Phys_v2_common_heavy.heavy_atoms,30,0.0,0.0,0.0,1.0,0.0,0.0
truth90_validation,T3,NeuralMD,Phys_v2_common_heavy.heavy_atoms,30,0.0,0.0,0.0,1.0,0.0,0.0
truth90_validation,T3,Linear,Phys_v2_common_heavy.intramolecular_tail_valid_frame_fraction,30,0.9616666666666667,0.975,0.0,0.0,0.9354166666666668,0.9816666666666668
truth90_validation,T3,NeuralMD,Phys_v2_common_heavy.intramolecular_tail_valid_frame_fraction,30,0.5958333333333332,0.63125,0.0,0.0,0.5333333333333333,0.6554375000000001
truth90_validation,T3,Linear,Phys_v2_common_heavy.physical_excess_distributions.angle.all.count,30,0.0,0.0,0.0,1.0,0.0,0.0
truth90_validation,T3,NeuralMD,Phys_v2_common_heavy.physical_excess_distributions.angle.all.count,30,0.0,0.0,0.0,1.0,0.0,0.0
truth90_validation,T3,Linear,Phys_v2_common_heavy.physical_excess_distributions.angle.all.maximum,30,-69.7668042202638,-73.7902392245808,1.0,0.0,-77.02268911845339,-61.59344195566527
truth90_validation,T3,NeuralMD,Phys_v2_common_heavy.physical_excess_distributions.angle.all.maximum,30,-2.9344782219925096,-6.684637229409141,0.8,0.03333333333333333,-7.873675096890854,3.1614869351935724
truth90_validation,T3,Linear,Phys_v2_common_heavy.physical_excess_distributions.angle.all.mean,30,-14.841769856621198,-14.763801194417734,1.0,0.0,-17.780931069367444,-12.38355903562535
truth90_validation,T3,NeuralMD,Phys_v2_common_heavy.physical_excess_distributions.angle.all.mean,30,-0.4959964498548787,-0.19569956975052175,0.9666666666666667,0.03333333333333333,-0.9792508701704417,-0.17161608052321997
truth90_validation,T3,Linear,Phys_v2_common_heavy.physical_excess_distributions.angle.all.p50,30,-7.228325481381319,-5.454552098225125,0.9666666666666667,0.03333333333333333,-11.012272523969532,-4.620148646391461
truth90_validation,T3,NeuralMD,Phys_v2_common_heavy.physical_excess_distributions.angle.all.p50,30,0.0,0.0,0.0,1.0,0.0,0.0
truth90_validation,T3,Linear,Phys_v2_common_heavy.physical_excess_distributions.angle.all.p90,30,-41.745228295672206,-38.59704729536196,1.0,0.0,-47.623573724648566,-36.067868147808284
truth90_validation,T3,NeuralMD,Phys_v2_common_heavy.physical_excess_distributions.angle.all.p90,30,-1.2653324738469711,0.0,0.23333333333333334,0.6666666666666666,-3.047274074549937,-0.06791291091923964
truth90_validation,T3,Linear,Phys_v2_common_heavy.physical_excess_distributions.angle.all.p95,30,-51.97557820072091,-49.27853950657537,1.0,0.0,-58.43050941533303,-45.47501194877859
truth90_validation,T3,NeuralMD,Phys_v2_common_heavy.physical_excess_distributions.angle.all.p95,30,-2.5229123262970115,-0.9786838110018062,0.7666666666666667,0.16666666666666666,-4.518661763725952,-1.1337222039243178
truth90_validation,T3,Linear,Phys_v2_common_heavy.physical_excess_distributions.angle.all.p99,30,-69.76768127859778,-71.58327114178078,1.0,0.0,-76.42406844456333,-62.55595751285832
truth90_validation,T3,NeuralMD,Phys_v2_common_heavy.physical_excess_distributions.angle.all.p99,30,-6.164226134429898,-5.277128385249993,0.9333333333333333,0.03333333333333333,-8.14921184566189,-4.33003412233719
truth90_validation,T3,Linear,Phys_v2_common_heavy.physical_excess_distributions.angle.positive.count,30,-1419.9,-1239.0,1.0,0.0,-1731.3466666666666,-1149.1975
truth90_validation,T3,NeuralMD,Phys_v2_common_heavy.physical_excess_distributions.angle.positive.count,30,23.066666666666666,-57.0,0.6666666666666666,0.03333333333333333,-69.50166666666667,154.9466666666666
truth90_validation,T3,Linear,Phys_v2_common_heavy.physical_excess_distributions.angle.positive.maximum,28,-68.27014145020817,-72.53277764859848,1.0,0.0,-75.86107844996256,-59.682948001900336
truth90_validation,T3,NeuralMD,Phys_v2_common_heavy.physical_excess_distributions.angle.positive.maximum,28,-2.948746919951991,-6.90788911929762,0.8214285714285714,0.0,-8.081801217955032,2.824088041283895
truth90_validation,T3,Linear,Phys_v2_common_heavy.physical_excess_distributions.angle.positive.mean,28,-21.774183150728312,-21.768860260052424,1.0,0.0,-24.75024208578508,-18.847682508817428
truth90_validation,T3,NeuralMD,Phys_v2_common_heavy.physical_excess_distributions.angle.positive.mean,28,-3.1131902873033357,-2.5885926915858573,1.0,0.0,-4.096022720092016,-2.309797583492567
truth90_validation,T3,Linear,Phys_v2_common_heavy.physical_excess_distributions.angle.positive.p50,28,-17.764743205372103,-17.330952852449236,1.0,0.0,-21.789135877808746,-14.59204809083716
truth90_validation,T3,NeuralMD,Phys_v2_common_heavy.physical_excess_distributions.angle.positive.p50,28,-2.6100752979547495,-1.9328154871947798,1.0,0.0,-3.6459256581389474,-1.8345867352249983
truth90_validation,T3,Linear,Phys_v2_common_heavy.physical_excess_distributions.angle.positive.p90,28,-46.333462589254665,-43.77004067314028,1.0,0.0,-51.854992092427196,-40.67134236184171
truth90_validation,T3,NeuralMD,Phys_v2_common_heavy.physical_excess_distributions.angle.positive.p90,28,-6.948084210146777,-6.035589544120219,1.0,0.0,-8.932930995222861,-5.288070664206691
truth90_validation,T3,Linear,Phys_v2_common_heavy.physical_excess_distributions.angle.positive.p95,28,-56.927189073198825,-54.83229635731355,1.0,0.0,-62.94608447253819,-50.04351415482338
truth90_validation,T3,NeuralMD,Phys_v2_common_heavy.physical_excess_distributions.angle.positive.p95,28,-7.901563971550865,-6.9898921754534715,1.0,0.0,-9.991965652603641,-5.925784870265358
truth90_validation,T3,Linear,Phys_v2_common_heavy.physical_excess_distributions.angle.positive.p99,28,-69.47915679704894,-73.87822096470288,1.0,0.0,-76.30648613822807,-61.81852135100828
truth90_validation,T3,NeuralMD,Phys_v2_common_heavy.physical_excess_distributions.angle.positive.p99,28,-8.203172555523306,-8.004096642283875,0.9642857142857143,0.0,-10.879238044369245,-5.612994618732443
truth90_validation,T3,Linear,Phys_v2_common_heavy.physical_excess_distributions.bond.all.count,30,0.0,0.0,0.0,1.0,0.0,0.0
truth90_validation,T3,NeuralMD,Phys_v2_common_heavy.physical_excess_distributions.bond.all.count,30,0.0,0.0,0.0,1.0,0.0,0.0
truth90_validation,T3,Linear,Phys_v2_common_heavy.physical_excess_distributions.bond.all.maximum,30,-24.295058053210923,-15.579987022340557,1.0,0.0,-30.635765428364895,-17.89613192293321
truth90_validation,T3,NeuralMD,Phys_v2_common_heavy.physical_excess_distributions.bond.all.maximum,30,-0.3838720077908191,-0.21989075242128076,1.0,0.0,-0.5521981073095089,-0.2461969496117244
truth90_validation,T3,Linear,Phys_v2_common_heavy.physical_excess_distributions.bond.all.mean,30,-4.351003877226156,-2.4872508459307974,1.0,0.0,-5.670157966799344,-3.036593286767916
truth90_validation,T3,NeuralMD,Phys_v2_common_heavy.physical_excess_distributions.bond.all.mean,30,-0.02544118109608028,-0.01701494470485142,1.0,0.0,-0.03813764058774665,-0.016573411132662946
truth90_validation,T3,Linear,Phys_v2_common_heavy.physical_excess_distributions.bond.all.p50,30,-3.218932136987548,-1.5928339042214978,1.0,0.0,-4.487415427798186,-2.0795164738414353
truth90_validation,T3,NeuralMD,Phys_v2_common_heavy.physical_excess_distributions.bond.all.p50,30,-0.0018131231205818796,0.0,0.06666666666666667,0.9333333333333333,-0.0052948909762050725,0.0
truth90_validation,T3,Linear,Phys_v2_common_heavy.physical_excess_distributions.bond.all.p90,30,-9.575087813782373,-5.919371793073345,1.0,0.0,-12.340054937385615,-6.950348552474729
truth90_validation,T3,NeuralMD,Phys_v2_common_heavy.physical_excess_distributions.bond.all.p90,30,-0.08837766423697647,-0.06417571405144981,1.0,0.0,-0.12525083970220352,-0.05802667104629927
truth90_validation,T3,Linear,Phys_v2_common_heavy.physical_excess_distributions.bond.all.p95,30,-13.244633350032746,-7.300544214171351,1.0,0.0,-17.090829590788783,-9.594375355619368
truth90_validation,T3,NeuralMD,Phys_v2_common_heavy.physical_excess_distributions.bond.all.p95,30,-0.13299359188419088,-0.09466026731757557,1.0,0.0,-0.178365323374703,-0.09563347095513472
truth90_validation,T3,Linear,Phys_v2_common_heavy.physical_excess_distributions.bond.all.p99,30,-19.90366129126141,-14.056915782733029,1.0,0.0,-25.45395600600118,-14.819209575175703
truth90_validation,T3,NeuralMD,Phys_v2_common_heavy.physical_excess_distributions.bond.all.p99,30,-0.26067981379836347,-0.1664480220138061,1.0,0.0,-0.34480742174447065,-0.1854035447907534
truth90_validation,T3,Linear,Phys_v2_common_heavy.physical_excess_distributions.bond.positive.count,30,-1388.5333333333333,-1181.0,1.0,0.0,-1713.5091666666667,-1112.7641666666666
truth90_validation,T3,NeuralMD,Phys_v2_common_heavy.physical_excess_distributions.bond.positive.count,30,-184.33333333333334,-196.0,0.8,0.0,-290.4525,-66.56416666666668
truth90_validation,T3,Linear,Phys_v2_common_heavy.physical_excess_distributions.bond.positive.maximum,28,-24.088143307603353,-15.579987022340557,1.0,0.0,-30.416020539445416,-17.566353050026407
truth90_validation,T3,NeuralMD,Phys_v2_common_heavy.physical_excess_distributions.bond.positive.maximum,28,-0.39798469418051363,-0.21989075242128076,1.0,0.0,-0.5805086314716167,-0.2521825443743592
truth90_validation,T3,Linear,Phys_v2_common_heavy.physical_excess_distributions.bond.positive.mean,28,-4.508429582298566,-2.763428549115979,1.0,0.0,-5.961919310436316,-3.1515850498155555
truth90_validation,T3,NeuralMD,Phys_v2_common_heavy.physical_excess_distributions.bond.positive.mean,28,-0.07745039213376535,-0.05774048747154309,1.0,0.0,-0.09905684783984939,-0.0595430606188857
truth90_validation,T3,Linear,Phys_v2_common_heavy.physical_excess_distributions.bond.positive.p50,28,-3.389272412849149,-1.737124364818826,1.0,0.0,-4.665079967947206,-2.2700500059341713
truth90_validation,T3,NeuralMD,Phys_v2_common_heavy.physical_excess_distributions.bond.positive.p50,28,-0.054182275913393356,-0.04438026840607512,1.0,0.0,-0.0702812592643749,-0.041996355746601
truth90_validation,T3,Linear,Phys_v2_common_heavy.physical_excess_distributions.bond.positive.p90,28,-9.76968623999427,-6.066679844695749,1.0,0.0,-12.857223316831679,-7.123606027303007
truth90_validation,T3,NeuralMD,Phys_v2_common_heavy.physical_excess_distributions.bond.positive.p90,28,-0.17476329437064467,-0.12567883495627297,1.0,0.0,-0.22582418684138356,-0.132779895766953
truth90_validation,T3,Linear,Phys_v2_common_heavy.physical_excess_distributions.bond.positive.p95,28,-13.405529733312155,-7.4152647367373286,1.0,0.0,-17.58996511355086,-9.743082770523666
truth90_validation,T3,NeuralMD,Phys_v2_common_heavy.physical_excess_distributions.bond.positive.p95,28,-0.24149093898371188,-0.14955364873665944,1.0,0.0,-0.32210747041038124,-0.17187956424623657
truth90_validation,T3,Linear,Phys_v2_common_heavy.physical_excess_distributions.bond.positive.p99,28,-19.761842793504588,-14.189272397034332,1.0,0.0,-25.28964580246357,-14.612510516803614
truth90_validation,T3,NeuralMD,Phys_v2_common_heavy.physical_excess_distributions.bond.positive.p99,28,-0.35290833194065374,-0.20024888300901664,1.0,0.0,-0.4944779002440568,-0.22697125982828134
truth90_validation,T3,Linear,Phys_v2_common_heavy.physical_excess_distributions.environment_depth_angstrom.all.count,30,0.0,0.0,0.0,1.0,0.0,0.0
truth90_validation,T3,NeuralMD,Phys_v2_common_heavy.physical_excess_distributions.environment_depth_angstrom.all.count,30,0.0,0.0,0.0,1.0,0.0,0.0
truth90_validation,T3,Linear,Phys_v2_common_heavy.physical_excess_distributions.environment_depth_angstrom.all.maximum,30,-0.9764351188851468,-1.1579964304753065,0.9666666666666667,0.03333333333333333,-1.112812923202007,-0.8230927989669528
truth90_validation,T3,NeuralMD,Phys_v2_common_heavy.physical_excess_distributions.environment_depth_angstrom.all.maximum,30,0.23249027896592342,0.02115731243654373,0.0,0.5,0.10948664800019615,0.3740310527186743
truth90_validation,T3,Linear,Phys_v2_common_heavy.physical_excess_distributions.environment_depth_angstrom.all.mean,30,-3.150237277736844e-05,-2.6483743726648447e-05,0.9666666666666667,0.03333333333333333,-4.1949384954143006e-05,-2.2846013331799116e-05
truth90_validation,T3,NeuralMD,Phys_v2_common_heavy.physical_excess_distributions.environment_depth_angstrom.all.mean,30,1.2416410535441315e-06,2.5695060039523597e-09,0.0,0.5,9.636797948091128e-08,3.3501371396483195e-06
truth90_validation,T3,Linear,Phys_v2_common_heavy.physical_excess_distributions.environment_depth_angstrom.all.p50,30,0.0,0.0,0.0,1.0,0.0,0.0
truth90_validation,T3,NeuralMD,Phys_v2_common_heavy.physical_excess_distributions.environment_depth_angstrom.all.p50,30,0.0,0.0,0.0,1.0,0.0,0.0
truth90_validation,T3,Linear,Phys_v2_common_heavy.physical_excess_distributions.environment_depth_angstrom.all.p90,30,0.0,0.0,0.0,1.0,0.0,0.0
truth90_validation,T3,NeuralMD,Phys_v2_common_heavy.physical_excess_distributions.environment_depth_angstrom.all.p90,30,0.0,0.0,0.0,1.0,0.0,0.0
truth90_validation,T3,Linear,Phys_v2_common_heavy.physical_excess_distributions.environment_depth_angstrom.all.p95,30,0.0,0.0,0.0,1.0,0.0,0.0
truth90_validation,T3,NeuralMD,Phys_v2_common_heavy.physical_excess_distributions.environment_depth_angstrom.all.p95,30,0.0,0.0,0.0,1.0,0.0,0.0
truth90_validation,T3,Linear,Phys_v2_common_heavy.physical_excess_distributions.environment_depth_angstrom.all.p99,30,0.0,0.0,0.0,1.0,0.0,0.0
truth90_validation,T3,NeuralMD,Phys_v2_common_heavy.physical_excess_distributions.environment_depth_angstrom.all.p99,30,0.0,0.0,0.0,1.0,0.0,0.0
truth90_validation,T3,Linear,Phys_v2_common_heavy.physical_excess_distributions.environment_depth_angstrom.positive.count,30,-405.0,-340.0,0.9666666666666667,0.03333333333333333,-510.00666666666666,-304.6333333333333
truth90_validation,T3,NeuralMD,Phys_v2_common_heavy.physical_excess_distributions.environment_depth_angstrom.positive.count,30,20.466666666666665,0.5,0.0,0.5,2.3666666666666667,52.63416666666666
truth90_validation,T3,Linear,Phys_v2_common_heavy.physical_excess_distributions.environment_depth_angstrom.positive.maximum,15,-0.7762952726779363,-0.8191407819652271,1.0,0.0,-0.9559515996021695,-0.5892689480854966
truth90_validation,T3,Linear,Phys_v2_common_heavy.physical_excess_distributions.environment_depth_angstrom.positive.mean,15,-0.1688509620885668,-0.18904454242650987,1.0,0.0,-0.22179963566835786,-0.11408188901091325
truth90_validation,T3,Linear,Phys_v2_common_heavy.physical_excess_distributions.environment_depth_angstrom.positive.p50,15,-0.13549169757548885,-0.118552570651999,0.9333333333333333,0.0,-0.1781749591288381,-0.08966491879433172
truth90_validation,T3,Linear,Phys_v2_common_heavy.physical_excess_distributions.environment_depth_angstrom.positive.p90,15,-0.4211003381253799,-0.47962972484085103,0.9333333333333333,0.0,-0.5441389742601175,-0.2948013739732526
truth90_validation,T3,Linear,Phys_v2_common_heavy.physical_excess_distributions.environment_depth_angstrom.positive.p95,15,-0.49226906849669877,-0.5388092751890419,0.9333333333333333,0.0,-0.6397686416229912,-0.3296423899966808
truth90_validation,T3,Linear,Phys_v2_common_heavy.physical_excess_distributions.environment_depth_angstrom.positive.p99,15,-0.6389721152976934,-0.7310317833900069,1.0,0.0,-0.8185491489847011,-0.4588161277979836
truth90_validation,T3,Linear,Phys_v2_common_heavy.physical_excess_distributions.self_depth_angstrom.all.count,30,0.0,0.0,0.0,1.0,0.0,0.0
truth90_validation,T3,NeuralMD,Phys_v2_common_heavy.physical_excess_distributions.self_depth_angstrom.all.count,30,0.0,0.0,0.0,1.0,0.0,0.0
truth90_validation,T3,Linear,Phys_v2_common_heavy.physical_excess_distributions.self_depth_angstrom.all.maximum,30,-0.17638704043630138,0.0,0.23333333333333334,0.7666666666666667,-0.31328416378022994,-0.060735564135953705
truth90_validation,T3,NeuralMD,Phys_v2_common_heavy.physical_excess_distributions.self_depth_angstrom.all.maximum,30,0.0029149975000236565,0.0,0.0,0.9666666666666667,0.0,0.008744992500070969
truth90_validation,T3,Linear,Phys_v2_common_heavy.physical_excess_distributions.self_depth_angstrom.all.mean,30,-0.0001785812282349612,0.0,0.23333333333333334,0.7666666666666667,-0.00034864180610229734,-4.468573844414275e-05
truth90_validation,T3,NeuralMD,Phys_v2_common_heavy.physical_excess_distributions.self_depth_angstrom.all.mean,30,1.5406963530780426e-08,0.0,0.0,0.9666666666666667,0.0,4.6220890592341276e-08
truth90_validation,T3,Linear,Phys_v2_common_heavy.physical_excess_distributions.self_depth_angstrom.all.p50,30,0.0,0.0,0.0,1.0,0.0,0.0
truth90_validation,T3,NeuralMD,Phys_v2_common_heavy.physical_excess_distributions.self_depth_angstrom.all.p50,30,0.0,0.0,0.0,1.0,0.0,0.0
truth90_validation,T3,Linear,Phys_v2_common_heavy.physical_excess_distributions.self_depth_angstrom.all.p90,30,0.0,0.0,0.0,1.0,0.0,0.0
truth90_validation,T3,NeuralMD,Phys_v2_common_heavy.physical_excess_distributions.self_depth_angstrom.all.p90,30,0.0,0.0,0.0,1.0,0.0,0.0
truth90_validation,T3,Linear,Phys_v2_common_heavy.physical_excess_distributions.self_depth_angstrom.all.p95,30,0.0,0.0,0.0,1.0,0.0,0.0
truth90_validation,T3,NeuralMD,Phys_v2_common_heavy.physical_excess_distributions.self_depth_angstrom.all.p95,30,0.0,0.0,0.0,1.0,0.0,0.0
truth90_validation,T3,Linear,Phys_v2_common_heavy.physical_excess_distributions.self_depth_angstrom.all.p99,30,0.0,0.0,0.0,1.0,0.0,0.0
truth90_validation,T3,NeuralMD,Phys_v2_common_heavy.physical_excess_distributions.self_depth_angstrom.all.p99,30,0.0,0.0,0.0,1.0,0.0,0.0
truth90_validation,T3,Linear,Phys_v2_common_heavy.physical_excess_distributions.self_depth_angstrom.positive.count,30,-13.2,0.0,0.23333333333333334,0.7666666666666667,-25.533333333333335,-3.2
truth90_validation,T3,NeuralMD,Phys_v2_common_heavy.physical_excess_distributions.self_depth_angstrom.positive.count,30,0.03333333333333333,0.0,0.0,0.9666666666666667,0.0,0.1
truth90_validation,T3,Linear,Phys_v2_common_heavy.physical_excess_distributions.self_depth_angstrom.positive.maximum,1,-0.8879557409783218,-0.8879557409783218,1.0,0.0,-0.8879557409783218,-0.8879557409783218
truth90_validation,T3,Linear,Phys_v2_common_heavy.physical_excess_distributions.self_depth_angstrom.positive.mean,1,-0.21886933280539667,-0.21886933280539667,1.0,0.0,-0.21886933280539667,-0.21886933280539667
truth90_validation,T3,Linear,Phys_v2_common_heavy.physical_excess_distributions.self_depth_angstrom.positive.p50,1,-0.15674490343582648,-0.15674490343582648,1.0,0.0,-0.15674490343582648,-0.15674490343582648
truth90_validation,T3,Linear,Phys_v2_common_heavy.physical_excess_distributions.self_depth_angstrom.positive.p90,1,-0.5978656325234127,-0.5978656325234127,1.0,0.0,-0.5978656325234127,-0.5978656325234127
truth90_validation,T3,Linear,Phys_v2_common_heavy.physical_excess_distributions.self_depth_angstrom.positive.p95,1,-0.7525765211157509,-0.7525765211157509,1.0,0.0,-0.7525765211157509,-0.7525765211157509
truth90_validation,T3,Linear,Phys_v2_common_heavy.physical_excess_distributions.self_depth_angstrom.positive.p99,1,-0.8681584953236196,-0.8681584953236196,1.0,0.0,-0.8681584953236196,-0.8681584953236196
truth90_validation,T3,Linear,Phys_v2_common_heavy.windows.early.valid_frame_fraction,30,0.9209876543209876,0.9259259259259259,0.0,0.0,0.8938271604938273,0.945679012345679
truth90_validation,T3,NeuralMD,Phys_v2_common_heavy.windows.early.valid_frame_fraction,30,0.1222222222222222,0.0,0.06666666666666667,0.6,0.050617283950617285,0.20373456790123437
truth90_validation,T3,Linear,Phys_v2_common_heavy.windows.late.valid_frame_fraction,30,0.9038461538461539,1.0,0.0,0.0,0.8333333333333334,0.9641025641025641
truth90_validation,T3,NeuralMD,Phys_v2_common_heavy.windows.late.valid_frame_fraction,30,0.8833333333333333,1.0,0.0,0.0,0.8038461538461539,0.9474358974358974
truth90_validation,T3,Linear,Phys_v2_common_heavy.windows.middle.valid_frame_fraction,30,0.9123456790123455,1.0,0.0,0.03333333333333333,0.8296296296296296,0.9741049382716048
truth90_validation,T3,NeuralMD,Phys_v2_common_heavy.windows.middle.valid_frame_fraction,30,0.6469135802469136,0.7777777777777778,0.0,0.1,0.5283950617283951,0.7580246913580246
truth90_validation,T3,Linear,Probability.feature_energy_score,30,-4.501931822438547,-3.1359771604828914,1.0,0.0,-6.2928515627142625,-3.1760557737088058
truth90_validation,T3,NeuralMD,Probability.feature_energy_score,30,0.06504100062744265,-0.010239295862936482,0.5666666666666667,0.0,-0.021463525693248976,0.1697494603632818
truth90_validation,T3,Linear,Probability.features.ligand_gyration.crps,30,-6.997204934246706,-4.161947296443113,1.0,0.0,-10.45265751034247,-4.406141224772024
truth90_validation,T3,NeuralMD,Probability.features.ligand_gyration.crps,30,0.005914848743754632,0.0037236102605554683,0.4,0.0,-0.02258717080219593,0.035145265100008566
truth90_validation,T3,Linear,Probability.features.ligand_relative_displacement.crps,30,-11.05511514983785,-7.8651326168133,1.0,0.0,-15.639789119153438,-7.82606086671949
truth90_validation,T3,NeuralMD,Probability.features.ligand_relative_displacement.crps,30,-0.5968644164852392,-0.41680967692723647,0.9333333333333333,0.0,-0.8342563983842669,-0.39551043809164954
truth90_validation,T3,Linear,Probability.features.pocket_contact_strength.crps,30,-0.13517464122452844,-0.12547726249089286,0.8666666666666667,0.0,-0.18078215607158904,-0.09356984498369893
truth90_validation,T3,NeuralMD,Probability.features.pocket_contact_strength.crps,30,0.01129562319972155,0.004230201835059988,0.3333333333333333,0.0,-0.00022909203615003595,0.027007091361554828
truth90_validation,T3,Linear,Reference_Phys.angle_mean_squared_excess,30,0.0,0.0,0.0,1.0,0.0,0.0
truth90_validation,T3,Linear,Reference_Phys.angle_violations,30,0.0,0.0,0.0,1.0,0.0,0.0
truth90_validation,T3,Linear,Reference_Phys.assessed_geometry_valid,30,0.0,0.0,0.0,1.0,0.0,0.0
truth90_validation,T3,Linear,Reference_Phys.bond_mean_squared_excess,30,0.0,0.0,0.0,1.0,0.0,0.0
truth90_validation,T3,Linear,Reference_Phys.bond_violations,30,0.0,0.0,0.0,1.0,0.0,0.0
truth90_validation,T3,Linear,Reference_Phys.ligand_environment_overlap_violations,30,0.0,0.0,0.0,1.0,0.0,0.0
truth90_validation,T3,Linear,Reference_Phys.ligand_self_overlap_violations,30,0.0,0.0,0.0,1.0,0.0,0.0
truth90_validation,T3,Linear,Reference_Phys.local_configuration_flips,30,0.0,0.0,0.0,1.0,0.0,0.0
truth90_validation,T3,Linear,Reference_Phys.severe_overlap_mean_squared,30,0.0,0.0,0.0,1.0,0.0,0.0
truth90_validation,T3,Linear,Reference_Phys_common_heavy.angle_mean_squared_excess,30,0.0,0.0,0.0,1.0,0.0,0.0
truth90_validation,T3,NeuralMD,Reference_Phys_common_heavy.angle_mean_squared_excess,30,0.0,0.0,0.0,1.0,0.0,0.0
truth90_validation,T3,Linear,Reference_Phys_common_heavy.angle_violations,30,0.0,0.0,0.0,1.0,0.0,0.0
truth90_validation,T3,NeuralMD,Reference_Phys_common_heavy.angle_violations,30,0.0,0.0,0.0,1.0,0.0,0.0
truth90_validation,T3,Linear,Reference_Phys_common_heavy.assessed_geometry_valid,30,0.0,0.0,0.0,1.0,0.0,0.0
truth90_validation,T3,NeuralMD,Reference_Phys_common_heavy.assessed_geometry_valid,30,0.0,0.0,0.0,1.0,0.0,0.0
truth90_validation,T3,Linear,Reference_Phys_common_heavy.bond_mean_squared_excess,30,0.0,0.0,0.0,1.0,0.0,0.0
truth90_validation,T3,NeuralMD,Reference_Phys_common_heavy.bond_mean_squared_excess,30,0.0,0.0,0.0,1.0,0.0,0.0
truth90_validation,T3,Linear,Reference_Phys_common_heavy.bond_violations,30,0.0,0.0,0.0,1.0,0.0,0.0
truth90_validation,T3,NeuralMD,Reference_Phys_common_heavy.bond_violations,30,0.0,0.0,0.0,1.0,0.0,0.0
truth90_validation,T3,Linear,Reference_Phys_common_heavy.ligand_environment_overlap_violations,30,0.0,0.0,0.0,1.0,0.0,0.0
truth90_validation,T3,NeuralMD,Reference_Phys_common_heavy.ligand_environment_overlap_violations,30,0.0,0.0,0.0,1.0,0.0,0.0
truth90_validation,T3,Linear,Reference_Phys_common_heavy.ligand_self_overlap_violations,30,0.0,0.0,0.0,1.0,0.0,0.0
truth90_validation,T3,NeuralMD,Reference_Phys_common_heavy.ligand_self_overlap_violations,30,0.0,0.0,0.0,1.0,0.0,0.0
truth90_validation,T3,Linear,Reference_Phys_common_heavy.local_configuration_flips,30,0.0,0.0,0.0,1.0,0.0,0.0
truth90_validation,T3,NeuralMD,Reference_Phys_common_heavy.local_configuration_flips,30,0.0,0.0,0.0,1.0,0.0,0.0
truth90_validation,T3,Linear,Reference_Phys_common_heavy.severe_overlap_mean_squared,30,0.0,0.0,0.0,1.0,0.0,0.0
truth90_validation,T3,NeuralMD,Reference_Phys_common_heavy.severe_overlap_mean_squared,30,0.0,0.0,0.0,1.0,0.0,0.0
truth90_validation,T3,Linear,Reference_Phys_v2_common_heavy.assessed_tail_valid_frame_fraction,30,0.0,0.0,0.0,1.0,0.0,0.0
truth90_validation,T3,NeuralMD,Reference_Phys_v2_common_heavy.assessed_tail_valid_frame_fraction,30,0.0,0.0,0.0,1.0,0.0,0.0
truth90_validation,T3,Linear,Reference_Phys_v2_common_heavy.chemistry.checked_centres,30,0.0,0.0,0.0,1.0,0.0,0.0
truth90_validation,T3,NeuralMD,Reference_Phys_v2_common_heavy.chemistry.checked_centres,30,0.0,0.0,0.0,1.0,0.0,0.0
truth90_validation,T3,Linear,Reference_Phys_v2_common_heavy.families.angle_degrees.anomaly_frame_fraction,30,0.0,0.0,0.0,1.0,0.0,0.0
truth90_validation,T3,NeuralMD,Reference_Phys_v2_common_heavy.families.angle_degrees.anomaly_frame_fraction,30,0.0,0.0,0.0,1.0,0.0,0.0
truth90_validation,T3,Linear,Reference_Phys_v2_common_heavy.families.angle_degrees.constraint_anomaly_fraction,30,0.0,0.0,0.0,1.0,0.0,0.0
truth90_validation,T3,NeuralMD,Reference_Phys_v2_common_heavy.families.angle_degrees.constraint_anomaly_fraction,30,0.0,0.0,0.0,1.0,0.0,0.0
truth90_validation,T3,Linear,Reference_Phys_v2_common_heavy.families.angle_degrees.constraint_distribution.all.count,30,0.0,0.0,0.0,1.0,0.0,0.0
truth90_validation,T3,NeuralMD,Reference_Phys_v2_common_heavy.families.angle_degrees.constraint_distribution.all.count,30,0.0,0.0,0.0,1.0,0.0,0.0
truth90_validation,T3,Linear,Reference_Phys_v2_common_heavy.families.angle_degrees.constraint_distribution.all.maximum,30,0.0,0.0,0.0,1.0,0.0,0.0
truth90_validation,T3,NeuralMD,Reference_Phys_v2_common_heavy.families.angle_degrees.constraint_distribution.all.maximum,30,0.0,0.0,0.0,1.0,0.0,0.0
truth90_validation,T3,Linear,Reference_Phys_v2_common_heavy.families.angle_degrees.constraint_distribution.all.mean,30,0.0,0.0,0.0,1.0,0.0,0.0
truth90_validation,T3,NeuralMD,Reference_Phys_v2_common_heavy.families.angle_degrees.constraint_distribution.all.mean,30,0.0,0.0,0.0,1.0,0.0,0.0
truth90_validation,T3,Linear,Reference_Phys_v2_common_heavy.families.angle_degrees.constraint_distribution.all.p50,30,0.0,0.0,0.0,1.0,0.0,0.0
truth90_validation,T3,NeuralMD,Reference_Phys_v2_common_heavy.families.angle_degrees.constraint_distribution.all.p50,30,0.0,0.0,0.0,1.0,0.0,0.0
truth90_validation,T3,Linear,Reference_Phys_v2_common_heavy.families.angle_degrees.constraint_distribution.all.p90,30,0.0,0.0,0.0,1.0,0.0,0.0
truth90_validation,T3,NeuralMD,Reference_Phys_v2_common_heavy.families.angle_degrees.constraint_distribution.all.p90,30,0.0,0.0,0.0,1.0,0.0,0.0
truth90_validation,T3,Linear,Reference_Phys_v2_common_heavy.families.angle_degrees.constraint_distribution.all.p95,30,0.0,0.0,0.0,1.0,0.0,0.0
truth90_validation,T3,NeuralMD,Reference_Phys_v2_common_heavy.families.angle_degrees.constraint_distribution.all.p95,30,0.0,0.0,0.0,1.0,0.0,0.0
truth90_validation,T3,Linear,Reference_Phys_v2_common_heavy.families.angle_degrees.constraint_distribution.all.p99,30,0.0,0.0,0.0,1.0,0.0,0.0
truth90_validation,T3,NeuralMD,Reference_Phys_v2_common_heavy.families.angle_degrees.constraint_distribution.all.p99,30,0.0,0.0,0.0,1.0,0.0,0.0
truth90_validation,T3,Linear,Reference_Phys_v2_common_heavy.families.angle_degrees.constraint_distribution.positive.count,30,0.0,0.0,0.0,1.0,0.0,0.0
truth90_validation,T3,NeuralMD,Reference_Phys_v2_common_heavy.families.angle_degrees.constraint_distribution.positive.count,30,0.0,0.0,0.0,1.0,0.0,0.0
truth90_validation,T3,Linear,Reference_Phys_v2_common_heavy.families.angle_degrees.constraint_distribution.positive.maximum,27,0.0,0.0,0.0,1.0,0.0,0.0
truth90_validation,T3,NeuralMD,Reference_Phys_v2_common_heavy.families.angle_degrees.constraint_distribution.positive.maximum,27,0.0,0.0,0.0,1.0,0.0,0.0
truth90_validation,T3,Linear,Reference_Phys_v2_common_heavy.families.angle_degrees.constraint_distribution.positive.mean,27,0.0,0.0,0.0,1.0,0.0,0.0
truth90_validation,T3,NeuralMD,Reference_Phys_v2_common_heavy.families.angle_degrees.constraint_distribution.positive.mean,27,0.0,0.0,0.0,1.0,0.0,0.0
truth90_validation,T3,Linear,Reference_Phys_v2_common_heavy.families.angle_degrees.constraint_distribution.positive.p50,27,0.0,0.0,0.0,1.0,0.0,0.0
truth90_validation,T3,NeuralMD,Reference_Phys_v2_common_heavy.families.angle_degrees.constraint_distribution.positive.p50,27,0.0,0.0,0.0,1.0,0.0,0.0
truth90_validation,T3,Linear,Reference_Phys_v2_common_heavy.families.angle_degrees.constraint_distribution.positive.p90,27,0.0,0.0,0.0,1.0,0.0,0.0
truth90_validation,T3,NeuralMD,Reference_Phys_v2_common_heavy.families.angle_degrees.constraint_distribution.positive.p90,27,0.0,0.0,0.0,1.0,0.0,0.0
truth90_validation,T3,Linear,Reference_Phys_v2_common_heavy.families.angle_degrees.constraint_distribution.positive.p95,27,0.0,0.0,0.0,1.0,0.0,0.0
truth90_validation,T3,NeuralMD,Reference_Phys_v2_common_heavy.families.angle_degrees.constraint_distribution.positive.p95,27,0.0,0.0,0.0,1.0,0.0,0.0
truth90_validation,T3,Linear,Reference_Phys_v2_common_heavy.families.angle_degrees.constraint_distribution.positive.p99,27,0.0,0.0,0.0,1.0,0.0,0.0
truth90_validation,T3,NeuralMD,Reference_Phys_v2_common_heavy.families.angle_degrees.constraint_distribution.positive.p99,27,0.0,0.0,0.0,1.0,0.0,0.0
truth90_validation,T3,Linear,Reference_Phys_v2_common_heavy.families.angle_degrees.finite_mean_squared_severity,30,0.0,0.0,0.0,1.0,0.0,0.0
truth90_validation,T3,NeuralMD,Reference_Phys_v2_common_heavy.families.angle_degrees.finite_mean_squared_severity,30,0.0,0.0,0.0,1.0,0.0,0.0
truth90_validation,T3,Linear,Reference_Phys_v2_common_heavy.families.angle_degrees.frame_maximum_distribution.all.count,30,0.0,0.0,0.0,1.0,0.0,0.0
truth90_validation,T3,NeuralMD,Reference_Phys_v2_common_heavy.families.angle_degrees.frame_maximum_distribution.all.count,30,0.0,0.0,0.0,1.0,0.0,0.0
truth90_validation,T3,Linear,Reference_Phys_v2_common_heavy.families.angle_degrees.frame_maximum_distribution.all.maximum,30,0.0,0.0,0.0,1.0,0.0,0.0
truth90_validation,T3,NeuralMD,Reference_Phys_v2_common_heavy.families.angle_degrees.frame_maximum_distribution.all.maximum,30,0.0,0.0,0.0,1.0,0.0,0.0
truth90_validation,T3,Linear,Reference_Phys_v2_common_heavy.families.angle_degrees.frame_maximum_distribution.all.mean,30,0.0,0.0,0.0,1.0,0.0,0.0
truth90_validation,T3,NeuralMD,Reference_Phys_v2_common_heavy.families.angle_degrees.frame_maximum_distribution.all.mean,30,0.0,0.0,0.0,1.0,0.0,0.0
truth90_validation,T3,Linear,Reference_Phys_v2_common_heavy.families.angle_degrees.frame_maximum_distribution.all.p50,30,0.0,0.0,0.0,1.0,0.0,0.0
truth90_validation,T3,NeuralMD,Reference_Phys_v2_common_heavy.families.angle_degrees.frame_maximum_distribution.all.p50,30,0.0,0.0,0.0,1.0,0.0,0.0
truth90_validation,T3,Linear,Reference_Phys_v2_common_heavy.families.angle_degrees.frame_maximum_distribution.all.p90,30,0.0,0.0,0.0,1.0,0.0,0.0
truth90_validation,T3,NeuralMD,Reference_Phys_v2_common_heavy.families.angle_degrees.frame_maximum_distribution.all.p90,30,0.0,0.0,0.0,1.0,0.0,0.0
truth90_validation,T3,Linear,Reference_Phys_v2_common_heavy.families.angle_degrees.frame_maximum_distribution.all.p95,30,0.0,0.0,0.0,1.0,0.0,0.0
truth90_validation,T3,NeuralMD,Reference_Phys_v2_common_heavy.families.angle_degrees.frame_maximum_distribution.all.p95,30,0.0,0.0,0.0,1.0,0.0,0.0
truth90_validation,T3,Linear,Reference_Phys_v2_common_heavy.families.angle_degrees.frame_maximum_distribution.all.p99,30,0.0,0.0,0.0,1.0,0.0,0.0
truth90_validation,T3,NeuralMD,Reference_Phys_v2_common_heavy.families.angle_degrees.frame_maximum_distribution.all.p99,30,0.0,0.0,0.0,1.0,0.0,0.0
truth90_validation,T3,Linear,Reference_Phys_v2_common_heavy.families.angle_degrees.frame_maximum_distribution.positive.count,30,0.0,0.0,0.0,1.0,0.0,0.0
truth90_validation,T3,NeuralMD,Reference_Phys_v2_common_heavy.families.angle_degrees.frame_maximum_distribution.positive.count,30,0.0,0.0,0.0,1.0,0.0,0.0
truth90_validation,T3,Linear,Reference_Phys_v2_common_heavy.families.angle_degrees.frame_maximum_distribution.positive.maximum,27,0.0,0.0,0.0,1.0,0.0,0.0
truth90_validation,T3,NeuralMD,Reference_Phys_v2_common_heavy.families.angle_degrees.frame_maximum_distribution.positive.maximum,27,0.0,0.0,0.0,1.0,0.0,0.0
truth90_validation,T3,Linear,Reference_Phys_v2_common_heavy.families.angle_degrees.frame_maximum_distribution.positive.mean,27,0.0,0.0,0.0,1.0,0.0,0.0
truth90_validation,T3,NeuralMD,Reference_Phys_v2_common_heavy.families.angle_degrees.frame_maximum_distribution.positive.mean,27,0.0,0.0,0.0,1.0,0.0,0.0
truth90_validation,T3,Linear,Reference_Phys_v2_common_heavy.families.angle_degrees.frame_maximum_distribution.positive.p50,27,0.0,0.0,0.0,1.0,0.0,0.0
truth90_validation,T3,NeuralMD,Reference_Phys_v2_common_heavy.families.angle_degrees.frame_maximum_distribution.positive.p50,27,0.0,0.0,0.0,1.0,0.0,0.0
truth90_validation,T3,Linear,Reference_Phys_v2_common_heavy.families.angle_degrees.frame_maximum_distribution.positive.p90,27,0.0,0.0,0.0,1.0,0.0,0.0
truth90_validation,T3,NeuralMD,Reference_Phys_v2_common_heavy.families.angle_degrees.frame_maximum_distribution.positive.p90,27,0.0,0.0,0.0,1.0,0.0,0.0
truth90_validation,T3,Linear,Reference_Phys_v2_common_heavy.families.angle_degrees.frame_maximum_distribution.positive.p95,27,0.0,0.0,0.0,1.0,0.0,0.0
truth90_validation,T3,NeuralMD,Reference_Phys_v2_common_heavy.families.angle_degrees.frame_maximum_distribution.positive.p95,27,0.0,0.0,0.0,1.0,0.0,0.0
truth90_validation,T3,Linear,Reference_Phys_v2_common_heavy.families.angle_degrees.frame_maximum_distribution.positive.p99,27,0.0,0.0,0.0,1.0,0.0,0.0
truth90_validation,T3,NeuralMD,Reference_Phys_v2_common_heavy.families.angle_degrees.frame_maximum_distribution.positive.p99,27,0.0,0.0,0.0,1.0,0.0,0.0
truth90_validation,T3,Linear,Reference_Phys_v2_common_heavy.families.angle_degrees.threshold,30,0.0,0.0,0.0,1.0,0.0,0.0
truth90_validation,T3,NeuralMD,Reference_Phys_v2_common_heavy.families.angle_degrees.threshold,30,0.0,0.0,0.0,1.0,0.0,0.0
truth90_validation,T3,Linear,Reference_Phys_v2_common_heavy.families.bond_relative.anomaly_frame_fraction,30,0.0,0.0,0.0,1.0,0.0,0.0
truth90_validation,T3,NeuralMD,Reference_Phys_v2_common_heavy.families.bond_relative.anomaly_frame_fraction,30,0.0,0.0,0.0,1.0,0.0,0.0
truth90_validation,T3,Linear,Reference_Phys_v2_common_heavy.families.bond_relative.constraint_anomaly_fraction,30,0.0,0.0,0.0,1.0,0.0,0.0
truth90_validation,T3,NeuralMD,Reference_Phys_v2_common_heavy.families.bond_relative.constraint_anomaly_fraction,30,0.0,0.0,0.0,1.0,0.0,0.0
truth90_validation,T3,Linear,Reference_Phys_v2_common_heavy.families.bond_relative.constraint_distribution.all.count,30,0.0,0.0,0.0,1.0,0.0,0.0
truth90_validation,T3,NeuralMD,Reference_Phys_v2_common_heavy.families.bond_relative.constraint_distribution.all.count,30,0.0,0.0,0.0,1.0,0.0,0.0
truth90_validation,T3,Linear,Reference_Phys_v2_common_heavy.families.bond_relative.constraint_distribution.all.maximum,30,0.0,0.0,0.0,1.0,0.0,0.0
truth90_validation,T3,NeuralMD,Reference_Phys_v2_common_heavy.families.bond_relative.constraint_distribution.all.maximum,30,0.0,0.0,0.0,1.0,0.0,0.0
truth90_validation,T3,Linear,Reference_Phys_v2_common_heavy.families.bond_relative.constraint_distribution.all.mean,30,0.0,0.0,0.0,1.0,0.0,0.0
truth90_validation,T3,NeuralMD,Reference_Phys_v2_common_heavy.families.bond_relative.constraint_distribution.all.mean,30,0.0,0.0,0.0,1.0,0.0,0.0
truth90_validation,T3,Linear,Reference_Phys_v2_common_heavy.families.bond_relative.constraint_distribution.all.p50,30,0.0,0.0,0.0,1.0,0.0,0.0
truth90_validation,T3,NeuralMD,Reference_Phys_v2_common_heavy.families.bond_relative.constraint_distribution.all.p50,30,0.0,0.0,0.0,1.0,0.0,0.0
truth90_validation,T3,Linear,Reference_Phys_v2_common_heavy.families.bond_relative.constraint_distribution.all.p90,30,0.0,0.0,0.0,1.0,0.0,0.0
truth90_validation,T3,NeuralMD,Reference_Phys_v2_common_heavy.families.bond_relative.constraint_distribution.all.p90,30,0.0,0.0,0.0,1.0,0.0,0.0
truth90_validation,T3,Linear,Reference_Phys_v2_common_heavy.families.bond_relative.constraint_distribution.all.p95,30,0.0,0.0,0.0,1.0,0.0,0.0
truth90_validation,T3,NeuralMD,Reference_Phys_v2_common_heavy.families.bond_relative.constraint_distribution.all.p95,30,0.0,0.0,0.0,1.0,0.0,0.0
truth90_validation,T3,Linear,Reference_Phys_v2_common_heavy.families.bond_relative.constraint_distribution.all.p99,30,0.0,0.0,0.0,1.0,0.0,0.0
truth90_validation,T3,NeuralMD,Reference_Phys_v2_common_heavy.families.bond_relative.constraint_distribution.all.p99,30,0.0,0.0,0.0,1.0,0.0,0.0
truth90_validation,T3,Linear,Reference_Phys_v2_common_heavy.families.bond_relative.constraint_distribution.positive.count,30,0.0,0.0,0.0,1.0,0.0,0.0
truth90_validation,T3,NeuralMD,Reference_Phys_v2_common_heavy.families.bond_relative.constraint_distribution.positive.count,30,0.0,0.0,0.0,1.0,0.0,0.0
truth90_validation,T3,Linear,Reference_Phys_v2_common_heavy.families.bond_relative.constraint_distribution.positive.maximum,30,0.0,0.0,0.0,1.0,0.0,0.0
truth90_validation,T3,NeuralMD,Reference_Phys_v2_common_heavy.families.bond_relative.constraint_distribution.positive.maximum,30,0.0,0.0,0.0,1.0,0.0,0.0
truth90_validation,T3,Linear,Reference_Phys_v2_common_heavy.families.bond_relative.constraint_distribution.positive.mean,30,0.0,0.0,0.0,1.0,0.0,0.0
truth90_validation,T3,NeuralMD,Reference_Phys_v2_common_heavy.families.bond_relative.constraint_distribution.positive.mean,30,0.0,0.0,0.0,1.0,0.0,0.0
truth90_validation,T3,Linear,Reference_Phys_v2_common_heavy.families.bond_relative.constraint_distribution.positive.p50,30,0.0,0.0,0.0,1.0,0.0,0.0
truth90_validation,T3,NeuralMD,Reference_Phys_v2_common_heavy.families.bond_relative.constraint_distribution.positive.p50,30,0.0,0.0,0.0,1.0,0.0,0.0
truth90_validation,T3,Linear,Reference_Phys_v2_common_heavy.families.bond_relative.constraint_distribution.positive.p90,30,0.0,0.0,0.0,1.0,0.0,0.0
truth90_validation,T3,NeuralMD,Reference_Phys_v2_common_heavy.families.bond_relative.constraint_distribution.positive.p90,30,0.0,0.0,0.0,1.0,0.0,0.0
truth90_validation,T3,Linear,Reference_Phys_v2_common_heavy.families.bond_relative.constraint_distribution.positive.p95,30,0.0,0.0,0.0,1.0,0.0,0.0
truth90_validation,T3,NeuralMD,Reference_Phys_v2_common_heavy.families.bond_relative.constraint_distribution.positive.p95,30,0.0,0.0,0.0,1.0,0.0,0.0
truth90_validation,T3,Linear,Reference_Phys_v2_common_heavy.families.bond_relative.constraint_distribution.positive.p99,30,0.0,0.0,0.0,1.0,0.0,0.0
truth90_validation,T3,NeuralMD,Reference_Phys_v2_common_heavy.families.bond_relative.constraint_distribution.positive.p99,30,0.0,0.0,0.0,1.0,0.0,0.0
truth90_validation,T3,Linear,Reference_Phys_v2_common_heavy.families.bond_relative.finite_mean_squared_severity,30,0.0,0.0,0.0,1.0,0.0,0.0
truth90_validation,T3,NeuralMD,Reference_Phys_v2_common_heavy.families.bond_relative.finite_mean_squared_severity,30,0.0,0.0,0.0,1.0,0.0,0.0
truth90_validation,T3,Linear,Reference_Phys_v2_common_heavy.families.bond_relative.frame_maximum_distribution.all.count,30,0.0,0.0,0.0,1.0,0.0,0.0
truth90_validation,T3,NeuralMD,Reference_Phys_v2_common_heavy.families.bond_relative.frame_maximum_distribution.all.count,30,0.0,0.0,0.0,1.0,0.0,0.0
truth90_validation,T3,Linear,Reference_Phys_v2_common_heavy.families.bond_relative.frame_maximum_distribution.all.maximum,30,0.0,0.0,0.0,1.0,0.0,0.0
truth90_validation,T3,NeuralMD,Reference_Phys_v2_common_heavy.families.bond_relative.frame_maximum_distribution.all.maximum,30,0.0,0.0,0.0,1.0,0.0,0.0
truth90_validation,T3,Linear,Reference_Phys_v2_common_heavy.families.bond_relative.frame_maximum_distribution.all.mean,30,0.0,0.0,0.0,1.0,0.0,0.0
truth90_validation,T3,NeuralMD,Reference_Phys_v2_common_heavy.families.bond_relative.frame_maximum_distribution.all.mean,30,0.0,0.0,0.0,1.0,0.0,0.0
truth90_validation,T3,Linear,Reference_Phys_v2_common_heavy.families.bond_relative.frame_maximum_distribution.all.p50,30,0.0,0.0,0.0,1.0,0.0,0.0
truth90_validation,T3,NeuralMD,Reference_Phys_v2_common_heavy.families.bond_relative.frame_maximum_distribution.all.p50,30,0.0,0.0,0.0,1.0,0.0,0.0
truth90_validation,T3,Linear,Reference_Phys_v2_common_heavy.families.bond_relative.frame_maximum_distribution.all.p90,30,0.0,0.0,0.0,1.0,0.0,0.0
truth90_validation,T3,NeuralMD,Reference_Phys_v2_common_heavy.families.bond_relative.frame_maximum_distribution.all.p90,30,0.0,0.0,0.0,1.0,0.0,0.0
truth90_validation,T3,Linear,Reference_Phys_v2_common_heavy.families.bond_relative.frame_maximum_distribution.all.p95,30,0.0,0.0,0.0,1.0,0.0,0.0
truth90_validation,T3,NeuralMD,Reference_Phys_v2_common_heavy.families.bond_relative.frame_maximum_distribution.all.p95,30,0.0,0.0,0.0,1.0,0.0,0.0
truth90_validation,T3,Linear,Reference_Phys_v2_common_heavy.families.bond_relative.frame_maximum_distribution.all.p99,30,0.0,0.0,0.0,1.0,0.0,0.0
truth90_validation,T3,NeuralMD,Reference_Phys_v2_common_heavy.families.bond_relative.frame_maximum_distribution.all.p99,30,0.0,0.0,0.0,1.0,0.0,0.0
truth90_validation,T3,Linear,Reference_Phys_v2_common_heavy.families.bond_relative.frame_maximum_distribution.positive.count,30,0.0,0.0,0.0,1.0,0.0,0.0
truth90_validation,T3,NeuralMD,Reference_Phys_v2_common_heavy.families.bond_relative.frame_maximum_distribution.positive.count,30,0.0,0.0,0.0,1.0,0.0,0.0
truth90_validation,T3,Linear,Reference_Phys_v2_common_heavy.families.bond_relative.frame_maximum_distribution.positive.maximum,30,0.0,0.0,0.0,1.0,0.0,0.0
truth90_validation,T3,NeuralMD,Reference_Phys_v2_common_heavy.families.bond_relative.frame_maximum_distribution.positive.maximum,30,0.0,0.0,0.0,1.0,0.0,0.0
truth90_validation,T3,Linear,Reference_Phys_v2_common_heavy.families.bond_relative.frame_maximum_distribution.positive.mean,30,0.0,0.0,0.0,1.0,0.0,0.0
truth90_validation,T3,NeuralMD,Reference_Phys_v2_common_heavy.families.bond_relative.frame_maximum_distribution.positive.mean,30,0.0,0.0,0.0,1.0,0.0,0.0
truth90_validation,T3,Linear,Reference_Phys_v2_common_heavy.families.bond_relative.frame_maximum_distribution.positive.p50,30,0.0,0.0,0.0,1.0,0.0,0.0
truth90_validation,T3,NeuralMD,Reference_Phys_v2_common_heavy.families.bond_relative.frame_maximum_distribution.positive.p50,30,0.0,0.0,0.0,1.0,0.0,0.0
truth90_validation,T3,Linear,Reference_Phys_v2_common_heavy.families.bond_relative.frame_maximum_distribution.positive.p90,30,0.0,0.0,0.0,1.0,0.0,0.0
truth90_validation,T3,NeuralMD,Reference_Phys_v2_common_heavy.families.bond_relative.frame_maximum_distribution.positive.p90,30,0.0,0.0,0.0,1.0,0.0,0.0
truth90_validation,T3,Linear,Reference_Phys_v2_common_heavy.families.bond_relative.frame_maximum_distribution.positive.p95,30,0.0,0.0,0.0,1.0,0.0,0.0
truth90_validation,T3,NeuralMD,Reference_Phys_v2_common_heavy.families.bond_relative.frame_maximum_distribution.positive.p95,30,0.0,0.0,0.0,1.0,0.0,0.0
truth90_validation,T3,Linear,Reference_Phys_v2_common_heavy.families.bond_relative.frame_maximum_distribution.positive.p99,30,0.0,0.0,0.0,1.0,0.0,0.0
truth90_validation,T3,NeuralMD,Reference_Phys_v2_common_heavy.families.bond_relative.frame_maximum_distribution.positive.p99,30,0.0,0.0,0.0,1.0,0.0,0.0
truth90_validation,T3,Linear,Reference_Phys_v2_common_heavy.families.bond_relative.threshold,30,0.0,0.0,0.0,1.0,0.0,0.0
truth90_validation,T3,NeuralMD,Reference_Phys_v2_common_heavy.families.bond_relative.threshold,30,0.0,0.0,0.0,1.0,0.0,0.0
truth90_validation,T3,Linear,Reference_Phys_v2_common_heavy.families.environment_compression.anomaly_frame_fraction,30,0.0,0.0,0.0,1.0,0.0,0.0
truth90_validation,T3,NeuralMD,Reference_Phys_v2_common_heavy.families.environment_compression.anomaly_frame_fraction,30,0.0,0.0,0.0,1.0,0.0,0.0
truth90_validation,T3,Linear,Reference_Phys_v2_common_heavy.families.environment_compression.constraint_anomaly_fraction,30,0.0,0.0,0.0,1.0,0.0,0.0
truth90_validation,T3,NeuralMD,Reference_Phys_v2_common_heavy.families.environment_compression.constraint_anomaly_fraction,30,0.0,0.0,0.0,1.0,0.0,0.0
truth90_validation,T3,Linear,Reference_Phys_v2_common_heavy.families.environment_compression.constraint_distribution.all.count,30,0.0,0.0,0.0,1.0,0.0,0.0
truth90_validation,T3,NeuralMD,Reference_Phys_v2_common_heavy.families.environment_compression.constraint_distribution.all.count,30,0.0,0.0,0.0,1.0,0.0,0.0
truth90_validation,T3,Linear,Reference_Phys_v2_common_heavy.families.environment_compression.constraint_distribution.all.maximum,30,0.0,0.0,0.0,1.0,0.0,0.0
truth90_validation,T3,NeuralMD,Reference_Phys_v2_common_heavy.families.environment_compression.constraint_distribution.all.maximum,30,0.0,0.0,0.0,1.0,0.0,0.0
truth90_validation,T3,Linear,Reference_Phys_v2_common_heavy.families.environment_compression.constraint_distribution.all.mean,30,0.0,0.0,0.0,1.0,0.0,0.0
truth90_validation,T3,NeuralMD,Reference_Phys_v2_common_heavy.families.environment_compression.constraint_distribution.all.mean,30,0.0,0.0,0.0,1.0,0.0,0.0
truth90_validation,T3,Linear,Reference_Phys_v2_common_heavy.families.environment_compression.constraint_distribution.all.p50,30,0.0,0.0,0.0,1.0,0.0,0.0
truth90_validation,T3,NeuralMD,Reference_Phys_v2_common_heavy.families.environment_compression.constraint_distribution.all.p50,30,0.0,0.0,0.0,1.0,0.0,0.0
truth90_validation,T3,Linear,Reference_Phys_v2_common_heavy.families.environment_compression.constraint_distribution.all.p90,30,0.0,0.0,0.0,1.0,0.0,0.0
truth90_validation,T3,NeuralMD,Reference_Phys_v2_common_heavy.families.environment_compression.constraint_distribution.all.p90,30,0.0,0.0,0.0,1.0,0.0,0.0
truth90_validation,T3,Linear,Reference_Phys_v2_common_heavy.families.environment_compression.constraint_distribution.all.p95,30,0.0,0.0,0.0,1.0,0.0,0.0
truth90_validation,T3,NeuralMD,Reference_Phys_v2_common_heavy.families.environment_compression.constraint_distribution.all.p95,30,0.0,0.0,0.0,1.0,0.0,0.0
truth90_validation,T3,Linear,Reference_Phys_v2_common_heavy.families.environment_compression.constraint_distribution.all.p99,30,0.0,0.0,0.0,1.0,0.0,0.0
truth90_validation,T3,NeuralMD,Reference_Phys_v2_common_heavy.families.environment_compression.constraint_distribution.all.p99,30,0.0,0.0,0.0,1.0,0.0,0.0
truth90_validation,T3,Linear,Reference_Phys_v2_common_heavy.families.environment_compression.constraint_distribution.positive.count,30,0.0,0.0,0.0,1.0,0.0,0.0
truth90_validation,T3,NeuralMD,Reference_Phys_v2_common_heavy.families.environment_compression.constraint_distribution.positive.count,30,0.0,0.0,0.0,1.0,0.0,0.0
truth90_validation,T3,Linear,Reference_Phys_v2_common_heavy.families.environment_compression.constraint_distribution.positive.maximum,17,0.0,0.0,0.0,1.0,0.0,0.0
truth90_validation,T3,NeuralMD,Reference_Phys_v2_common_heavy.families.environment_compression.constraint_distribution.positive.maximum,17,0.0,0.0,0.0,1.0,0.0,0.0
truth90_validation,T3,Linear,Reference_Phys_v2_common_heavy.families.environment_compression.constraint_distribution.positive.mean,17,0.0,0.0,0.0,1.0,0.0,0.0
truth90_validation,T3,NeuralMD,Reference_Phys_v2_common_heavy.families.environment_compression.constraint_distribution.positive.mean,17,0.0,0.0,0.0,1.0,0.0,0.0
truth90_validation,T3,Linear,Reference_Phys_v2_common_heavy.families.environment_compression.constraint_distribution.positive.p50,17,0.0,0.0,0.0,1.0,0.0,0.0
truth90_validation,T3,NeuralMD,Reference_Phys_v2_common_heavy.families.environment_compression.constraint_distribution.positive.p50,17,0.0,0.0,0.0,1.0,0.0,0.0
truth90_validation,T3,Linear,Reference_Phys_v2_common_heavy.families.environment_compression.constraint_distribution.positive.p90,17,0.0,0.0,0.0,1.0,0.0,0.0
truth90_validation,T3,NeuralMD,Reference_Phys_v2_common_heavy.families.environment_compression.constraint_distribution.positive.p90,17,0.0,0.0,0.0,1.0,0.0,0.0
truth90_validation,T3,Linear,Reference_Phys_v2_common_heavy.families.environment_compression.constraint_distribution.positive.p95,17,0.0,0.0,0.0,1.0,0.0,0.0
truth90_validation,T3,NeuralMD,Reference_Phys_v2_common_heavy.families.environment_compression.constraint_distribution.positive.p95,17,0.0,0.0,0.0,1.0,0.0,0.0
truth90_validation,T3,Linear,Reference_Phys_v2_common_heavy.families.environment_compression.constraint_distribution.positive.p99,17,0.0,0.0,0.0,1.0,0.0,0.0
truth90_validation,T3,NeuralMD,Reference_Phys_v2_common_heavy.families.environment_compression.constraint_distribution.positive.p99,17,0.0,0.0,0.0,1.0,0.0,0.0
truth90_validation,T3,Linear,Reference_Phys_v2_common_heavy.families.environment_compression.finite_mean_squared_severity,30,0.0,0.0,0.0,1.0,0.0,0.0
truth90_validation,T3,NeuralMD,Reference_Phys_v2_common_heavy.families.environment_compression.finite_mean_squared_severity,30,0.0,0.0,0.0,1.0,0.0,0.0
truth90_validation,T3,Linear,Reference_Phys_v2_common_heavy.families.environment_compression.frame_maximum_distribution.all.count,30,0.0,0.0,0.0,1.0,0.0,0.0
truth90_validation,T3,NeuralMD,Reference_Phys_v2_common_heavy.families.environment_compression.frame_maximum_distribution.all.count,30,0.0,0.0,0.0,1.0,0.0,0.0
truth90_validation,T3,Linear,Reference_Phys_v2_common_heavy.families.environment_compression.frame_maximum_distribution.all.maximum,30,0.0,0.0,0.0,1.0,0.0,0.0
truth90_validation,T3,NeuralMD,Reference_Phys_v2_common_heavy.families.environment_compression.frame_maximum_distribution.all.maximum,30,0.0,0.0,0.0,1.0,0.0,0.0
truth90_validation,T3,Linear,Reference_Phys_v2_common_heavy.families.environment_compression.frame_maximum_distribution.all.mean,30,0.0,0.0,0.0,1.0,0.0,0.0
truth90_validation,T3,NeuralMD,Reference_Phys_v2_common_heavy.families.environment_compression.frame_maximum_distribution.all.mean,30,0.0,0.0,0.0,1.0,0.0,0.0
truth90_validation,T3,Linear,Reference_Phys_v2_common_heavy.families.environment_compression.frame_maximum_distribution.all.p50,30,0.0,0.0,0.0,1.0,0.0,0.0
truth90_validation,T3,NeuralMD,Reference_Phys_v2_common_heavy.families.environment_compression.frame_maximum_distribution.all.p50,30,0.0,0.0,0.0,1.0,0.0,0.0
truth90_validation,T3,Linear,Reference_Phys_v2_common_heavy.families.environment_compression.frame_maximum_distribution.all.p90,30,0.0,0.0,0.0,1.0,0.0,0.0
truth90_validation,T3,NeuralMD,Reference_Phys_v2_common_heavy.families.environment_compression.frame_maximum_distribution.all.p90,30,0.0,0.0,0.0,1.0,0.0,0.0
truth90_validation,T3,Linear,Reference_Phys_v2_common_heavy.families.environment_compression.frame_maximum_distribution.all.p95,30,0.0,0.0,0.0,1.0,0.0,0.0
truth90_validation,T3,NeuralMD,Reference_Phys_v2_common_heavy.families.environment_compression.frame_maximum_distribution.all.p95,30,0.0,0.0,0.0,1.0,0.0,0.0
truth90_validation,T3,Linear,Reference_Phys_v2_common_heavy.families.environment_compression.frame_maximum_distribution.all.p99,30,0.0,0.0,0.0,1.0,0.0,0.0
truth90_validation,T3,NeuralMD,Reference_Phys_v2_common_heavy.families.environment_compression.frame_maximum_distribution.all.p99,30,0.0,0.0,0.0,1.0,0.0,0.0
truth90_validation,T3,Linear,Reference_Phys_v2_common_heavy.families.environment_compression.frame_maximum_distribution.positive.count,30,0.0,0.0,0.0,1.0,0.0,0.0
truth90_validation,T3,NeuralMD,Reference_Phys_v2_common_heavy.families.environment_compression.frame_maximum_distribution.positive.count,30,0.0,0.0,0.0,1.0,0.0,0.0
truth90_validation,T3,Linear,Reference_Phys_v2_common_heavy.families.environment_compression.frame_maximum_distribution.positive.maximum,17,0.0,0.0,0.0,1.0,0.0,0.0
truth90_validation,T3,NeuralMD,Reference_Phys_v2_common_heavy.families.environment_compression.frame_maximum_distribution.positive.maximum,17,0.0,0.0,0.0,1.0,0.0,0.0
truth90_validation,T3,Linear,Reference_Phys_v2_common_heavy.families.environment_compression.frame_maximum_distribution.positive.mean,17,0.0,0.0,0.0,1.0,0.0,0.0
truth90_validation,T3,NeuralMD,Reference_Phys_v2_common_heavy.families.environment_compression.frame_maximum_distribution.positive.mean,17,0.0,0.0,0.0,1.0,0.0,0.0
truth90_validation,T3,Linear,Reference_Phys_v2_common_heavy.families.environment_compression.frame_maximum_distribution.positive.p50,17,0.0,0.0,0.0,1.0,0.0,0.0
truth90_validation,T3,NeuralMD,Reference_Phys_v2_common_heavy.families.environment_compression.frame_maximum_distribution.positive.p50,17,0.0,0.0,0.0,1.0,0.0,0.0
truth90_validation,T3,Linear,Reference_Phys_v2_common_heavy.families.environment_compression.frame_maximum_distribution.positive.p90,17,0.0,0.0,0.0,1.0,0.0,0.0
truth90_validation,T3,NeuralMD,Reference_Phys_v2_common_heavy.families.environment_compression.frame_maximum_distribution.positive.p90,17,0.0,0.0,0.0,1.0,0.0,0.0
truth90_validation,T3,Linear,Reference_Phys_v2_common_heavy.families.environment_compression.frame_maximum_distribution.positive.p95,17,0.0,0.0,0.0,1.0,0.0,0.0
truth90_validation,T3,NeuralMD,Reference_Phys_v2_common_heavy.families.environment_compression.frame_maximum_distribution.positive.p95,17,0.0,0.0,0.0,1.0,0.0,0.0
truth90_validation,T3,Linear,Reference_Phys_v2_common_heavy.families.environment_compression.frame_maximum_distribution.positive.p99,17,0.0,0.0,0.0,1.0,0.0,0.0
truth90_validation,T3,NeuralMD,Reference_Phys_v2_common_heavy.families.environment_compression.frame_maximum_distribution.positive.p99,17,0.0,0.0,0.0,1.0,0.0,0.0
truth90_validation,T3,Linear,Reference_Phys_v2_common_heavy.families.environment_compression.threshold,30,0.0,0.0,0.0,1.0,0.0,0.0
truth90_validation,T3,NeuralMD,Reference_Phys_v2_common_heavy.families.environment_compression.threshold,30,0.0,0.0,0.0,1.0,0.0,0.0
truth90_validation,T3,Linear,Reference_Phys_v2_common_heavy.families.self_compression.anomaly_frame_fraction,30,0.0,0.0,0.0,1.0,0.0,0.0
truth90_validation,T3,NeuralMD,Reference_Phys_v2_common_heavy.families.self_compression.anomaly_frame_fraction,30,0.0,0.0,0.0,1.0,0.0,0.0
truth90_validation,T3,Linear,Reference_Phys_v2_common_heavy.families.self_compression.constraint_anomaly_fraction,30,0.0,0.0,0.0,1.0,0.0,0.0
truth90_validation,T3,NeuralMD,Reference_Phys_v2_common_heavy.families.self_compression.constraint_anomaly_fraction,30,0.0,0.0,0.0,1.0,0.0,0.0
truth90_validation,T3,Linear,Reference_Phys_v2_common_heavy.families.self_compression.constraint_distribution.all.count,30,0.0,0.0,0.0,1.0,0.0,0.0
truth90_validation,T3,NeuralMD,Reference_Phys_v2_common_heavy.families.self_compression.constraint_distribution.all.count,30,0.0,0.0,0.0,1.0,0.0,0.0
truth90_validation,T3,Linear,Reference_Phys_v2_common_heavy.families.self_compression.constraint_distribution.all.maximum,30,0.0,0.0,0.0,1.0,0.0,0.0
truth90_validation,T3,NeuralMD,Reference_Phys_v2_common_heavy.families.self_compression.constraint_distribution.all.maximum,30,0.0,0.0,0.0,1.0,0.0,0.0
truth90_validation,T3,Linear,Reference_Phys_v2_common_heavy.families.self_compression.constraint_distribution.all.mean,30,0.0,0.0,0.0,1.0,0.0,0.0
truth90_validation,T3,NeuralMD,Reference_Phys_v2_common_heavy.families.self_compression.constraint_distribution.all.mean,30,0.0,0.0,0.0,1.0,0.0,0.0
truth90_validation,T3,Linear,Reference_Phys_v2_common_heavy.families.self_compression.constraint_distribution.all.p50,30,0.0,0.0,0.0,1.0,0.0,0.0
truth90_validation,T3,NeuralMD,Reference_Phys_v2_common_heavy.families.self_compression.constraint_distribution.all.p50,30,0.0,0.0,0.0,1.0,0.0,0.0
truth90_validation,T3,Linear,Reference_Phys_v2_common_heavy.families.self_compression.constraint_distribution.all.p90,30,0.0,0.0,0.0,1.0,0.0,0.0
truth90_validation,T3,NeuralMD,Reference_Phys_v2_common_heavy.families.self_compression.constraint_distribution.all.p90,30,0.0,0.0,0.0,1.0,0.0,0.0
truth90_validation,T3,Linear,Reference_Phys_v2_common_heavy.families.self_compression.constraint_distribution.all.p95,30,0.0,0.0,0.0,1.0,0.0,0.0
truth90_validation,T3,NeuralMD,Reference_Phys_v2_common_heavy.families.self_compression.constraint_distribution.all.p95,30,0.0,0.0,0.0,1.0,0.0,0.0
truth90_validation,T3,Linear,Reference_Phys_v2_common_heavy.families.self_compression.constraint_distribution.all.p99,30,0.0,0.0,0.0,1.0,0.0,0.0
truth90_validation,T3,NeuralMD,Reference_Phys_v2_common_heavy.families.self_compression.constraint_distribution.all.p99,30,0.0,0.0,0.0,1.0,0.0,0.0
truth90_validation,T3,Linear,Reference_Phys_v2_common_heavy.families.self_compression.constraint_distribution.positive.count,30,0.0,0.0,0.0,1.0,0.0,0.0
truth90_validation,T3,NeuralMD,Reference_Phys_v2_common_heavy.families.self_compression.constraint_distribution.positive.count,30,0.0,0.0,0.0,1.0,0.0,0.0
truth90_validation,T3,Linear,Reference_Phys_v2_common_heavy.families.self_compression.finite_mean_squared_severity,30,0.0,0.0,0.0,1.0,0.0,0.0
truth90_validation,T3,NeuralMD,Reference_Phys_v2_common_heavy.families.self_compression.finite_mean_squared_severity,30,0.0,0.0,0.0,1.0,0.0,0.0
truth90_validation,T3,Linear,Reference_Phys_v2_common_heavy.families.self_compression.frame_maximum_distribution.all.count,30,0.0,0.0,0.0,1.0,0.0,0.0
truth90_validation,T3,NeuralMD,Reference_Phys_v2_common_heavy.families.self_compression.frame_maximum_distribution.all.count,30,0.0,0.0,0.0,1.0,0.0,0.0
truth90_validation,T3,Linear,Reference_Phys_v2_common_heavy.families.self_compression.frame_maximum_distribution.all.maximum,30,0.0,0.0,0.0,1.0,0.0,0.0
truth90_validation,T3,NeuralMD,Reference_Phys_v2_common_heavy.families.self_compression.frame_maximum_distribution.all.maximum,30,0.0,0.0,0.0,1.0,0.0,0.0
truth90_validation,T3,Linear,Reference_Phys_v2_common_heavy.families.self_compression.frame_maximum_distribution.all.mean,30,0.0,0.0,0.0,1.0,0.0,0.0
truth90_validation,T3,NeuralMD,Reference_Phys_v2_common_heavy.families.self_compression.frame_maximum_distribution.all.mean,30,0.0,0.0,0.0,1.0,0.0,0.0
truth90_validation,T3,Linear,Reference_Phys_v2_common_heavy.families.self_compression.frame_maximum_distribution.all.p50,30,0.0,0.0,0.0,1.0,0.0,0.0
truth90_validation,T3,NeuralMD,Reference_Phys_v2_common_heavy.families.self_compression.frame_maximum_distribution.all.p50,30,0.0,0.0,0.0,1.0,0.0,0.0
truth90_validation,T3,Linear,Reference_Phys_v2_common_heavy.families.self_compression.frame_maximum_distribution.all.p90,30,0.0,0.0,0.0,1.0,0.0,0.0
truth90_validation,T3,NeuralMD,Reference_Phys_v2_common_heavy.families.self_compression.frame_maximum_distribution.all.p90,30,0.0,0.0,0.0,1.0,0.0,0.0
truth90_validation,T3,Linear,Reference_Phys_v2_common_heavy.families.self_compression.frame_maximum_distribution.all.p95,30,0.0,0.0,0.0,1.0,0.0,0.0
truth90_validation,T3,NeuralMD,Reference_Phys_v2_common_heavy.families.self_compression.frame_maximum_distribution.all.p95,30,0.0,0.0,0.0,1.0,0.0,0.0
truth90_validation,T3,Linear,Reference_Phys_v2_common_heavy.families.self_compression.frame_maximum_distribution.all.p99,30,0.0,0.0,0.0,1.0,0.0,0.0
truth90_validation,T3,NeuralMD,Reference_Phys_v2_common_heavy.families.self_compression.frame_maximum_distribution.all.p99,30,0.0,0.0,0.0,1.0,0.0,0.0
truth90_validation,T3,Linear,Reference_Phys_v2_common_heavy.families.self_compression.frame_maximum_distribution.positive.count,30,0.0,0.0,0.0,1.0,0.0,0.0
truth90_validation,T3,NeuralMD,Reference_Phys_v2_common_heavy.families.self_compression.frame_maximum_distribution.positive.count,30,0.0,0.0,0.0,1.0,0.0,0.0
truth90_validation,T3,Linear,Reference_Phys_v2_common_heavy.families.self_compression.threshold,30,0.0,0.0,0.0,1.0,0.0,0.0
truth90_validation,T3,NeuralMD,Reference_Phys_v2_common_heavy.families.self_compression.threshold,30,0.0,0.0,0.0,1.0,0.0,0.0
truth90_validation,T3,Linear,Reference_Phys_v2_common_heavy.finite_frame_fraction,30,0.0,0.0,0.0,1.0,0.0,0.0
truth90_validation,T3,NeuralMD,Reference_Phys_v2_common_heavy.finite_frame_fraction,30,0.0,0.0,0.0,1.0,0.0,0.0
truth90_validation,T3,Linear,Reference_Phys_v2_common_heavy.fixed_environment_valid_frame_fraction,30,0.0,0.0,0.0,1.0,0.0,0.0
truth90_validation,T3,NeuralMD,Reference_Phys_v2_common_heavy.fixed_environment_valid_frame_fraction,30,0.0,0.0,0.0,1.0,0.0,0.0
truth90_validation,T3,Linear,Reference_Phys_v2_common_heavy.heavy_atoms,30,0.0,0.0,0.0,1.0,0.0,0.0
truth90_validation,T3,NeuralMD,Reference_Phys_v2_common_heavy.heavy_atoms,30,0.0,0.0,0.0,1.0,0.0,0.0
truth90_validation,T3,Linear,Reference_Phys_v2_common_heavy.intramolecular_tail_valid_frame_fraction,30,0.0,0.0,0.0,1.0,0.0,0.0
truth90_validation,T3,NeuralMD,Reference_Phys_v2_common_heavy.intramolecular_tail_valid_frame_fraction,30,0.0,0.0,0.0,1.0,0.0,0.0
truth90_validation,T3,Linear,Reference_Phys_v2_common_heavy.physical_excess_distributions.angle.all.count,30,0.0,0.0,0.0,1.0,0.0,0.0
truth90_validation,T3,NeuralMD,Reference_Phys_v2_common_heavy.physical_excess_distributions.angle.all.count,30,0.0,0.0,0.0,1.0,0.0,0.0
truth90_validation,T3,Linear,Reference_Phys_v2_common_heavy.physical_excess_distributions.angle.all.maximum,30,0.0,0.0,0.0,1.0,0.0,0.0
truth90_validation,T3,NeuralMD,Reference_Phys_v2_common_heavy.physical_excess_distributions.angle.all.maximum,30,0.0,0.0,0.0,1.0,0.0,0.0
truth90_validation,T3,Linear,Reference_Phys_v2_common_heavy.physical_excess_distributions.angle.all.mean,30,0.0,0.0,0.0,1.0,0.0,0.0
truth90_validation,T3,NeuralMD,Reference_Phys_v2_common_heavy.physical_excess_distributions.angle.all.mean,30,0.0,0.0,0.0,1.0,0.0,0.0
truth90_validation,T3,Linear,Reference_Phys_v2_common_heavy.physical_excess_distributions.angle.all.p50,30,0.0,0.0,0.0,1.0,0.0,0.0
truth90_validation,T3,NeuralMD,Reference_Phys_v2_common_heavy.physical_excess_distributions.angle.all.p50,30,0.0,0.0,0.0,1.0,0.0,0.0
truth90_validation,T3,Linear,Reference_Phys_v2_common_heavy.physical_excess_distributions.angle.all.p90,30,0.0,0.0,0.0,1.0,0.0,0.0
truth90_validation,T3,NeuralMD,Reference_Phys_v2_common_heavy.physical_excess_distributions.angle.all.p90,30,0.0,0.0,0.0,1.0,0.0,0.0
truth90_validation,T3,Linear,Reference_Phys_v2_common_heavy.physical_excess_distributions.angle.all.p95,30,0.0,0.0,0.0,1.0,0.0,0.0
truth90_validation,T3,NeuralMD,Reference_Phys_v2_common_heavy.physical_excess_distributions.angle.all.p95,30,0.0,0.0,0.0,1.0,0.0,0.0
truth90_validation,T3,Linear,Reference_Phys_v2_common_heavy.physical_excess_distributions.angle.all.p99,30,0.0,0.0,0.0,1.0,0.0,0.0
truth90_validation,T3,NeuralMD,Reference_Phys_v2_common_heavy.physical_excess_distributions.angle.all.p99,30,0.0,0.0,0.0,1.0,0.0,0.0
truth90_validation,T3,Linear,Reference_Phys_v2_common_heavy.physical_excess_distributions.angle.positive.count,30,0.0,0.0,0.0,1.0,0.0,0.0
truth90_validation,T3,NeuralMD,Reference_Phys_v2_common_heavy.physical_excess_distributions.angle.positive.count,30,0.0,0.0,0.0,1.0,0.0,0.0
truth90_validation,T3,Linear,Reference_Phys_v2_common_heavy.physical_excess_distributions.angle.positive.maximum,27,0.0,0.0,0.0,1.0,0.0,0.0
truth90_validation,T3,NeuralMD,Reference_Phys_v2_common_heavy.physical_excess_distributions.angle.positive.maximum,27,0.0,0.0,0.0,1.0,0.0,0.0
truth90_validation,T3,Linear,Reference_Phys_v2_common_heavy.physical_excess_distributions.angle.positive.mean,27,0.0,0.0,0.0,1.0,0.0,0.0
truth90_validation,T3,NeuralMD,Reference_Phys_v2_common_heavy.physical_excess_distributions.angle.positive.mean,27,0.0,0.0,0.0,1.0,0.0,0.0
truth90_validation,T3,Linear,Reference_Phys_v2_common_heavy.physical_excess_distributions.angle.positive.p50,27,0.0,0.0,0.0,1.0,0.0,0.0
truth90_validation,T3,NeuralMD,Reference_Phys_v2_common_heavy.physical_excess_distributions.angle.positive.p50,27,0.0,0.0,0.0,1.0,0.0,0.0
truth90_validation,T3,Linear,Reference_Phys_v2_common_heavy.physical_excess_distributions.angle.positive.p90,27,0.0,0.0,0.0,1.0,0.0,0.0
truth90_validation,T3,NeuralMD,Reference_Phys_v2_common_heavy.physical_excess_distributions.angle.positive.p90,27,0.0,0.0,0.0,1.0,0.0,0.0
truth90_validation,T3,Linear,Reference_Phys_v2_common_heavy.physical_excess_distributions.angle.positive.p95,27,0.0,0.0,0.0,1.0,0.0,0.0
truth90_validation,T3,NeuralMD,Reference_Phys_v2_common_heavy.physical_excess_distributions.angle.positive.p95,27,0.0,0.0,0.0,1.0,0.0,0.0
truth90_validation,T3,Linear,Reference_Phys_v2_common_heavy.physical_excess_distributions.angle.positive.p99,27,0.0,0.0,0.0,1.0,0.0,0.0
truth90_validation,T3,NeuralMD,Reference_Phys_v2_common_heavy.physical_excess_distributions.angle.positive.p99,27,0.0,0.0,0.0,1.0,0.0,0.0
truth90_validation,T3,Linear,Reference_Phys_v2_common_heavy.physical_excess_distributions.bond.all.count,30,0.0,0.0,0.0,1.0,0.0,0.0
truth90_validation,T3,NeuralMD,Reference_Phys_v2_common_heavy.physical_excess_distributions.bond.all.count,30,0.0,0.0,0.0,1.0,0.0,0.0
truth90_validation,T3,Linear,Reference_Phys_v2_common_heavy.physical_excess_distributions.bond.all.maximum,30,0.0,0.0,0.0,1.0,0.0,0.0
truth90_validation,T3,NeuralMD,Reference_Phys_v2_common_heavy.physical_excess_distributions.bond.all.maximum,30,0.0,0.0,0.0,1.0,0.0,0.0
truth90_validation,T3,Linear,Reference_Phys_v2_common_heavy.physical_excess_distributions.bond.all.mean,30,0.0,0.0,0.0,1.0,0.0,0.0
truth90_validation,T3,NeuralMD,Reference_Phys_v2_common_heavy.physical_excess_distributions.bond.all.mean,30,0.0,0.0,0.0,1.0,0.0,0.0
truth90_validation,T3,Linear,Reference_Phys_v2_common_heavy.physical_excess_distributions.bond.all.p50,30,0.0,0.0,0.0,1.0,0.0,0.0
truth90_validation,T3,NeuralMD,Reference_Phys_v2_common_heavy.physical_excess_distributions.bond.all.p50,30,0.0,0.0,0.0,1.0,0.0,0.0
truth90_validation,T3,Linear,Reference_Phys_v2_common_heavy.physical_excess_distributions.bond.all.p90,30,0.0,0.0,0.0,1.0,0.0,0.0
truth90_validation,T3,NeuralMD,Reference_Phys_v2_common_heavy.physical_excess_distributions.bond.all.p90,30,0.0,0.0,0.0,1.0,0.0,0.0
truth90_validation,T3,Linear,Reference_Phys_v2_common_heavy.physical_excess_distributions.bond.all.p95,30,0.0,0.0,0.0,1.0,0.0,0.0
truth90_validation,T3,NeuralMD,Reference_Phys_v2_common_heavy.physical_excess_distributions.bond.all.p95,30,0.0,0.0,0.0,1.0,0.0,0.0
truth90_validation,T3,Linear,Reference_Phys_v2_common_heavy.physical_excess_distributions.bond.all.p99,30,0.0,0.0,0.0,1.0,0.0,0.0
truth90_validation,T3,NeuralMD,Reference_Phys_v2_common_heavy.physical_excess_distributions.bond.all.p99,30,0.0,0.0,0.0,1.0,0.0,0.0
truth90_validation,T3,Linear,Reference_Phys_v2_common_heavy.physical_excess_distributions.bond.positive.count,30,0.0,0.0,0.0,1.0,0.0,0.0
truth90_validation,T3,NeuralMD,Reference_Phys_v2_common_heavy.physical_excess_distributions.bond.positive.count,30,0.0,0.0,0.0,1.0,0.0,0.0
truth90_validation,T3,Linear,Reference_Phys_v2_common_heavy.physical_excess_distributions.bond.positive.maximum,30,0.0,0.0,0.0,1.0,0.0,0.0
truth90_validation,T3,NeuralMD,Reference_Phys_v2_common_heavy.physical_excess_distributions.bond.positive.maximum,30,0.0,0.0,0.0,1.0,0.0,0.0
truth90_validation,T3,Linear,Reference_Phys_v2_common_heavy.physical_excess_distributions.bond.positive.mean,30,0.0,0.0,0.0,1.0,0.0,0.0
truth90_validation,T3,NeuralMD,Reference_Phys_v2_common_heavy.physical_excess_distributions.bond.positive.mean,30,0.0,0.0,0.0,1.0,0.0,0.0
truth90_validation,T3,Linear,Reference_Phys_v2_common_heavy.physical_excess_distributions.bond.positive.p50,30,0.0,0.0,0.0,1.0,0.0,0.0
truth90_validation,T3,NeuralMD,Reference_Phys_v2_common_heavy.physical_excess_distributions.bond.positive.p50,30,0.0,0.0,0.0,1.0,0.0,0.0
truth90_validation,T3,Linear,Reference_Phys_v2_common_heavy.physical_excess_distributions.bond.positive.p90,30,0.0,0.0,0.0,1.0,0.0,0.0
truth90_validation,T3,NeuralMD,Reference_Phys_v2_common_heavy.physical_excess_distributions.bond.positive.p90,30,0.0,0.0,0.0,1.0,0.0,0.0
truth90_validation,T3,Linear,Reference_Phys_v2_common_heavy.physical_excess_distributions.bond.positive.p95,30,0.0,0.0,0.0,1.0,0.0,0.0
truth90_validation,T3,NeuralMD,Reference_Phys_v2_common_heavy.physical_excess_distributions.bond.positive.p95,30,0.0,0.0,0.0,1.0,0.0,0.0
truth90_validation,T3,Linear,Reference_Phys_v2_common_heavy.physical_excess_distributions.bond.positive.p99,30,0.0,0.0,0.0,1.0,0.0,0.0
truth90_validation,T3,NeuralMD,Reference_Phys_v2_common_heavy.physical_excess_distributions.bond.positive.p99,30,0.0,0.0,0.0,1.0,0.0,0.0
truth90_validation,T3,Linear,Reference_Phys_v2_common_heavy.physical_excess_distributions.environment_depth_angstrom.all.count,30,0.0,0.0,0.0,1.0,0.0,0.0
truth90_validation,T3,NeuralMD,Reference_Phys_v2_common_heavy.physical_excess_distributions.environment_depth_angstrom.all.count,30,0.0,0.0,0.0,1.0,0.0,0.0
truth90_validation,T3,Linear,Reference_Phys_v2_common_heavy.physical_excess_distributions.environment_depth_angstrom.all.maximum,30,0.0,0.0,0.0,1.0,0.0,0.0
truth90_validation,T3,NeuralMD,Reference_Phys_v2_common_heavy.physical_excess_distributions.environment_depth_angstrom.all.maximum,30,0.0,0.0,0.0,1.0,0.0,0.0
truth90_validation,T3,Linear,Reference_Phys_v2_common_heavy.physical_excess_distributions.environment_depth_angstrom.all.mean,30,0.0,0.0,0.0,1.0,0.0,0.0
truth90_validation,T3,NeuralMD,Reference_Phys_v2_common_heavy.physical_excess_distributions.environment_depth_angstrom.all.mean,30,0.0,0.0,0.0,1.0,0.0,0.0
truth90_validation,T3,Linear,Reference_Phys_v2_common_heavy.physical_excess_distributions.environment_depth_angstrom.all.p50,30,0.0,0.0,0.0,1.0,0.0,0.0
truth90_validation,T3,NeuralMD,Reference_Phys_v2_common_heavy.physical_excess_distributions.environment_depth_angstrom.all.p50,30,0.0,0.0,0.0,1.0,0.0,0.0
truth90_validation,T3,Linear,Reference_Phys_v2_common_heavy.physical_excess_distributions.environment_depth_angstrom.all.p90,30,0.0,0.0,0.0,1.0,0.0,0.0
truth90_validation,T3,NeuralMD,Reference_Phys_v2_common_heavy.physical_excess_distributions.environment_depth_angstrom.all.p90,30,0.0,0.0,0.0,1.0,0.0,0.0
truth90_validation,T3,Linear,Reference_Phys_v2_common_heavy.physical_excess_distributions.environment_depth_angstrom.all.p95,30,0.0,0.0,0.0,1.0,0.0,0.0
truth90_validation,T3,NeuralMD,Reference_Phys_v2_common_heavy.physical_excess_distributions.environment_depth_angstrom.all.p95,30,0.0,0.0,0.0,1.0,0.0,0.0
truth90_validation,T3,Linear,Reference_Phys_v2_common_heavy.physical_excess_distributions.environment_depth_angstrom.all.p99,30,0.0,0.0,0.0,1.0,0.0,0.0
truth90_validation,T3,NeuralMD,Reference_Phys_v2_common_heavy.physical_excess_distributions.environment_depth_angstrom.all.p99,30,0.0,0.0,0.0,1.0,0.0,0.0
truth90_validation,T3,Linear,Reference_Phys_v2_common_heavy.physical_excess_distributions.environment_depth_angstrom.positive.count,30,0.0,0.0,0.0,1.0,0.0,0.0
truth90_validation,T3,NeuralMD,Reference_Phys_v2_common_heavy.physical_excess_distributions.environment_depth_angstrom.positive.count,30,0.0,0.0,0.0,1.0,0.0,0.0
truth90_validation,T3,Linear,Reference_Phys_v2_common_heavy.physical_excess_distributions.environment_depth_angstrom.positive.maximum,17,0.0,0.0,0.0,1.0,0.0,0.0
truth90_validation,T3,NeuralMD,Reference_Phys_v2_common_heavy.physical_excess_distributions.environment_depth_angstrom.positive.maximum,17,0.0,0.0,0.0,1.0,0.0,0.0
truth90_validation,T3,Linear,Reference_Phys_v2_common_heavy.physical_excess_distributions.environment_depth_angstrom.positive.mean,17,0.0,0.0,0.0,1.0,0.0,0.0
truth90_validation,T3,NeuralMD,Reference_Phys_v2_common_heavy.physical_excess_distributions.environment_depth_angstrom.positive.mean,17,0.0,0.0,0.0,1.0,0.0,0.0
truth90_validation,T3,Linear,Reference_Phys_v2_common_heavy.physical_excess_distributions.environment_depth_angstrom.positive.p50,17,0.0,0.0,0.0,1.0,0.0,0.0
truth90_validation,T3,NeuralMD,Reference_Phys_v2_common_heavy.physical_excess_distributions.environment_depth_angstrom.positive.p50,17,0.0,0.0,0.0,1.0,0.0,0.0
truth90_validation,T3,Linear,Reference_Phys_v2_common_heavy.physical_excess_distributions.environment_depth_angstrom.positive.p90,17,0.0,0.0,0.0,1.0,0.0,0.0
truth90_validation,T3,NeuralMD,Reference_Phys_v2_common_heavy.physical_excess_distributions.environment_depth_angstrom.positive.p90,17,0.0,0.0,0.0,1.0,0.0,0.0
truth90_validation,T3,Linear,Reference_Phys_v2_common_heavy.physical_excess_distributions.environment_depth_angstrom.positive.p95,17,0.0,0.0,0.0,1.0,0.0,0.0
truth90_validation,T3,NeuralMD,Reference_Phys_v2_common_heavy.physical_excess_distributions.environment_depth_angstrom.positive.p95,17,0.0,0.0,0.0,1.0,0.0,0.0
truth90_validation,T3,Linear,Reference_Phys_v2_common_heavy.physical_excess_distributions.environment_depth_angstrom.positive.p99,17,0.0,0.0,0.0,1.0,0.0,0.0
truth90_validation,T3,NeuralMD,Reference_Phys_v2_common_heavy.physical_excess_distributions.environment_depth_angstrom.positive.p99,17,0.0,0.0,0.0,1.0,0.0,0.0
truth90_validation,T3,Linear,Reference_Phys_v2_common_heavy.physical_excess_distributions.self_depth_angstrom.all.count,30,0.0,0.0,0.0,1.0,0.0,0.0
truth90_validation,T3,NeuralMD,Reference_Phys_v2_common_heavy.physical_excess_distributions.self_depth_angstrom.all.count,30,0.0,0.0,0.0,1.0,0.0,0.0
truth90_validation,T3,Linear,Reference_Phys_v2_common_heavy.physical_excess_distributions.self_depth_angstrom.all.maximum,30,0.0,0.0,0.0,1.0,0.0,0.0
truth90_validation,T3,NeuralMD,Reference_Phys_v2_common_heavy.physical_excess_distributions.self_depth_angstrom.all.maximum,30,0.0,0.0,0.0,1.0,0.0,0.0
truth90_validation,T3,Linear,Reference_Phys_v2_common_heavy.physical_excess_distributions.self_depth_angstrom.all.mean,30,0.0,0.0,0.0,1.0,0.0,0.0
truth90_validation,T3,NeuralMD,Reference_Phys_v2_common_heavy.physical_excess_distributions.self_depth_angstrom.all.mean,30,0.0,0.0,0.0,1.0,0.0,0.0
truth90_validation,T3,Linear,Reference_Phys_v2_common_heavy.physical_excess_distributions.self_depth_angstrom.all.p50,30,0.0,0.0,0.0,1.0,0.0,0.0
truth90_validation,T3,NeuralMD,Reference_Phys_v2_common_heavy.physical_excess_distributions.self_depth_angstrom.all.p50,30,0.0,0.0,0.0,1.0,0.0,0.0
truth90_validation,T3,Linear,Reference_Phys_v2_common_heavy.physical_excess_distributions.self_depth_angstrom.all.p90,30,0.0,0.0,0.0,1.0,0.0,0.0
truth90_validation,T3,NeuralMD,Reference_Phys_v2_common_heavy.physical_excess_distributions.self_depth_angstrom.all.p90,30,0.0,0.0,0.0,1.0,0.0,0.0
truth90_validation,T3,Linear,Reference_Phys_v2_common_heavy.physical_excess_distributions.self_depth_angstrom.all.p95,30,0.0,0.0,0.0,1.0,0.0,0.0
truth90_validation,T3,NeuralMD,Reference_Phys_v2_common_heavy.physical_excess_distributions.self_depth_angstrom.all.p95,30,0.0,0.0,0.0,1.0,0.0,0.0
truth90_validation,T3,Linear,Reference_Phys_v2_common_heavy.physical_excess_distributions.self_depth_angstrom.all.p99,30,0.0,0.0,0.0,1.0,0.0,0.0
truth90_validation,T3,NeuralMD,Reference_Phys_v2_common_heavy.physical_excess_distributions.self_depth_angstrom.all.p99,30,0.0,0.0,0.0,1.0,0.0,0.0
truth90_validation,T3,Linear,Reference_Phys_v2_common_heavy.physical_excess_distributions.self_depth_angstrom.positive.count,30,0.0,0.0,0.0,1.0,0.0,0.0
truth90_validation,T3,NeuralMD,Reference_Phys_v2_common_heavy.physical_excess_distributions.self_depth_angstrom.positive.count,30,0.0,0.0,0.0,1.0,0.0,0.0
truth90_validation,T3,Linear,Reference_Phys_v2_common_heavy.windows.early.valid_frame_fraction,30,0.0,0.0,0.0,1.0,0.0,0.0
truth90_validation,T3,NeuralMD,Reference_Phys_v2_common_heavy.windows.early.valid_frame_fraction,30,0.0,0.0,0.0,1.0,0.0,0.0
truth90_validation,T3,Linear,Reference_Phys_v2_common_heavy.windows.late.valid_frame_fraction,30,0.0,0.0,0.0,1.0,0.0,0.0
truth90_validation,T3,NeuralMD,Reference_Phys_v2_common_heavy.windows.late.valid_frame_fraction,30,0.0,0.0,0.0,1.0,0.0,0.0
truth90_validation,T3,Linear,Reference_Phys_v2_common_heavy.windows.middle.valid_frame_fraction,30,0.0,0.0,0.0,1.0,0.0,0.0
truth90_validation,T3,NeuralMD,Reference_Phys_v2_common_heavy.windows.middle.valid_frame_fraction,30,0.0,0.0,0.0,1.0,0.0,0.0
truth90_validation,T3,Linear,Stab.early.end_ps,30,0.0,0.0,0.0,1.0,0.0,0.0
truth90_validation,T3,NeuralMD,Stab.early.end_ps,30,0.0,0.0,0.0,1.0,0.0,0.0
truth90_validation,T3,Linear,Stab.early.geometry.angle_mean_squared_excess,30,-0.06059442814390713,-0.04712327563450075,1.0,0.0,-0.07569309398192244,-0.04715136121802775
truth90_validation,T3,NeuralMD,Stab.early.geometry.angle_mean_squared_excess,30,-3.232405357352478e-05,6.515959117931184e-09,0.23333333333333334,0.06666666666666667,-0.00012459667081864609,1.9141730819242944e-05
truth90_validation,T3,Linear,Stab.early.geometry.angle_violations,30,-29.504938271604935,-22.425925925925924,1.0,0.0,-37.74237654320988,-22.450401234567916
truth90_validation,T3,NeuralMD,Stab.early.geometry.angle_violations,30,5.1320987654321,0.888888888888889,0.1,0.06666666666666667,1.7074074074074075,9.13722222222222
truth90_validation,T3,Linear,Stab.early.geometry.assessed_geometry_valid,30,0.4654320987654321,0.4814814814814815,0.0,0.3,0.3147839506172839,0.6123456790123458
truth90_validation,T3,NeuralMD,Stab.early.geometry.assessed_geometry_valid,30,-0.028395061728395062,-0.05555555555555555,0.5666666666666667,0.03333333333333333,-0.15555555555555556,0.09756172839506158
truth90_validation,T3,Linear,Stab.early.geometry.bond_mean_squared_excess,30,-5.3490978822847275,-3.737308688244266,1.0,0.0,-7.313775511009031,-3.4892373361782982
truth90_validation,T3,NeuralMD,Stab.early.geometry.bond_mean_squared_excess,30,-0.00012570370016135,-1.4295090045157736e-05,0.9666666666666667,0.0,-0.00022568354768531316,-4.4461013820628087e-05
truth90_validation,T3,Linear,Stab.early.geometry.bond_violations,30,-29.935802469135798,-24.0,1.0,0.0,-37.79592592592593,-22.776604938271618
truth90_validation,T3,NeuralMD,Stab.early.geometry.bond_violations,30,5.146913580246913,0.8703703703703703,0.3333333333333333,0.03333333333333333,2.0338580246913582,9.12598765432099
truth90_validation,T3,Linear,Stab.early.geometry.ligand_environment_overlap_violations,30,-3.4691358024691357,-2.2962962962962963,0.9333333333333333,0.03333333333333333,-4.6557098765432094,-2.4591975308641985
truth90_validation,T3,NeuralMD,Stab.early.geometry.ligand_environment_overlap_violations,30,0.06049382716049382,0.0,0.0,0.7333333333333333,0.01111111111111111,0.14324074074074059
truth90_validation,T3,Linear,Stab.early.geometry.ligand_self_overlap_violations,30,-0.10987654320987655,0.0,0.13333333333333333,0.8666666666666667,-0.2419753086419753,-0.006172839506172839
truth90_validation,T3,NeuralMD,Stab.early.geometry.ligand_self_overlap_violations,30,0.0,0.0,0.0,1.0,0.0,0.0
truth90_validation,T3,Linear,Stab.early.geometry.local_configuration_flips,30,-0.12222222222222223,0.0,0.3333333333333333,0.6666666666666666,-0.20867283950617285,-0.050617283950617285
truth90_validation,T3,NeuralMD,Stab.early.geometry.local_configuration_flips,30,0.01604938271604938,0.0,0.0,0.8,0.0037037037037037034,0.030895061728394894
truth90_validation,T3,Linear,Stab.early.geometry.severe_overlap_mean_squared,30,-0.01565910629872699,-0.0101751982937597,0.9333333333333333,0.03333333333333333,-0.021461938570088063,-0.010291263025152368
truth90_validation,T3,NeuralMD,Stab.early.geometry.severe_overlap_mean_squared,30,7.452579830668722e-05,0.0,0.0,0.7333333333333333,6.224376688194014e-06,0.00019419614001684002
truth90_validation,T3,Linear,Stab.early.predicted_step_rms_angstrom,30,0.8050910352734121,0.6542618442745187,0.0,0.0,0.618662439306619,1.0356292267219103
truth90_validation,T3,NeuralMD,Stab.early.predicted_step_rms_angstrom,30,1.1519029824298859,0.9153912219461852,0.0,0.0,0.9128656777598216,1.4626256715616675
truth90_validation,T3,Linear,Stab.early.reference_geometry.angle_mean_squared_excess,30,0.0,0.0,0.0,1.0,0.0,0.0
truth90_validation,T3,NeuralMD,Stab.early.reference_geometry.angle_mean_squared_excess,30,3.438280555770066e-06,2.852591360691439e-06,0.06666666666666667,0.1,2.2159800618312104e-06,4.79430486938799e-06
truth90_validation,T3,Linear,Stab.early.reference_geometry.angle_violations,30,0.0,0.0,0.0,1.0,0.0,0.0
truth90_validation,T3,NeuralMD,Stab.early.reference_geometry.angle_violations,30,0.2987654320987654,0.2222222222222222,0.0,0.1,0.2012345679012346,0.4111419753086419
truth90_validation,T3,Linear,Stab.early.reference_geometry.assessed_geometry_valid,30,0.0,0.0,0.0,1.0,0.0,0.0
truth90_validation,T3,NeuralMD,Stab.early.reference_geometry.assessed_geometry_valid,30,-0.15555555555555553,-0.12962962962962965,0.9,0.1,-0.19876543209876543,-0.11481481481481483
truth90_validation,T3,Linear,Stab.early.reference_geometry.bond_mean_squared_excess,30,0.0,0.0,0.0,1.0,0.0,0.0
truth90_validation,T3,NeuralMD,Stab.early.reference_geometry.bond_mean_squared_excess,30,-3.764190705083374e-07,-1.6235373835563446e-07,0.8666666666666667,0.13333333333333333,-5.514837536437622e-07,-2.2706215625447912e-07
truth90_validation,T3,Linear,Stab.early.reference_geometry.bond_violations,30,0.0,0.0,0.0,1.0,0.0,0.0
truth90_validation,T3,NeuralMD,Stab.early.reference_geometry.bond_violations,30,0.0,0.0,0.0,1.0,0.0,0.0
truth90_validation,T3,Linear,Stab.early.reference_geometry.ligand_environment_overlap_violations,30,0.0,0.0,0.0,1.0,0.0,0.0
truth90_validation,T3,NeuralMD,Stab.early.reference_geometry.ligand_environment_overlap_violations,30,0.0,0.0,0.0,1.0,0.0,0.0
truth90_validation,T3,Linear,Stab.early.reference_geometry.ligand_self_overlap_violations,30,0.0,0.0,0.0,1.0,0.0,0.0
truth90_validation,T3,NeuralMD,Stab.early.reference_geometry.ligand_self_overlap_violations,30,0.0,0.0,0.0,1.0,0.0,0.0
truth90_validation,T3,Linear,Stab.early.reference_geometry.local_configuration_flips,30,0.0,0.0,0.0,1.0,0.0,0.0
truth90_validation,T3,NeuralMD,Stab.early.reference_geometry.local_configuration_flips,30,0.0,0.0,0.0,1.0,0.0,0.0
truth90_validation,T3,Linear,Stab.early.reference_geometry.severe_overlap_mean_squared,30,0.0,0.0,0.0,1.0,0.0,0.0
truth90_validation,T3,NeuralMD,Stab.early.reference_geometry.severe_overlap_mean_squared,30,6.804163654882301e-10,0.0,0.03333333333333333,0.9333333333333333,-5.954717361561501e-12,2.0472038138262517e-09
truth90_validation,T3,Linear,Stab.early.rmsd_angstrom,30,-4.001436445172649,-2.887160254938066,1.0,0.0,-5.711705996868855,-2.760715591150785
truth90_validation,T3,NeuralMD,Stab.early.rmsd_angstrom,30,0.1122320295557793,0.12618835050319088,0.3,0.0,-0.01583330538891108,0.25316860626067295
truth90_validation,T3,Linear,Stab.early.start_ps,30,0.0,0.0,0.0,1.0,0.0,0.0
truth90_validation,T3,NeuralMD,Stab.early.start_ps,30,0.0,0.0,0.0,1.0,0.0,0.0
truth90_validation,T3,Linear,Stab.early.true_step_rms_angstrom,30,0.0,0.0,0.0,1.0,0.0,0.0
truth90_validation,T3,NeuralMD,Stab.early.true_step_rms_angstrom,30,0.0,0.0,0.0,1.0,0.0,0.0
truth90_validation,T3,Linear,Stab.late.end_ps,30,0.0,0.0,0.0,1.0,0.0,0.0
truth90_validation,T3,NeuralMD,Stab.late.end_ps,30,0.0,0.0,0.0,1.0,0.0,0.0
truth90_validation,T3,Linear,Stab.late.geometry.angle_mean_squared_excess,30,-0.22276425420514434,-0.21825385994090635,1.0,0.0,-0.24470284101055959,-0.19852093282828867
truth90_validation,T3,NeuralMD,Stab.late.geometry.angle_mean_squared_excess,30,-0.005318037305801247,-0.0007553754811308359,0.8333333333333334,0.0,-0.013068036910356375,-0.0007967322793866078
truth90_validation,T3,Linear,Stab.late.geometry.angle_violations,30,-41.743589743589745,-34.730769230769226,1.0,0.0,-51.9625,-32.80894230769231
truth90_validation,T3,NeuralMD,Stab.late.geometry.angle_violations,30,4.057692307692308,-0.9230769230769235,0.6333333333333333,0.0,-0.35650641025641067,10.199006410256402
truth90_validation,T3,Linear,Stab.late.geometry.assessed_geometry_valid,30,0.3333333333333333,0.038461538461538464,0.0,0.5,0.19612179487179487,0.48592948717948703
truth90_validation,T3,NeuralMD,Stab.late.geometry.assessed_geometry_valid,30,0.3333333333333333,0.038461538461538464,0.0,0.5,0.19358974358974362,0.48592948717948703
truth90_validation,T3,Linear,Stab.late.geometry.bond_mean_squared_excess,30,-108.33880498370127,-75.27737246923402,1.0,0.0,-147.93276617977554,-74.43344631166408
truth90_validation,T3,NeuralMD,Stab.late.geometry.bond_mean_squared_excess,30,-0.008771489094600713,-0.0018985414102674829,1.0,0.0,-0.015668366680901193,-0.0036836230085274817
truth90_validation,T3,Linear,Stab.late.geometry.bond_violations,30,-33.08461538461539,-27.923076923076923,1.0,0.0,-40.88394230769231,-26.410224358974364
truth90_validation,T3,NeuralMD,Stab.late.geometry.bond_violations,30,-0.6038461538461536,-3.596153846153846,0.7333333333333333,0.0,-4.245128205128206,3.8157692307692295
truth90_validation,T3,Linear,Stab.late.geometry.ligand_environment_overlap_violations,30,-5.901282051282052,-4.153846153846153,0.8666666666666667,0.1,-7.96673076923077,-4.017820512820514
truth90_validation,T3,NeuralMD,Stab.late.geometry.ligand_environment_overlap_violations,30,0.33333333333333326,0.0,0.0,0.6666666666666666,0.04099358974358974,0.8705128205128204
truth90_validation,T3,Linear,Stab.late.geometry.ligand_self_overlap_violations,30,-0.10897435897435898,0.0,0.16666666666666666,0.8333333333333334,-0.23205128205128203,-0.015384615384615385
truth90_validation,T3,NeuralMD,Stab.late.geometry.ligand_self_overlap_violations,30,0.0,0.0,0.0,1.0,0.0,0.0
truth90_validation,T3,Linear,Stab.late.geometry.local_configuration_flips,30,-1.0743589743589743,-0.75,0.5666666666666667,0.3333333333333333,-1.5782371794871795,-0.6153205128205131
truth90_validation,T3,NeuralMD,Stab.late.geometry.local_configuration_flips,30,0.1628205128205128,0.0,0.0,0.6,0.03076923076923077,0.3423397435897434
truth90_validation,T3,Linear,Stab.late.geometry.severe_overlap_mean_squared,30,-0.028717997488202536,-0.02161298954595127,0.8666666666666667,0.1,-0.037567927088997886,-0.01958653313009135
truth90_validation,T3,NeuralMD,Stab.late.geometry.severe_overlap_mean_squared,30,0.0005099383067048866,0.0,0.0,0.6666666666666666,6.489185154545036e-05,0.0013183981951307763
truth90_validation,T3,Linear,Stab.late.predicted_step_rms_angstrom,30,0.9707867171272936,0.7143789457296592,0.06666666666666667,0.0,0.6805445640089285,1.3091646546997138
truth90_validation,T3,NeuralMD,Stab.late.predicted_step_rms_angstrom,30,1.3179418682341646,1.0463849807324503,0.0,0.0,0.9858481939352668,1.7780806261272566
truth90_validation,T3,Linear,Stab.late.reference_geometry.angle_mean_squared_excess,30,0.0,0.0,0.0,1.0,0.0,0.0
truth90_validation,T3,NeuralMD,Stab.late.reference_geometry.angle_mean_squared_excess,30,2.836620136454505e-06,2.867040321267274e-06,0.16666666666666666,0.06666666666666667,1.5344601187063379e-06,4.241754377502261e-06
truth90_validation,T3,Linear,Stab.late.reference_geometry.angle_violations,30,0.0,0.0,0.0,1.0,0.0,0.0
truth90_validation,T3,NeuralMD,Stab.late.reference_geometry.angle_violations,30,0.3012820512820512,0.21153846153846154,0.0,0.1,0.20256410256410257,0.4141025641025641
truth90_validation,T3,Linear,Stab.late.reference_geometry.assessed_geometry_valid,30,0.0,0.0,0.0,1.0,0.0,0.0
truth90_validation,T3,NeuralMD,Stab.late.reference_geometry.assessed_geometry_valid,30,-0.1666666666666667,-0.11538461538461542,0.8333333333333334,0.16666666666666666,-0.21923076923076923,-0.1153846153846154
truth90_validation,T3,Linear,Stab.late.reference_geometry.bond_mean_squared_excess,30,0.0,0.0,0.0,1.0,0.0,0.0
truth90_validation,T3,NeuralMD,Stab.late.reference_geometry.bond_mean_squared_excess,30,-2.7079967430860126e-07,-1.276472861519096e-07,0.9,0.1,-4.050868981610861e-07,-1.5804748840998934e-07
truth90_validation,T3,Linear,Stab.late.reference_geometry.bond_violations,30,0.0,0.0,0.0,1.0,0.0,0.0
truth90_validation,T3,NeuralMD,Stab.late.reference_geometry.bond_violations,30,0.0,0.0,0.0,1.0,0.0,0.0
truth90_validation,T3,Linear,Stab.late.reference_geometry.ligand_environment_overlap_violations,30,0.0,0.0,0.0,1.0,0.0,0.0
truth90_validation,T3,NeuralMD,Stab.late.reference_geometry.ligand_environment_overlap_violations,30,0.0,0.0,0.0,1.0,0.0,0.0
truth90_validation,T3,Linear,Stab.late.reference_geometry.ligand_self_overlap_violations,30,0.0,0.0,0.0,1.0,0.0,0.0
truth90_validation,T3,NeuralMD,Stab.late.reference_geometry.ligand_self_overlap_violations,30,0.0,0.0,0.0,1.0,0.0,0.0
truth90_validation,T3,Linear,Stab.late.reference_geometry.local_configuration_flips,30,0.0,0.0,0.0,1.0,0.0,0.0
truth90_validation,T3,NeuralMD,Stab.late.reference_geometry.local_configuration_flips,30,0.0,0.0,0.0,1.0,0.0,0.0
truth90_validation,T3,Linear,Stab.late.reference_geometry.severe_overlap_mean_squared,30,0.0,0.0,0.0,1.0,0.0,0.0
truth90_validation,T3,NeuralMD,Stab.late.reference_geometry.severe_overlap_mean_squared,30,-6.236789130020385e-10,0.0,0.06666666666666667,0.8666666666666667,-7.49648216225904e-09,5.5972864808323474e-09
truth90_validation,T3,Linear,Stab.late.rmsd_angstrom,30,-21.923813193238267,-15.50664046104933,1.0,0.0,-31.08181476393538,-15.647280854728535
truth90_validation,T3,NeuralMD,Stab.late.rmsd_angstrom,30,0.09704008764299239,0.11624303832686811,0.4,0.0,-0.18328616489925695,0.39509460591426215
truth90_validation,T3,Linear,Stab.late.start_ps,30,0.0,0.0,0.0,1.0,0.0,0.0
truth90_validation,T3,NeuralMD,Stab.late.start_ps,30,0.0,0.0,0.0,1.0,0.0,0.0
truth90_validation,T3,Linear,Stab.late.true_step_rms_angstrom,30,0.0,0.0,0.0,1.0,0.0,0.0
truth90_validation,T3,NeuralMD,Stab.late.true_step_rms_angstrom,30,0.0,0.0,0.0,1.0,0.0,0.0
truth90_validation,T3,Linear,Stab.middle.end_ps,30,0.0,0.0,0.0,1.0,0.0,0.0
truth90_validation,T3,NeuralMD,Stab.middle.end_ps,30,0.0,0.0,0.0,1.0,0.0,0.0
truth90_validation,T3,Linear,Stab.middle.geometry.angle_mean_squared_excess,30,-0.1693288866639091,-0.16841413961755794,1.0,0.0,-0.18953473634871787,-0.14880093524924898
truth90_validation,T3,NeuralMD,Stab.middle.geometry.angle_mean_squared_excess,30,-0.001377196950276956,-2.428343375933033e-05,0.6666666666666666,0.03333333333333333,-0.003730062711691943,-3.292430627276089e-05
truth90_validation,T3,Linear,Stab.middle.geometry.angle_violations,30,-41.329629629629636,-33.907407407407405,1.0,0.0,-51.75268518518519,-32.70364197530864
truth90_validation,T3,NeuralMD,Stab.middle.geometry.angle_violations,30,6.511111111111112,0.7962962962962963,0.36666666666666664,0.03333333333333333,2.1481172839506173,12.28904320987654
truth90_validation,T3,Linear,Stab.middle.geometry.assessed_geometry_valid,30,0.38641975308641974,0.14814814814814814,0.0,0.3333333333333333,0.24444444444444444,0.5296296296296297
truth90_validation,T3,NeuralMD,Stab.middle.geometry.assessed_geometry_valid,30,0.38641975308641974,0.14814814814814814,0.0,0.3333333333333333,0.24070987654320988,0.5346296296296293
truth90_validation,T3,Linear,Stab.middle.geometry.bond_mean_squared_excess,30,-39.56222511404943,-27.46357970567377,1.0,0.0,-53.372110770755825,-26.036005608045492
truth90_validation,T3,NeuralMD,Stab.middle.geometry.bond_mean_squared_excess,30,-0.0021523856821432314,-0.0004534140757162943,1.0,0.0,-0.0038399544674233136,-0.0008753237678411007
truth90_validation,T3,Linear,Stab.middle.geometry.bond_violations,30,-33.474074074074075,-27.87037037037037,1.0,0.0,-41.617407407407406,-26.062870370370373
truth90_validation,T3,NeuralMD,Stab.middle.geometry.bond_violations,30,2.471604938271605,-1.5740740740740742,0.5666666666666667,0.0,-1.349506172839506,7.047067901234568
truth90_validation,T3,Linear,Stab.middle.geometry.ligand_environment_overlap_violations,30,-5.848148148148149,-5.666666666666667,0.9,0.1,-7.5481790123456785,-4.332067901234567
truth90_validation,T3,NeuralMD,Stab.middle.geometry.ligand_environment_overlap_violations,30,0.37654320987654327,0.0,0.0,0.6666666666666666,0.02095679012345679,1.0234567901234568
truth90_validation,T3,Linear,Stab.middle.geometry.ligand_self_overlap_violations,30,-0.274074074074074,0.0,0.2,0.8,-0.5345987654320988,-0.06296296296296296
truth90_validation,T3,NeuralMD,Stab.middle.geometry.ligand_self_overlap_violations,30,0.0012345679012345679,0.0,0.0,0.9666666666666667,0.0,0.0037037037037037034
truth90_validation,T3,Linear,Stab.middle.geometry.local_configuration_flips,30,-0.6592592592592593,-0.07407407407407407,0.5,0.43333333333333335,-1.0259567901234568,-0.3443518518518523
truth90_validation,T3,NeuralMD,Stab.middle.geometry.local_configuration_flips,30,0.10246913580246915,0.0,0.0,0.6,0.02589506172839506,0.21604938271604943
truth90_validation,T3,Linear,Stab.middle.geometry.severe_overlap_mean_squared,30,-0.028867427413635245,-0.021666328870201385,0.9,0.1,-0.03808959052999511,-0.020287238101231807
truth90_validation,T3,NeuralMD,Stab.middle.geometry.severe_overlap_mean_squared,30,0.0005021950366027916,0.0,0.0,0.6666666666666666,2.2095096796139983e-05,0.0013359400077796694
truth90_validation,T3,Linear,Stab.middle.predicted_step_rms_angstrom,30,0.9667771942338897,0.7186248926024725,0.0,0.0,0.6720700183495445,1.3327922795668976
truth90_validation,T3,NeuralMD,Stab.middle.predicted_step_rms_angstrom,30,1.313834080947809,0.9797610649966061,0.0,0.0,0.9793066835883211,1.784205041965304
truth90_validation,T3,Linear,Stab.middle.reference_geometry.angle_mean_squared_excess,30,0.0,0.0,0.0,1.0,0.0,0.0
truth90_validation,T3,NeuralMD,Stab.middle.reference_geometry.angle_mean_squared_excess,30,6.352177411265565e-06,2.8899415020920886e-06,0.03333333333333333,0.06666666666666667,2.7019888391623665e-06,1.2200753182807621e-05
truth90_validation,T3,Linear,Stab.middle.reference_geometry.angle_violations,30,0.0,0.0,0.0,1.0,0.0,0.0
truth90_validation,T3,NeuralMD,Stab.middle.reference_geometry.angle_violations,30,0.34320987654320995,0.2037037037037037,0.0,0.06666666666666667,0.2271604938271605,0.4814814814814815
truth90_validation,T3,Linear,Stab.middle.reference_geometry.assessed_geometry_valid,30,0.0,0.0,0.0,1.0,0.0,0.0
truth90_validation,T3,NeuralMD,Stab.middle.reference_geometry.assessed_geometry_valid,30,-0.1888888888888889,-0.12962962962962965,0.9333333333333333,0.06666666666666667,-0.24320987654320983,-0.137037037037037
truth90_validation,T3,Linear,Stab.middle.reference_geometry.bond_mean_squared_excess,30,0.0,0.0,0.0,1.0,0.0,0.0
truth90_validation,T3,NeuralMD,Stab.middle.reference_geometry.bond_mean_squared_excess,30,-1.5331686629692394e-07,-9.532379371612504e-08,0.8666666666666667,0.13333333333333333,-2.2320922768966884e-07,-9.435735514698864e-08
truth90_validation,T3,Linear,Stab.middle.reference_geometry.bond_violations,30,0.0,0.0,0.0,1.0,0.0,0.0
truth90_validation,T3,NeuralMD,Stab.middle.reference_geometry.bond_violations,30,0.0,0.0,0.0,1.0,0.0,0.0
truth90_validation,T3,Linear,Stab.middle.reference_geometry.ligand_environment_overlap_violations,30,0.0,0.0,0.0,1.0,0.0,0.0
truth90_validation,T3,NeuralMD,Stab.middle.reference_geometry.ligand_environment_overlap_violations,30,0.0,0.0,0.0,1.0,0.0,0.0
truth90_validation,T3,Linear,Stab.middle.reference_geometry.ligand_self_overlap_violations,30,0.0,0.0,0.0,1.0,0.0,0.0
truth90_validation,T3,NeuralMD,Stab.middle.reference_geometry.ligand_self_overlap_violations,30,0.0,0.0,0.0,1.0,0.0,0.0
truth90_validation,T3,Linear,Stab.middle.reference_geometry.local_configuration_flips,30,0.0,0.0,0.0,1.0,0.0,0.0
truth90_validation,T3,NeuralMD,Stab.middle.reference_geometry.local_configuration_flips,30,0.0,0.0,0.0,1.0,0.0,0.0
truth90_validation,T3,Linear,Stab.middle.reference_geometry.severe_overlap_mean_squared,30,0.0,0.0,0.0,1.0,0.0,0.0
truth90_validation,T3,NeuralMD,Stab.middle.reference_geometry.severe_overlap_mean_squared,30,-6.517326786538089e-10,0.0,0.03333333333333333,0.9333333333333333,-7.60429832637622e-09,5.6491002904147936e-09
truth90_validation,T3,Linear,Stab.middle.rmsd_angstrom,30,-12.957166047505034,-8.974565113299812,1.0,0.0,-17.942575382000587,-9.25020622047062
truth90_validation,T3,NeuralMD,Stab.middle.rmsd_angstrom,30,0.07476711742154749,0.06060173931625035,0.43333333333333335,0.0,-0.1480733066716097,0.3414609932344002
truth90_validation,T3,Linear,Stab.middle.start_ps,30,0.0,0.0,0.0,1.0,0.0,0.0
truth90_validation,T3,NeuralMD,Stab.middle.start_ps,30,0.0,0.0,0.0,1.0,0.0,0.0
truth90_validation,T3,Linear,Stab.middle.true_step_rms_angstrom,30,0.0,0.0,0.0,1.0,0.0,0.0
truth90_validation,T3,NeuralMD,Stab.middle.true_step_rms_angstrom,30,0.0,0.0,0.0,1.0,0.0,0.0
